Commodity,Detailed_Comm_code,Detailed_Comm_Name,Abstract_Comm_code,Abstract_Comm_Name
 Iron & Steel,1,Steel & Metal,1,Steel & Metal
(IRON) LOAD ,1,Steel & Metal,1,Steel & Metal
ALCABINIA IRON,1,Steel & Metal,1,Steel & Metal
ALLUMINIUM,1,Steel & Metal,1,Steel & Metal
ALMONIUM,1,Steel & Metal,1,Steel & Metal
ALMUNIAM,1,Steel & Metal,1,Steel & Metal
ALUMINI,1,Steel & Metal,1,Steel & Metal
ALUMINIUMWIRE,1,Steel & Metal,1,Steel & Metal
ALUMINIYAM,1,Steel & Metal,1,Steel & Metal
ALUMINUIM,1,Steel & Metal,1,Steel & Metal
ALUMINUM,1,Steel & Metal,1,Steel & Metal
ANGALE,1,Steel & Metal,1,Steel & Metal
ANGLE,1,Steel & Metal,1,Steel & Metal
BLACK COIL,1,Steel & Metal,1,Steel & Metal
BLACK COIL ,1,Steel & Metal,1,Steel & Metal
BLADE,1,Steel & Metal,1,Steel & Metal
BOLT ITEMS,1,Steel & Metal,1,Steel & Metal
BOLTS ,1,Steel & Metal,1,Steel & Metal
BRASS,1,Steel & Metal,1,Steel & Metal
BUNDLE,1,Steel & Metal,1,Steel & Metal
CHAKKI,1,Steel & Metal,1,Steel & Metal
CHAKKI PATTA,1,Steel & Metal,1,Steel & Metal
CHENAL,1,Steel & Metal,1,Steel & Metal
COAL PLATE,1,Steel & Metal,1,Steel & Metal
COIL,1,Steel & Metal,1,Steel & Metal
COPER,1,Steel & Metal,1,Steel & Metal
COPPER,1,Steel & Metal,1,Steel & Metal
COPPER ITEM,1,Steel & Metal,1,Steel & Metal
ELECTRIC POLLS,1,Steel & Metal,1,Steel & Metal
ENGAL,1,Steel & Metal,1,Steel & Metal
ENGALE,1,Steel & Metal,1,Steel & Metal
ESPAT,1,Steel & Metal,1,Steel & Metal
FOLD PIPE LOHA,1,Steel & Metal,1,Steel & Metal
GARATER,1,Steel & Metal,1,Steel & Metal
GATAR LOHA,1,Steel & Metal,1,Steel & Metal
GATTE,1,Steel & Metal,1,Steel & Metal
GOLD,1,Steel & Metal,1,Steel & Metal
GRIL,1,Steel & Metal,1,Steel & Metal
HEAVY METAL,1,Steel & Metal,1,Steel & Metal
HEAVY METAL BARS,1,Steel & Metal,1,Steel & Metal
HMT METAL,1,Steel & Metal,1,Steel & Metal
IEON PIPE,1,Steel & Metal,1,Steel & Metal
IEONROD,1,Steel & Metal,1,Steel & Metal
ION SCRAP,1,Steel & Metal,1,Steel & Metal
IORN,1,Steel & Metal,1,Steel & Metal
IORN ,1,Steel & Metal,1,Steel & Metal
IORN GATAR,1,Steel & Metal,1,Steel & Metal
IORN PIPE,1,Steel & Metal,1,Steel & Metal
IORN ROD,1,Steel & Metal,1,Steel & Metal
IRIN ROD,1,Steel & Metal,1,Steel & Metal
IRIN WIRE,1,Steel & Metal,1,Steel & Metal
IRO,1,Steel & Metal,1,Steel & Metal
IRO PETI,1,Steel & Metal,1,Steel & Metal
IROM,1,Steel & Metal,1,Steel & Metal
IRON,1,Steel & Metal,1,Steel & Metal
IRON ,1,Steel & Metal,1,Steel & Metal
IRON  ,1,Steel & Metal,1,Steel & Metal
IRON  SHEET,1,Steel & Metal,1,Steel & Metal
IRON 2,1,Steel & Metal,1,Steel & Metal
IRON BARS,1,Steel & Metal,1,Steel & Metal
IRON BEDS,1,Steel & Metal,1,Steel & Metal
Iron Beem,1,Steel & Metal,1,Steel & Metal
IRON BELT,1,Steel & Metal,1,Steel & Metal
iron benchs,1,Steel & Metal,1,Steel & Metal
IRON BLADE,1,Steel & Metal,1,Steel & Metal
IRON BLED,1,Steel & Metal,1,Steel & Metal
IRON BOAL,1,Steel & Metal,1,Steel & Metal
IRON BOALT,1,Steel & Metal,1,Steel & Metal
IRON BOLAT,1,Steel & Metal,1,Steel & Metal
IRON BOX,1,Steel & Metal,1,Steel & Metal
IRON BUNDELS,1,Steel & Metal,1,Steel & Metal
IRON CHADAR,1,Steel & Metal,1,Steel & Metal
IRON CHADDAR,1,Steel & Metal,1,Steel & Metal
IRON CHADER,1,Steel & Metal,1,Steel & Metal
IRON COAL,1,Steel & Metal,1,Steel & Metal
IRON COIL,1,Steel & Metal,1,Steel & Metal
IRON DOOR,1,Steel & Metal,1,Steel & Metal
IRON DRUM,1,Steel & Metal,1,Steel & Metal
IRON ENGAL,1,Steel & Metal,1,Steel & Metal
IRON ENGALE,1,Steel & Metal,1,Steel & Metal
IRON ENGLE,1,Steel & Metal,1,Steel & Metal
IRON GATAR,1,Steel & Metal,1,Steel & Metal
IRON GATE,1,Steel & Metal,1,Steel & Metal
IRON GATER,1,Steel & Metal,1,Steel & Metal
IRON ITEM,1,Steel & Metal,1,Steel & Metal
IRON ITEMS,1,Steel & Metal,1,Steel & Metal
IRON JALI,1,Steel & Metal,1,Steel & Metal
IRON KABAD,1,Steel & Metal,1,Steel & Metal
IRON LARGE PIPES,1,Steel & Metal,1,Steel & Metal
IRON LOAD,1,Steel & Metal,1,Steel & Metal
IRON MACHINE,1,Steel & Metal,1,Steel & Metal
IRON MAGNET,1,Steel & Metal,1,Steel & Metal
IRON MATERIAL,1,Steel & Metal,1,Steel & Metal
IRON MITTI,1,Steel & Metal,1,Steel & Metal
IRON PALTE,1,Steel & Metal,1,Steel & Metal
IRON PAPER,1,Steel & Metal,1,Steel & Metal
IRON PART,1,Steel & Metal,1,Steel & Metal
IRON PARTS,1,Steel & Metal,1,Steel & Metal
IRON PARY,1,Steel & Metal,1,Steel & Metal
IRON PATTI,1,Steel & Metal,1,Steel & Metal
IRON PETI,1,Steel & Metal,1,Steel & Metal
IRON PETI BOX,1,Steel & Metal,1,Steel & Metal
IRON PIE,1,Steel & Metal,1,Steel & Metal
IRON PILOR,1,Steel & Metal,1,Steel & Metal
IRON PIPE,1,Steel & Metal,1,Steel & Metal
IRON PIPE ,1,Steel & Metal,1,Steel & Metal
IRON PIPES,1,Steel & Metal,1,Steel & Metal
IRON PIPIE,1,Steel & Metal,1,Steel & Metal
IRON PIPR,1,Steel & Metal,1,Steel & Metal
IRON PLAT,1,Steel & Metal,1,Steel & Metal
IRON PLATE,1,Steel & Metal,1,Steel & Metal
IRON PLATES,1,Steel & Metal,1,Steel & Metal
IRON PLET,1,Steel & Metal,1,Steel & Metal
IRON POLE,1,Steel & Metal,1,Steel & Metal
IRON POLES,1,Steel & Metal,1,Steel & Metal
IRON POLL,1,Steel & Metal,1,Steel & Metal
IRON RAD,1,Steel & Metal,1,Steel & Metal
IRON RAILWAY,1,Steel & Metal,1,Steel & Metal
IRON RING,1,Steel & Metal,1,Steel & Metal
IRON RINGS,1,Steel & Metal,1,Steel & Metal
IRON RNGAL,1,Steel & Metal,1,Steel & Metal
IRON ROAD,1,Steel & Metal,1,Steel & Metal
IRON ROD,1,Steel & Metal,1,Steel & Metal
IRON ROD  ,1,Steel & Metal,1,Steel & Metal
IRON RODE,1,Steel & Metal,1,Steel & Metal
IRON RODS,1,Steel & Metal,1,Steel & Metal
IRON ROL,1,Steel & Metal,1,Steel & Metal
IRON ROLE,1,Steel & Metal,1,Steel & Metal
IRON ROLL,1,Steel & Metal,1,Steel & Metal
IRON ROOD,1,Steel & Metal,1,Steel & Metal
IRON SATTER,1,Steel & Metal,1,Steel & Metal
IRON SCRAP,1,Steel & Metal,1,Steel & Metal
IRON SCREP,1,Steel & Metal,1,Steel & Metal
IRON SCRUP,1,Steel & Metal,1,Steel & Metal
IRON SEAT,1,Steel & Metal,1,Steel & Metal
IRON SEET,1,Steel & Metal,1,Steel & Metal
IRON SHEET,1,Steel & Metal,1,Steel & Metal
IRON SHEETS,1,Steel & Metal,1,Steel & Metal
IRON SHET,1,Steel & Metal,1,Steel & Metal
IRON SHETE,1,Steel & Metal,1,Steel & Metal
IRON SHHETS,1,Steel & Metal,1,Steel & Metal
IRON SOIL,1,Steel & Metal,1,Steel & Metal
IRON SPARE PARTS,1,Steel & Metal,1,Steel & Metal
IRON STAND,1,Steel & Metal,1,Steel & Metal
IRON STEEL,1,Steel & Metal,1,Steel & Metal
IRON TEEN,1,Steel & Metal,1,Steel & Metal
IRON WINDOW,1,Steel & Metal,1,Steel & Metal
IRON WIRE,1,Steel & Metal,1,Steel & Metal
IRONCOIL,1,Steel & Metal,1,Steel & Metal
IRONPIPE,1,Steel & Metal,1,Steel & Metal
IRONPLATE,1,Steel & Metal,1,Steel & Metal
IRONPLATES,1,Steel & Metal,1,Steel & Metal
IRONROD,1,Steel & Metal,1,Steel & Metal
IRONRODS,1,Steel & Metal,1,Steel & Metal
IRONSHEET,1,Steel & Metal,1,Steel & Metal
IRONWIRE,1,Steel & Metal,1,Steel & Metal
IROON SHEET,1,Steel & Metal,1,Steel & Metal
ISPAT,1,Steel & Metal,1,Steel & Metal
IYRAN,1,Steel & Metal,1,Steel & Metal
JALI,1,Steel & Metal,1,Steel & Metal
JINDAL,1,Steel & Metal,1,Steel & Metal
KARTUN TEN ITEM,1,Steel & Metal,1,Steel & Metal
KHAMBA,1,Steel & Metal,1,Steel & Metal
KOPPER,1,Steel & Metal,1,Steel & Metal
LATE LOHE KI,1,Steel & Metal,1,Steel & Metal
LOHA,1,Steel & Metal,1,Steel & Metal
LOHA ,1,Steel & Metal,1,Steel & Metal
LOHA B,1,Steel & Metal,1,Steel & Metal
LOHA BURADA,1,Steel & Metal,1,Steel & Metal
LOHA BURADA ,1,Steel & Metal,1,Steel & Metal
LOHA COIL,1,Steel & Metal,1,Steel & Metal
LOHA CUTTER,1,Steel & Metal,1,Steel & Metal
LOHA KABAD,1,Steel & Metal,1,Steel & Metal
LOHA PALTE,1,Steel & Metal,1,Steel & Metal
LOHA PILATE,1,Steel & Metal,1,Steel & Metal
LOHA PIPE,1,Steel & Metal,1,Steel & Metal
LOHA PLATE,1,Steel & Metal,1,Steel & Metal
LOHA ROD,1,Steel & Metal,1,Steel & Metal
LOHA SARIA,1,Steel & Metal,1,Steel & Metal
LOHA SCRUP,1,Steel & Metal,1,Steel & Metal
LOHA WIRE,1,Steel & Metal,1,Steel & Metal
LOHAKHAND,1,Steel & Metal,1,Steel & Metal
LOHE K ANGEL,1,Steel & Metal,1,Steel & Metal
LOHE K PIPE,1,Steel & Metal,1,Steel & Metal
LOHE KA SAMAN,1,Steel & Metal,1,Steel & Metal
LOHE KI BELT,1,Steel & Metal,1,Steel & Metal
LOHE KI JALI,1,Steel & Metal,1,Steel & Metal
LOHE KI PLATE,1,Steel & Metal,1,Steel & Metal
LOHE KI SEET,1,Steel & Metal,1,Steel & Metal
LOHE KIN PLATE,1,Steel & Metal,1,Steel & Metal
LOHE KISEDI,1,Steel & Metal,1,Steel & Metal
LOHE KISEET,1,Steel & Metal,1,Steel & Metal
MATE,1,Steel & Metal,1,Steel & Metal
MATEL,1,Steel & Metal,1,Steel & Metal
matel (Metal),1,Steel & Metal,1,Steel & Metal
METAL,1,Steel & Metal,1,Steel & Metal
METAL ,1,Steel & Metal,1,Steel & Metal
METAL BOX,1,Steel & Metal,1,Steel & Metal
METAL PIPE,1,Steel & Metal,1,Steel & Metal
METAL ROD,1,Steel & Metal,1,Steel & Metal
METAL SHEET,1,Steel & Metal,1,Steel & Metal
METALS,1,Steel & Metal,1,Steel & Metal
METEL,1,Steel & Metal,1,Steel & Metal
METEL PIPE,1,Steel & Metal,1,Steel & Metal
METTAL,1,Steel & Metal,1,Steel & Metal
NETI,1,Steel & Metal,1,Steel & Metal
OLD IRON,1,Steel & Metal,1,Steel & Metal
OLDIRON,1,Steel & Metal,1,Steel & Metal
PAINAL,1,Steel & Metal,1,Steel & Metal
PEETAL,1,Steel & Metal,1,Steel & Metal
PIPE IRON,1,Steel & Metal,1,Steel & Metal
PIPE LOHA,1,Steel & Metal,1,Steel & Metal
PIPE LOHE,1,Steel & Metal,1,Steel & Metal
PLATE,1,Steel & Metal,1,Steel & Metal
PLATE IRON,1,Steel & Metal,1,Steel & Metal
PLATES,1,Steel & Metal,1,Steel & Metal
PLATR IRON,1,Steel & Metal,1,Steel & Metal
RAIL PATRI,1,Steel & Metal,1,Steel & Metal
RAIL PATRY,1,Steel & Metal,1,Steel & Metal
RAIL WIRES,1,Steel & Metal,1,Steel & Metal
RAILPATRI,1,Steel & Metal,1,Steel & Metal
RAILWAY IRON,1,Steel & Metal,1,Steel & Metal
RING,1,Steel & Metal,1,Steel & Metal
ROAD,1,Steel & Metal,1,Steel & Metal
ROD,1,Steel & Metal,1,Steel & Metal
RODE,1,Steel & Metal,1,Steel & Metal
RODLOHE KI,1,Steel & Metal,1,Steel & Metal
ROL,1,Steel & Metal,1,Steel & Metal
ROLE STIL,1,Steel & Metal,1,Steel & Metal
ROLL,1,Steel & Metal,1,Steel & Metal
ROLLS,1,Steel & Metal,1,Steel & Metal
ROOD,1,Steel & Metal,1,Steel & Metal
SAARIO,1,Steel & Metal,1,Steel & Metal
SACRP,1,Steel & Metal,1,Steel & Metal
SANGAL,1,Steel & Metal,1,Steel & Metal
SARIA,1,Steel & Metal,1,Steel & Metal
SARIYA,1,Steel & Metal,1,Steel & Metal
SARIYA  ,1,Steel & Metal,1,Steel & Metal
SCRAOP,1,Steel & Metal,1,Steel & Metal
SCRAP,1,Steel & Metal,1,Steel & Metal
SCREP,1,Steel & Metal,1,Steel & Metal
SCREP IRON,1,Steel & Metal,1,Steel & Metal
SEET IRON,1,Steel & Metal,1,Steel & Metal
SHEET,1,Steel & Metal,1,Steel & Metal
SILVER,1,Steel & Metal,1,Steel & Metal
SILVER BOX,1,Steel & Metal,1,Steel & Metal
SITTIL,1,Steel & Metal,1,Steel & Metal
Small Iron Rod,1,Steel & Metal,1,Steel & Metal
SOLDER IRON,1,Steel & Metal,1,Steel & Metal
SPAN,1,Steel & Metal,1,Steel & Metal
SRAIA,1,Steel & Metal,1,Steel & Metal
SRIYA,1,Steel & Metal,1,Steel & Metal
STEE PLATE,1,Steel & Metal,1,Steel & Metal
STEEL,1,Steel & Metal,1,Steel & Metal
STEEL ,1,Steel & Metal,1,Steel & Metal
STEEL  ,1,Steel & Metal,1,Steel & Metal
STEEL COAL,1,Steel & Metal,1,Steel & Metal
STEEL COIL,1,Steel & Metal,1,Steel & Metal
STEEL DRUM,1,Steel & Metal,1,Steel & Metal
STEEL IRON,1,Steel & Metal,1,Steel & Metal
STEEL MATERIAL,1,Steel & Metal,1,Steel & Metal
STEEL PARTS,1,Steel & Metal,1,Steel & Metal
STEEL PEPE,1,Steel & Metal,1,Steel & Metal
STEEL PIPE,1,Steel & Metal,1,Steel & Metal
STEEL PIPES,1,Steel & Metal,1,Steel & Metal
STEEL PLET,1,Steel & Metal,1,Steel & Metal
STEEL ROAD,1,Steel & Metal,1,Steel & Metal
STEEL ROD,1,Steel & Metal,1,Steel & Metal
STEEL RODE,1,Steel & Metal,1,Steel & Metal
STEEL SCRAP,1,Steel & Metal,1,Steel & Metal
STEEL STAGE,1,Steel & Metal,1,Steel & Metal
STEELCOIL,1,Steel & Metal,1,Steel & Metal
STEELPADS,1,Steel & Metal,1,Steel & Metal
STEELPAPER,1,Steel & Metal,1,Steel & Metal
STEELPIPE,1,Steel & Metal,1,Steel & Metal
STEELSHEET,1,Steel & Metal,1,Steel & Metal
STEER,1,Steel & Metal,1,Steel & Metal
STELL,1,Steel & Metal,1,Steel & Metal
STELL BARTAN,1,Steel & Metal,1,Steel & Metal
STIK,1,Steel & Metal,1,Steel & Metal
STIL,1,Steel & Metal,1,Steel & Metal
STIL ,1,Steel & Metal,1,Steel & Metal
STIL BOX,1,Steel & Metal,1,Steel & Metal
STIL COIL,1,Steel & Metal,1,Steel & Metal
STIL ITEM,1,Steel & Metal,1,Steel & Metal
STIL MATERIAL,1,Steel & Metal,1,Steel & Metal
STIL PALTE,1,Steel & Metal,1,Steel & Metal
STIL PART,1,Steel & Metal,1,Steel & Metal
STIL PIPE,1,Steel & Metal,1,Steel & Metal
STIL PLATE,1,Steel & Metal,1,Steel & Metal
STIL POL,1,Steel & Metal,1,Steel & Metal
STIL ROD,1,Steel & Metal,1,Steel & Metal
STIL STIL,1,Steel & Metal,1,Steel & Metal
STIL THINGS,1,Steel & Metal,1,Steel & Metal
STILL,1,Steel & Metal,1,Steel & Metal
STILLS,1,Steel & Metal,1,Steel & Metal
STL,1,Steel & Metal,1,Steel & Metal
TAR,1,Steel & Metal,1,Steel & Metal
TAR BONDLE,1,Steel & Metal,1,Steel & Metal
TAR RING,1,Steel & Metal,1,Steel & Metal
TATA NAGAR,1,Steel & Metal,1,Steel & Metal
TATA STEEL,1,Steel & Metal,1,Steel & Metal
TATA STIL,1,Steel & Metal,1,Steel & Metal
TEEN,1,Steel & Metal,1,Steel & Metal
TEEN ,1,Steel & Metal,1,Steel & Metal
TEEN ROL,1,Steel & Metal,1,Steel & Metal
TEEN SET,1,Steel & Metal,1,Steel & Metal
TEENA,1,Steel & Metal,1,Steel & Metal
THAAR,1,Steel & Metal,1,Steel & Metal
TIN,1,Steel & Metal,1,Steel & Metal
TINA,1,Steel & Metal,1,Steel & Metal
TMT,1,Steel & Metal,1,Steel & Metal
TMT COMPI,1,Steel & Metal,1,Steel & Metal
TMT POP,1,Steel & Metal,1,Steel & Metal
TMT ROD,1,Steel & Metal,1,Steel & Metal
TMT SARIYA,1,Steel & Metal,1,Steel & Metal
TOWER SAMAN,1,Steel & Metal,1,Steel & Metal
TRON,1,Steel & Metal,1,Steel & Metal
WARE ROLL,1,Steel & Metal,1,Steel & Metal
WASTE IRON,1,Steel & Metal,1,Steel & Metal
WASTE STEEL,1,Steel & Metal,1,Steel & Metal
WASTEIRON,1,Steel & Metal,1,Steel & Metal
WEIGHT,1,Steel & Metal,1,Steel & Metal
WELD PIPE,1,Steel & Metal,1,Steel & Metal
WELDIND ROD,1,Steel & Metal,1,Steel & Metal
WELDING,1,Steel & Metal,1,Steel & Metal
WELDING ROD,1,Steel & Metal,1,Steel & Metal
WIRE,1,Steel & Metal,1,Steel & Metal
WIRE  ,1,Steel & Metal,1,Steel & Metal
YAMB,1,Steel & Metal,1,Steel & Metal
YAMBE,1,Steel & Metal,1,Steel & Metal
BAG CEMENT,2,Cement,2,"Construction Materials (Cement, Bricks, Stones, Tiles, Blocks, etc.)"
BHANGAR,2,Cement,2,"Construction Materials (Cement, Bricks, Stones, Tiles, Blocks, etc.)"
CA LOAD,2,Cement,2,"Construction Materials (Cement, Bricks, Stones, Tiles, Blocks, etc.)"
CEMCENT,2,Cement,2,"Construction Materials (Cement, Bricks, Stones, Tiles, Blocks, etc.)"
CEMEMT,2,Cement,2,"Construction Materials (Cement, Bricks, Stones, Tiles, Blocks, etc.)"
CEMENET,2,Cement,2,"Construction Materials (Cement, Bricks, Stones, Tiles, Blocks, etc.)"
CEMENT,2,Cement,2,"Construction Materials (Cement, Bricks, Stones, Tiles, Blocks, etc.)"
CEMENT ,2,Cement,2,"Construction Materials (Cement, Bricks, Stones, Tiles, Blocks, etc.)"
CEMENT  ,2,Cement,2,"Construction Materials (Cement, Bricks, Stones, Tiles, Blocks, etc.)"
CEMENT BAG,2,Cement,2,"Construction Materials (Cement, Bricks, Stones, Tiles, Blocks, etc.)"
CEMENT MIXER,2,Cement,2,"Construction Materials (Cement, Bricks, Stones, Tiles, Blocks, etc.)"
CEMENT POWDER,2,Cement,2,"Construction Materials (Cement, Bricks, Stones, Tiles, Blocks, etc.)"
CEMENT TANKER,2,Cement,2,"Construction Materials (Cement, Bricks, Stones, Tiles, Blocks, etc.)"
CEMENTRY,2,Cement,2,"Construction Materials (Cement, Bricks, Stones, Tiles, Blocks, etc.)"
CEMENTS,2,Cement,2,"Construction Materials (Cement, Bricks, Stones, Tiles, Blocks, etc.)"
CEMMENT,2,Cement,2,"Construction Materials (Cement, Bricks, Stones, Tiles, Blocks, etc.)"
CEMN,2,Cement,2,"Construction Materials (Cement, Bricks, Stones, Tiles, Blocks, etc.)"
CEMNT,2,Cement,2,"Construction Materials (Cement, Bricks, Stones, Tiles, Blocks, etc.)"
CENENT TNKER,2,Cement,2,"Construction Materials (Cement, Bricks, Stones, Tiles, Blocks, etc.)"
CIMENT,2,Cement,2,"Construction Materials (Cement, Bricks, Stones, Tiles, Blocks, etc.)"
CMEMET,2,Cement,2,"Construction Materials (Cement, Bricks, Stones, Tiles, Blocks, etc.)"
CMENT,2,Cement,2,"Construction Materials (Cement, Bricks, Stones, Tiles, Blocks, etc.)"
CMENT TANK,2,Cement,2,"Construction Materials (Cement, Bricks, Stones, Tiles, Blocks, etc.)"
CMT,2,Cement,2,"Construction Materials (Cement, Bricks, Stones, Tiles, Blocks, etc.)"
COSMENT,2,Cement,2,"Construction Materials (Cement, Bricks, Stones, Tiles, Blocks, etc.)"
CRMENT MIXER,2,Cement,2,"Construction Materials (Cement, Bricks, Stones, Tiles, Blocks, etc.)"
MAHA CEMENT,2,Cement,2,"Construction Materials (Cement, Bricks, Stones, Tiles, Blocks, etc.)"
MIXURE CEMENT,2,Cement,2,"Construction Materials (Cement, Bricks, Stones, Tiles, Blocks, etc.)"
Rasi (Cement/Material),2,Cement,2,"Construction Materials (Cement, Bricks, Stones, Tiles, Blocks, etc.)"
SAGAR CEMENT,2,Cement,2,"Construction Materials (Cement, Bricks, Stones, Tiles, Blocks, etc.)"
Sankar Cement,2,Cement,2,"Construction Materials (Cement, Bricks, Stones, Tiles, Blocks, etc.)"
Sar Cement,2,Cement,2,"Construction Materials (Cement, Bricks, Stones, Tiles, Blocks, etc.)"
WHITE CEMENT,2,Cement,2,"Construction Materials (Cement, Bricks, Stones, Tiles, Blocks, etc.)"
WHITE CEMENT',2,Cement,2,"Construction Materials (Cement, Bricks, Stones, Tiles, Blocks, etc.)"
WHITE POWDER,2,Cement,2,"Construction Materials (Cement, Bricks, Stones, Tiles, Blocks, etc.)"
WHITECEMENT,2,Cement,2,"Construction Materials (Cement, Bricks, Stones, Tiles, Blocks, etc.)"
BIG STONE,3,Stone,2,"Construction Materials (Cement, Bricks, Stones, Tiles, Blocks, etc.)"
DABAR,3,Stone,2,"Construction Materials (Cement, Bricks, Stones, Tiles, Blocks, etc.)"
DAMAAR,3,Stone,2,"Construction Materials (Cement, Bricks, Stones, Tiles, Blocks, etc.)"
DAMAR,3,Stone,2,"Construction Materials (Cement, Bricks, Stones, Tiles, Blocks, etc.)"
DAMBER,3,Stone,2,"Construction Materials (Cement, Bricks, Stones, Tiles, Blocks, etc.)"
DAMER,3,Stone,2,"Construction Materials (Cement, Bricks, Stones, Tiles, Blocks, etc.)"
DAMMER,3,Stone,2,"Construction Materials (Cement, Bricks, Stones, Tiles, Blocks, etc.)"
GITI,3,Stone,2,"Construction Materials (Cement, Bricks, Stones, Tiles, Blocks, etc.)"
GITI SMALL SIZE,3,Stone,2,"Construction Materials (Cement, Bricks, Stones, Tiles, Blocks, etc.)"
GITTI,3,Stone,2,"Construction Materials (Cement, Bricks, Stones, Tiles, Blocks, etc.)"
GRANAIT,3,Stone,2,"Construction Materials (Cement, Bricks, Stones, Tiles, Blocks, etc.)"
GRANET,3,Stone,2,"Construction Materials (Cement, Bricks, Stones, Tiles, Blocks, etc.)"
GRANITE,3,Stone,2,"Construction Materials (Cement, Bricks, Stones, Tiles, Blocks, etc.)"
GRANITES,3,Stone,2,"Construction Materials (Cement, Bricks, Stones, Tiles, Blocks, etc.)"
GRAVEL,3,Stone,2,"Construction Materials (Cement, Bricks, Stones, Tiles, Blocks, etc.)"
GRAYNITE,3,Stone,2,"Construction Materials (Cement, Bricks, Stones, Tiles, Blocks, etc.)"
GRENITE,3,Stone,2,"Construction Materials (Cement, Bricks, Stones, Tiles, Blocks, etc.)"
GRENITE STONE,3,Stone,2,"Construction Materials (Cement, Bricks, Stones, Tiles, Blocks, etc.)"
GRENITEE,3,Stone,2,"Construction Materials (Cement, Bricks, Stones, Tiles, Blocks, etc.)"
GREYNIRE,3,Stone,2,"Construction Materials (Cement, Bricks, Stones, Tiles, Blocks, etc.)"
GREYNITE,3,Stone,2,"Construction Materials (Cement, Bricks, Stones, Tiles, Blocks, etc.)"
JALLI,3,Stone,2,"Construction Materials (Cement, Bricks, Stones, Tiles, Blocks, etc.)"
JEERA STONE,3,Stone,2,"Construction Materials (Cement, Bricks, Stones, Tiles, Blocks, etc.)"
KANKAR,3,Stone,2,"Construction Materials (Cement, Bricks, Stones, Tiles, Blocks, etc.)"
KARI STONE CHIP,3,Stone,2,"Construction Materials (Cement, Bricks, Stones, Tiles, Blocks, etc.)"
KOTA,3,Stone,2,"Construction Materials (Cement, Bricks, Stones, Tiles, Blocks, etc.)"
KOTA MARBLE,3,Stone,2,"Construction Materials (Cement, Bricks, Stones, Tiles, Blocks, etc.)"
KOTA STONE,3,Stone,2,"Construction Materials (Cement, Bricks, Stones, Tiles, Blocks, etc.)"
LIME STONE,3,Stone,2,"Construction Materials (Cement, Bricks, Stones, Tiles, Blocks, etc.)"
MARBA;E,3,Stone,2,"Construction Materials (Cement, Bricks, Stones, Tiles, Blocks, etc.)"
MARBAL,3,Stone,2,"Construction Materials (Cement, Bricks, Stones, Tiles, Blocks, etc.)"
MARBALE,3,Stone,2,"Construction Materials (Cement, Bricks, Stones, Tiles, Blocks, etc.)"
MARBEL,3,Stone,2,"Construction Materials (Cement, Bricks, Stones, Tiles, Blocks, etc.)"
MARBLE,3,Stone,2,"Construction Materials (Cement, Bricks, Stones, Tiles, Blocks, etc.)"
MARBLE SHEET,3,Stone,2,"Construction Materials (Cement, Bricks, Stones, Tiles, Blocks, etc.)"
MARBLES,3,Stone,2,"Construction Materials (Cement, Bricks, Stones, Tiles, Blocks, etc.)"
MORAN,3,Stone,2,"Construction Materials (Cement, Bricks, Stones, Tiles, Blocks, etc.)"
MRBALE,3,Stone,2,"Construction Materials (Cement, Bricks, Stones, Tiles, Blocks, etc.)"
OGENKAL ,3,Stone,2,"Construction Materials (Cement, Bricks, Stones, Tiles, Blocks, etc.)"
PAJIRI,3,Stone,2,"Construction Materials (Cement, Bricks, Stones, Tiles, Blocks, etc.)"
PATHAR,3,Stone,2,"Construction Materials (Cement, Bricks, Stones, Tiles, Blocks, etc.)"
PATHER,3,Stone,2,"Construction Materials (Cement, Bricks, Stones, Tiles, Blocks, etc.)"
ROCK,3,Stone,2,"Construction Materials (Cement, Bricks, Stones, Tiles, Blocks, etc.)"
ROCK STONES,3,Stone,2,"Construction Materials (Cement, Bricks, Stones, Tiles, Blocks, etc.)"
ROCKS,3,Stone,2,"Construction Materials (Cement, Bricks, Stones, Tiles, Blocks, etc.)"
RODDI,3,Stone,2,"Construction Materials (Cement, Bricks, Stones, Tiles, Blocks, etc.)"
Small Stone,3,Stone,2,"Construction Materials (Cement, Bricks, Stones, Tiles, Blocks, etc.)"
STOE,3,Stone,2,"Construction Materials (Cement, Bricks, Stones, Tiles, Blocks, etc.)"
STOME,3,Stone,2,"Construction Materials (Cement, Bricks, Stones, Tiles, Blocks, etc.)"
STON,3,Stone,2,"Construction Materials (Cement, Bricks, Stones, Tiles, Blocks, etc.)"
STONE,3,Stone,2,"Construction Materials (Cement, Bricks, Stones, Tiles, Blocks, etc.)"
STONE ,3,Stone,2,"Construction Materials (Cement, Bricks, Stones, Tiles, Blocks, etc.)"
STONE  ,3,Stone,2,"Construction Materials (Cement, Bricks, Stones, Tiles, Blocks, etc.)"
STONE   ,3,Stone,2,"Construction Materials (Cement, Bricks, Stones, Tiles, Blocks, etc.)"
STONE CHIPS,3,Stone,2,"Construction Materials (Cement, Bricks, Stones, Tiles, Blocks, etc.)"
STONE CHURA,3,Stone,2,"Construction Materials (Cement, Bricks, Stones, Tiles, Blocks, etc.)"
STONE POWDER,3,Stone,2,"Construction Materials (Cement, Bricks, Stones, Tiles, Blocks, etc.)"
STONE SYSTEM,3,Stone,2,"Construction Materials (Cement, Bricks, Stones, Tiles, Blocks, etc.)"
STONES,3,Stone,2,"Construction Materials (Cement, Bricks, Stones, Tiles, Blocks, etc.)"
STORE PARCELS,3,Stone,2,"Construction Materials (Cement, Bricks, Stones, Tiles, Blocks, etc.)"
SYONE,3,Stone,2,"Construction Materials (Cement, Bricks, Stones, Tiles, Blocks, etc.)"
WHITESTONE,3,Stone,2,"Construction Materials (Cement, Bricks, Stones, Tiles, Blocks, etc.)"
WILAKARI,3,Stone,2,"Construction Materials (Cement, Bricks, Stones, Tiles, Blocks, etc.)"
BALU,4,Sand / Soil,2,"Construction Materials (Cement, Bricks, Stones, Tiles, Blocks, etc.)"
BLACK SAND,4,Sand / Soil,2,"Construction Materials (Cement, Bricks, Stones, Tiles, Blocks, etc.)"
CHINI MITTI,4,Sand / Soil,2,"Construction Materials (Cement, Bricks, Stones, Tiles, Blocks, etc.)"
CLAY,4,Sand / Soil,2,"Construction Materials (Cement, Bricks, Stones, Tiles, Blocks, etc.)"
DAST,4,Sand / Soil,2,"Construction Materials (Cement, Bricks, Stones, Tiles, Blocks, etc.)"
DEST,4,Sand / Soil,2,"Construction Materials (Cement, Bricks, Stones, Tiles, Blocks, etc.)"
DUST,4,Sand / Soil,2,"Construction Materials (Cement, Bricks, Stones, Tiles, Blocks, etc.)"
DUST GITTI,4,Sand / Soil,2,"Construction Materials (Cement, Bricks, Stones, Tiles, Blocks, etc.)"
GITTY,4,Sand / Soil,2,"Construction Materials (Cement, Bricks, Stones, Tiles, Blocks, etc.)"
KALIMITTI,4,Sand / Soil,2,"Construction Materials (Cement, Bricks, Stones, Tiles, Blocks, etc.)"
LAKE,4,Sand / Soil,2,"Construction Materials (Cement, Bricks, Stones, Tiles, Blocks, etc.)"
LAL MITTI,4,Sand / Soil,2,"Construction Materials (Cement, Bricks, Stones, Tiles, Blocks, etc.)"
LAND,4,Sand / Soil,2,"Construction Materials (Cement, Bricks, Stones, Tiles, Blocks, etc.)"
LATE,4,Sand / Soil,2,"Construction Materials (Cement, Bricks, Stones, Tiles, Blocks, etc.)"
M - Sand,4,Sand / Soil,2,"Construction Materials (Cement, Bricks, Stones, Tiles, Blocks, etc.)"
M CENT,4,Sand / Soil,2,"Construction Materials (Cement, Bricks, Stones, Tiles, Blocks, etc.)"
M SAND,4,Sand / Soil,2,"Construction Materials (Cement, Bricks, Stones, Tiles, Blocks, etc.)"
M SENT,4,Sand / Soil,2,"Construction Materials (Cement, Bricks, Stones, Tiles, Blocks, etc.)"
M.cent,4,Sand / Soil,2,"Construction Materials (Cement, Bricks, Stones, Tiles, Blocks, etc.)"
MARAM,4,Sand / Soil,2,"Construction Materials (Cement, Bricks, Stones, Tiles, Blocks, etc.)"
MATI,4,Sand / Soil,2,"Construction Materials (Cement, Bricks, Stones, Tiles, Blocks, etc.)"
MATTI,4,Sand / Soil,2,"Construction Materials (Cement, Bricks, Stones, Tiles, Blocks, etc.)"
METHI,4,Sand / Soil,2,"Construction Materials (Cement, Bricks, Stones, Tiles, Blocks, etc.)"
MITII,4,Sand / Soil,2,"Construction Materials (Cement, Bricks, Stones, Tiles, Blocks, etc.)"
MITTI,4,Sand / Soil,2,"Construction Materials (Cement, Bricks, Stones, Tiles, Blocks, etc.)"
MITTI ,4,Sand / Soil,2,"Construction Materials (Cement, Bricks, Stones, Tiles, Blocks, etc.)"
MORANG,4,Sand / Soil,2,"Construction Materials (Cement, Bricks, Stones, Tiles, Blocks, etc.)"
MSAND,4,Sand / Soil,2,"Construction Materials (Cement, Bricks, Stones, Tiles, Blocks, etc.)"
M-Sand,4,Sand / Soil,2,"Construction Materials (Cement, Bricks, Stones, Tiles, Blocks, etc.)"
M-Send,4,Sand / Soil,2,"Construction Materials (Cement, Bricks, Stones, Tiles, Blocks, etc.)"
MULTANI SOIL,4,Sand / Soil,2,"Construction Materials (Cement, Bricks, Stones, Tiles, Blocks, etc.)"
MURAAM,4,Sand / Soil,2,"Construction Materials (Cement, Bricks, Stones, Tiles, Blocks, etc.)"
RAKI,4,Sand / Soil,2,"Construction Materials (Cement, Bricks, Stones, Tiles, Blocks, etc.)"
RAKI LOAD,4,Sand / Soil,2,"Construction Materials (Cement, Bricks, Stones, Tiles, Blocks, etc.)"
RAT,4,Sand / Soil,2,"Construction Materials (Cement, Bricks, Stones, Tiles, Blocks, etc.)"
REAT,4,Sand / Soil,2,"Construction Materials (Cement, Bricks, Stones, Tiles, Blocks, etc.)"
RED DUST,4,Sand / Soil,2,"Construction Materials (Cement, Bricks, Stones, Tiles, Blocks, etc.)"
RED MITTI,4,Sand / Soil,2,"Construction Materials (Cement, Bricks, Stones, Tiles, Blocks, etc.)"
REDSAND,4,Sand / Soil,2,"Construction Materials (Cement, Bricks, Stones, Tiles, Blocks, etc.)"
REDSOIL,4,Sand / Soil,2,"Construction Materials (Cement, Bricks, Stones, Tiles, Blocks, etc.)"
RET,4,Sand / Soil,2,"Construction Materials (Cement, Bricks, Stones, Tiles, Blocks, etc.)"
RET ,4,Sand / Soil,2,"Construction Materials (Cement, Bricks, Stones, Tiles, Blocks, etc.)"
RETA,4,Sand / Soil,2,"Construction Materials (Cement, Bricks, Stones, Tiles, Blocks, etc.)"
RETI,4,Sand / Soil,2,"Construction Materials (Cement, Bricks, Stones, Tiles, Blocks, etc.)"
RETTI,4,Sand / Soil,2,"Construction Materials (Cement, Bricks, Stones, Tiles, Blocks, etc.)"
RIVR SAND,4,Sand / Soil,2,"Construction Materials (Cement, Bricks, Stones, Tiles, Blocks, etc.)"
SAND,4,Sand / Soil,2,"Construction Materials (Cement, Bricks, Stones, Tiles, Blocks, etc.)"
SAND ,4,Sand / Soil,2,"Construction Materials (Cement, Bricks, Stones, Tiles, Blocks, etc.)"
SAND OIL,4,Sand / Soil,2,"Construction Materials (Cement, Bricks, Stones, Tiles, Blocks, etc.)"
SAND SOIL,4,Sand / Soil,2,"Construction Materials (Cement, Bricks, Stones, Tiles, Blocks, etc.)"
SANDD,4,Sand / Soil,2,"Construction Materials (Cement, Bricks, Stones, Tiles, Blocks, etc.)"
SEND,4,Sand / Soil,2,"Construction Materials (Cement, Bricks, Stones, Tiles, Blocks, etc.)"
SENT,4,Sand / Soil,2,"Construction Materials (Cement, Bricks, Stones, Tiles, Blocks, etc.)"
SILIKA,4,Sand / Soil,2,"Construction Materials (Cement, Bricks, Stones, Tiles, Blocks, etc.)"
SOAL,4,Sand / Soil,2,"Construction Materials (Cement, Bricks, Stones, Tiles, Blocks, etc.)"
SOIL,4,Sand / Soil,2,"Construction Materials (Cement, Bricks, Stones, Tiles, Blocks, etc.)"
SOIL ,4,Sand / Soil,2,"Construction Materials (Cement, Bricks, Stones, Tiles, Blocks, etc.)"
SOIL LOAD,4,Sand / Soil,2,"Construction Materials (Cement, Bricks, Stones, Tiles, Blocks, etc.)"
SOIL.,4,Sand / Soil,2,"Construction Materials (Cement, Bricks, Stones, Tiles, Blocks, etc.)"
SOILA,4,Sand / Soil,2,"Construction Materials (Cement, Bricks, Stones, Tiles, Blocks, etc.)"
SOLA,4,Sand / Soil,2,"Construction Materials (Cement, Bricks, Stones, Tiles, Blocks, etc.)"
STAND MATERIL,4,Sand / Soil,2,"Construction Materials (Cement, Bricks, Stones, Tiles, Blocks, etc.)"
STONE DUST,4,Sand / Soil,2,"Construction Materials (Cement, Bricks, Stones, Tiles, Blocks, etc.)"
STONE MORAM,4,Sand / Soil,2,"Construction Materials (Cement, Bricks, Stones, Tiles, Blocks, etc.)"
STONE SAND,4,Sand / Soil,2,"Construction Materials (Cement, Bricks, Stones, Tiles, Blocks, etc.)"
TILE MITTI,4,Sand / Soil,2,"Construction Materials (Cement, Bricks, Stones, Tiles, Blocks, etc.)"
TILES MITTI,4,Sand / Soil,2,"Construction Materials (Cement, Bricks, Stones, Tiles, Blocks, etc.)"
WHITE MITTI,4,Sand / Soil,2,"Construction Materials (Cement, Bricks, Stones, Tiles, Blocks, etc.)"
 CEMENT POLES,5,"Construction Materials (Bricks, Blocks, etc.)",2,"Construction Materials (Cement, Bricks, Stones, Tiles, Blocks, etc.)"
 PIPES,5,"Construction Materials (Bricks, Blocks, etc.)",2,"Construction Materials (Cement, Bricks, Stones, Tiles, Blocks, etc.)"
 TILES,5,"Construction Materials (Bricks, Blocks, etc.)",2,"Construction Materials (Cement, Bricks, Stones, Tiles, Blocks, etc.)"
ARABLACK,5,"Construction Materials (Bricks, Blocks, etc.)",2,"Construction Materials (Cement, Bricks, Stones, Tiles, Blocks, etc.)"
BADARPUR,5,"Construction Materials (Bricks, Blocks, etc.)",2,"Construction Materials (Cement, Bricks, Stones, Tiles, Blocks, etc.)"
BALL PUTI,5,"Construction Materials (Bricks, Blocks, etc.)",2,"Construction Materials (Cement, Bricks, Stones, Tiles, Blocks, etc.)"
BELDING METERIAL,5,"Construction Materials (Bricks, Blocks, etc.)",2,"Construction Materials (Cement, Bricks, Stones, Tiles, Blocks, etc.)"
BHARAT PETROL PIPES,5,"Construction Materials (Bricks, Blocks, etc.)",2,"Construction Materials (Cement, Bricks, Stones, Tiles, Blocks, etc.)"
BIRICKS,5,"Construction Materials (Bricks, Blocks, etc.)",2,"Construction Materials (Cement, Bricks, Stones, Tiles, Blocks, etc.)"
BIRLAPATI,5,"Construction Materials (Bricks, Blocks, etc.)",2,"Construction Materials (Cement, Bricks, Stones, Tiles, Blocks, etc.)"
BLOCK,5,"Construction Materials (Bricks, Blocks, etc.)",2,"Construction Materials (Cement, Bricks, Stones, Tiles, Blocks, etc.)"
BLOCKS,5,"Construction Materials (Bricks, Blocks, etc.)",2,"Construction Materials (Cement, Bricks, Stones, Tiles, Blocks, etc.)"
BRICK,5,"Construction Materials (Bricks, Blocks, etc.)",2,"Construction Materials (Cement, Bricks, Stones, Tiles, Blocks, etc.)"
BRICKS,5,"Construction Materials (Bricks, Blocks, etc.)",2,"Construction Materials (Cement, Bricks, Stones, Tiles, Blocks, etc.)"
BRICKS ,5,"Construction Materials (Bricks, Blocks, etc.)",2,"Construction Materials (Cement, Bricks, Stones, Tiles, Blocks, etc.)"
BRICS,5,"Construction Materials (Bricks, Blocks, etc.)",2,"Construction Materials (Cement, Bricks, Stones, Tiles, Blocks, etc.)"
BRIKS,5,"Construction Materials (Bricks, Blocks, etc.)",2,"Construction Materials (Cement, Bricks, Stones, Tiles, Blocks, etc.)"
BUILD PROPERTY,5,"Construction Materials (Bricks, Blocks, etc.)",2,"Construction Materials (Cement, Bricks, Stones, Tiles, Blocks, etc.)"
BUILDIN ITEM,5,"Construction Materials (Bricks, Blocks, etc.)",2,"Construction Materials (Cement, Bricks, Stones, Tiles, Blocks, etc.)"
BUILDING,5,"Construction Materials (Bricks, Blocks, etc.)",2,"Construction Materials (Cement, Bricks, Stones, Tiles, Blocks, etc.)"
BUILDING ITEM,5,"Construction Materials (Bricks, Blocks, etc.)",2,"Construction Materials (Cement, Bricks, Stones, Tiles, Blocks, etc.)"
BUILDING MATERIAL,5,"Construction Materials (Bricks, Blocks, etc.)",2,"Construction Materials (Cement, Bricks, Stones, Tiles, Blocks, etc.)"
Building Materials,5,"Construction Materials (Bricks, Blocks, etc.)",2,"Construction Materials (Cement, Bricks, Stones, Tiles, Blocks, etc.)"
BUILDING SMAN,5,"Construction Materials (Bricks, Blocks, etc.)",2,"Construction Materials (Cement, Bricks, Stones, Tiles, Blocks, etc.)"
CARGO PIPES,5,"Construction Materials (Bricks, Blocks, etc.)",2,"Construction Materials (Cement, Bricks, Stones, Tiles, Blocks, etc.)"
CEMEN PIPE,5,"Construction Materials (Bricks, Blocks, etc.)",2,"Construction Materials (Cement, Bricks, Stones, Tiles, Blocks, etc.)"
CEMENT BRICKS,5,"Construction Materials (Bricks, Blocks, etc.)",2,"Construction Materials (Cement, Bricks, Stones, Tiles, Blocks, etc.)"
CEMENT BRINKS,5,"Construction Materials (Bricks, Blocks, etc.)",2,"Construction Materials (Cement, Bricks, Stones, Tiles, Blocks, etc.)"
CEMENT CHADDAR,5,"Construction Materials (Bricks, Blocks, etc.)",2,"Construction Materials (Cement, Bricks, Stones, Tiles, Blocks, etc.)"
CEMENT CHADER,5,"Construction Materials (Bricks, Blocks, etc.)",2,"Construction Materials (Cement, Bricks, Stones, Tiles, Blocks, etc.)"
CEMENT PILLOR,5,"Construction Materials (Bricks, Blocks, etc.)",2,"Construction Materials (Cement, Bricks, Stones, Tiles, Blocks, etc.)"
CEMENT PIPE,5,"Construction Materials (Bricks, Blocks, etc.)",2,"Construction Materials (Cement, Bricks, Stones, Tiles, Blocks, etc.)"
CEMENT PIPES,5,"Construction Materials (Bricks, Blocks, etc.)",2,"Construction Materials (Cement, Bricks, Stones, Tiles, Blocks, etc.)"
CEMENT PPES,5,"Construction Materials (Bricks, Blocks, etc.)",2,"Construction Materials (Cement, Bricks, Stones, Tiles, Blocks, etc.)"
CEMENT SHEET,5,"Construction Materials (Bricks, Blocks, etc.)",2,"Construction Materials (Cement, Bricks, Stones, Tiles, Blocks, etc.)"
CEMENT SIT,5,"Construction Materials (Bricks, Blocks, etc.)",2,"Construction Materials (Cement, Bricks, Stones, Tiles, Blocks, etc.)"
CEMENT STONE,5,"Construction Materials (Bricks, Blocks, etc.)",2,"Construction Materials (Cement, Bricks, Stones, Tiles, Blocks, etc.)"
CEMENT TANK,5,"Construction Materials (Bricks, Blocks, etc.)",2,"Construction Materials (Cement, Bricks, Stones, Tiles, Blocks, etc.)"
CEREMONY,5,"Construction Materials (Bricks, Blocks, etc.)",2,"Construction Materials (Cement, Bricks, Stones, Tiles, Blocks, etc.)"
CHUNA POWDER,5,"Construction Materials (Bricks, Blocks, etc.)",2,"Construction Materials (Cement, Bricks, Stones, Tiles, Blocks, etc.)"
COLUR,5,"Construction Materials (Bricks, Blocks, etc.)",2,"Construction Materials (Cement, Bricks, Stones, Tiles, Blocks, etc.)"
CONCRETE,5,"Construction Materials (Bricks, Blocks, etc.)",2,"Construction Materials (Cement, Bricks, Stones, Tiles, Blocks, etc.)"
CONSTRION,5,"Construction Materials (Bricks, Blocks, etc.)",2,"Construction Materials (Cement, Bricks, Stones, Tiles, Blocks, etc.)"
CONSTRUCTION,5,"Construction Materials (Bricks, Blocks, etc.)",2,"Construction Materials (Cement, Bricks, Stones, Tiles, Blocks, etc.)"
CONSTRUCTION ITEMS,5,"Construction Materials (Bricks, Blocks, etc.)",2,"Construction Materials (Cement, Bricks, Stones, Tiles, Blocks, etc.)"
CONSTRUCTION MATERIAL,5,"Construction Materials (Bricks, Blocks, etc.)",2,"Construction Materials (Cement, Bricks, Stones, Tiles, Blocks, etc.)"
CONTRUCTION ,5,"Construction Materials (Bricks, Blocks, etc.)",2,"Construction Materials (Cement, Bricks, Stones, Tiles, Blocks, etc.)"
CRUSHER,5,"Construction Materials (Bricks, Blocks, etc.)",2,"Construction Materials (Cement, Bricks, Stones, Tiles, Blocks, etc.)"
CRUSHOR,5,"Construction Materials (Bricks, Blocks, etc.)",2,"Construction Materials (Cement, Bricks, Stones, Tiles, Blocks, etc.)"
CUNTRCTION PARTS,5,"Construction Materials (Bricks, Blocks, etc.)",2,"Construction Materials (Cement, Bricks, Stones, Tiles, Blocks, etc.)"
DAMR,5,"Construction Materials (Bricks, Blocks, etc.)",2,"Construction Materials (Cement, Bricks, Stones, Tiles, Blocks, etc.)"
DAMUR,5,"Construction Materials (Bricks, Blocks, etc.)",2,"Construction Materials (Cement, Bricks, Stones, Tiles, Blocks, etc.)"
DSAMAR,5,"Construction Materials (Bricks, Blocks, etc.)",2,"Construction Materials (Cement, Bricks, Stones, Tiles, Blocks, etc.)"
EAT,5,"Construction Materials (Bricks, Blocks, etc.)",2,"Construction Materials (Cement, Bricks, Stones, Tiles, Blocks, etc.)"
EATA,5,"Construction Materials (Bricks, Blocks, etc.)",2,"Construction Materials (Cement, Bricks, Stones, Tiles, Blocks, etc.)"
FIBER REELS,5,"Construction Materials (Bricks, Blocks, etc.)",2,"Construction Materials (Cement, Bricks, Stones, Tiles, Blocks, etc.)"
FISHTILES,5,"Construction Materials (Bricks, Blocks, etc.)",2,"Construction Materials (Cement, Bricks, Stones, Tiles, Blocks, etc.)"
FIX IT,5,"Construction Materials (Bricks, Blocks, etc.)",2,"Construction Materials (Cement, Bricks, Stones, Tiles, Blocks, etc.)"
GATE,5,"Construction Materials (Bricks, Blocks, etc.)",2,"Construction Materials (Cement, Bricks, Stones, Tiles, Blocks, etc.)"
GATER,5,"Construction Materials (Bricks, Blocks, etc.)",2,"Construction Materials (Cement, Bricks, Stones, Tiles, Blocks, etc.)"
GRAINET,5,"Construction Materials (Bricks, Blocks, etc.)",2,"Construction Materials (Cement, Bricks, Stones, Tiles, Blocks, etc.)"
GRAINITE,5,"Construction Materials (Bricks, Blocks, etc.)",2,"Construction Materials (Cement, Bricks, Stones, Tiles, Blocks, etc.)"
GRIP MATERIAL ,5,"Construction Materials (Bricks, Blocks, etc.)",2,"Construction Materials (Cement, Bricks, Stones, Tiles, Blocks, etc.)"
HEAVY PIPES,5,"Construction Materials (Bricks, Blocks, etc.)",2,"Construction Materials (Cement, Bricks, Stones, Tiles, Blocks, etc.)"
INDUSTRIAL PIPES,5,"Construction Materials (Bricks, Blocks, etc.)",2,"Construction Materials (Cement, Bricks, Stones, Tiles, Blocks, etc.)"
KARI MUDAI,5,"Construction Materials (Bricks, Blocks, etc.)",2,"Construction Materials (Cement, Bricks, Stones, Tiles, Blocks, etc.)"
KONKRIT,5,"Construction Materials (Bricks, Blocks, etc.)",2,"Construction Materials (Cement, Bricks, Stones, Tiles, Blocks, etc.)"
MANAL,5,"Construction Materials (Bricks, Blocks, etc.)",2,"Construction Materials (Cement, Bricks, Stones, Tiles, Blocks, etc.)"
PILER,5,"Construction Materials (Bricks, Blocks, etc.)",2,"Construction Materials (Cement, Bricks, Stones, Tiles, Blocks, etc.)"
PIPE ,5,"Construction Materials (Bricks, Blocks, etc.)",2,"Construction Materials (Cement, Bricks, Stones, Tiles, Blocks, etc.)"
PIPES,5,"Construction Materials (Bricks, Blocks, etc.)",2,"Construction Materials (Cement, Bricks, Stones, Tiles, Blocks, etc.)"
PIPES LOAD,5,"Construction Materials (Bricks, Blocks, etc.)",2,"Construction Materials (Cement, Bricks, Stones, Tiles, Blocks, etc.)"
PLASTER,5,"Construction Materials (Bricks, Blocks, etc.)",2,"Construction Materials (Cement, Bricks, Stones, Tiles, Blocks, etc.)"
PLASTER OF PERIS,5,"Construction Materials (Bricks, Blocks, etc.)",2,"Construction Materials (Cement, Bricks, Stones, Tiles, Blocks, etc.)"
POP BALL PUTI,5,"Construction Materials (Bricks, Blocks, etc.)",2,"Construction Materials (Cement, Bricks, Stones, Tiles, Blocks, etc.)"
PULL SENTRING,5,"Construction Materials (Bricks, Blocks, etc.)",2,"Construction Materials (Cement, Bricks, Stones, Tiles, Blocks, etc.)"
PUTTI,5,"Construction Materials (Bricks, Blocks, etc.)",2,"Construction Materials (Cement, Bricks, Stones, Tiles, Blocks, etc.)"
PUTTI POWDER,5,"Construction Materials (Bricks, Blocks, etc.)",2,"Construction Materials (Cement, Bricks, Stones, Tiles, Blocks, etc.)"
ROAD ITEMS,5,"Construction Materials (Bricks, Blocks, etc.)",2,"Construction Materials (Cement, Bricks, Stones, Tiles, Blocks, etc.)"
ROAD MATEREAL,5,"Construction Materials (Bricks, Blocks, etc.)",2,"Construction Materials (Cement, Bricks, Stones, Tiles, Blocks, etc.)"
ROAD MATERIAL,5,"Construction Materials (Bricks, Blocks, etc.)",2,"Construction Materials (Cement, Bricks, Stones, Tiles, Blocks, etc.)"
ROAD MATERIAL ,5,"Construction Materials (Bricks, Blocks, etc.)",2,"Construction Materials (Cement, Bricks, Stones, Tiles, Blocks, etc.)"
ROAD SAMAN,5,"Construction Materials (Bricks, Blocks, etc.)",2,"Construction Materials (Cement, Bricks, Stones, Tiles, Blocks, etc.)"
RODS,5,"Construction Materials (Bricks, Blocks, etc.)",2,"Construction Materials (Cement, Bricks, Stones, Tiles, Blocks, etc.)"
SANAD,5,"Construction Materials (Bricks, Blocks, etc.)",2,"Construction Materials (Cement, Bricks, Stones, Tiles, Blocks, etc.)"
SATRING ITEM,5,"Construction Materials (Bricks, Blocks, etc.)",2,"Construction Materials (Cement, Bricks, Stones, Tiles, Blocks, etc.)"
SHATRING,5,"Construction Materials (Bricks, Blocks, etc.)",2,"Construction Materials (Cement, Bricks, Stones, Tiles, Blocks, etc.)"
SHEETS,5,"Construction Materials (Bricks, Blocks, etc.)",2,"Construction Materials (Cement, Bricks, Stones, Tiles, Blocks, etc.)"
SILAP,5,"Construction Materials (Bricks, Blocks, etc.)",2,"Construction Materials (Cement, Bricks, Stones, Tiles, Blocks, etc.)"
SILLI,5,"Construction Materials (Bricks, Blocks, etc.)",2,"Construction Materials (Cement, Bricks, Stones, Tiles, Blocks, etc.)"
STON POWDER,5,"Construction Materials (Bricks, Blocks, etc.)",2,"Construction Materials (Cement, Bricks, Stones, Tiles, Blocks, etc.)"
TAIL,5,"Construction Materials (Bricks, Blocks, etc.)",2,"Construction Materials (Cement, Bricks, Stones, Tiles, Blocks, etc.)"
TAILS,5,"Construction Materials (Bricks, Blocks, etc.)",2,"Construction Materials (Cement, Bricks, Stones, Tiles, Blocks, etc.)"
TIELS,5,"Construction Materials (Bricks, Blocks, etc.)",2,"Construction Materials (Cement, Bricks, Stones, Tiles, Blocks, etc.)"
TIES,5,"Construction Materials (Bricks, Blocks, etc.)",2,"Construction Materials (Cement, Bricks, Stones, Tiles, Blocks, etc.)"
TILE,5,"Construction Materials (Bricks, Blocks, etc.)",2,"Construction Materials (Cement, Bricks, Stones, Tiles, Blocks, etc.)"
TILER,5,"Construction Materials (Bricks, Blocks, etc.)",2,"Construction Materials (Cement, Bricks, Stones, Tiles, Blocks, etc.)"
TILES,5,"Construction Materials (Bricks, Blocks, etc.)",2,"Construction Materials (Cement, Bricks, Stones, Tiles, Blocks, etc.)"
TILES ,5,"Construction Materials (Bricks, Blocks, etc.)",2,"Construction Materials (Cement, Bricks, Stones, Tiles, Blocks, etc.)"
TILS,5,"Construction Materials (Bricks, Blocks, etc.)",2,"Construction Materials (Cement, Bricks, Stones, Tiles, Blocks, etc.)"
TYLE,5,"Construction Materials (Bricks, Blocks, etc.)",2,"Construction Materials (Cement, Bricks, Stones, Tiles, Blocks, etc.)"
TYLES,5,"Construction Materials (Bricks, Blocks, etc.)",2,"Construction Materials (Cement, Bricks, Stones, Tiles, Blocks, etc.)"
WALLS,5,"Construction Materials (Bricks, Blocks, etc.)",2,"Construction Materials (Cement, Bricks, Stones, Tiles, Blocks, etc.)"
WATER PIPE,5,"Construction Materials (Bricks, Blocks, etc.)",2,"Construction Materials (Cement, Bricks, Stones, Tiles, Blocks, etc.)"
WATER PIPES,5,"Construction Materials (Bricks, Blocks, etc.)",2,"Construction Materials (Cement, Bricks, Stones, Tiles, Blocks, etc.)"
        OIL,6,Oil,3,"Petroleum Products, Oil, Gas"
 OIL,6,Oil,3,"Petroleum Products, Oil, Gas"
BIO OIL,6,Oil,3,"Petroleum Products, Oil, Gas"
BLACK OIL,6,Oil,3,"Petroleum Products, Oil, Gas"
CONCRIT OIL,6,Oil,3,"Petroleum Products, Oil, Gas"
ENGIN OIL,6,Oil,3,"Petroleum Products, Oil, Gas"
ENGINE OIL,6,Oil,3,"Petroleum Products, Oil, Gas"
IOIL,6,Oil,3,"Petroleum Products, Oil, Gas"
KACHA OIL,6,Oil,3,"Petroleum Products, Oil, Gas"
KAPAS OIL,6,Oil,3,"Petroleum Products, Oil, Gas"
LUBRICANTS,6,Oil,3,"Petroleum Products, Oil, Gas"
MACHINE OIL,6,Oil,3,"Petroleum Products, Oil, Gas"
MEDITION OIL,6,Oil,3,"Petroleum Products, Oil, Gas"
MITHA OIL,6,Oil,3,"Petroleum Products, Oil, Gas"
OI,6,Oil,3,"Petroleum Products, Oil, Gas"
OIK,6,Oil,3,"Petroleum Products, Oil, Gas"
OIL,6,Oil,3,"Petroleum Products, Oil, Gas"
OIL ,6,Oil,3,"Petroleum Products, Oil, Gas"
OIL  ,6,Oil,3,"Petroleum Products, Oil, Gas"
OIL  TANK,6,Oil,3,"Petroleum Products, Oil, Gas"
OIL (SOAP),6,Oil,3,"Petroleum Products, Oil, Gas"
OIL CAN,6,Oil,3,"Petroleum Products, Oil, Gas"
OIL CANS,6,Oil,3,"Petroleum Products, Oil, Gas"
OIL DRUM,6,Oil,3,"Petroleum Products, Oil, Gas"
OIL FILTERS,6,Oil,3,"Petroleum Products, Oil, Gas"
OIL GAS,6,Oil,3,"Petroleum Products, Oil, Gas"
OIL SOAP,6,Oil,3,"Petroleum Products, Oil, Gas"
OIL TANK,6,Oil,3,"Petroleum Products, Oil, Gas"
OIL TANK ,6,Oil,3,"Petroleum Products, Oil, Gas"
OIL TANKER,6,Oil,3,"Petroleum Products, Oil, Gas"
OIL TANKI,6,Oil,3,"Petroleum Products, Oil, Gas"
OIL TANKS,6,Oil,3,"Petroleum Products, Oil, Gas"
OIL TIN,6,Oil,3,"Petroleum Products, Oil, Gas"
OIL TNK,6,Oil,3,"Petroleum Products, Oil, Gas"
OIL.,6,Oil,3,"Petroleum Products, Oil, Gas"
OILDRUM,6,Oil,3,"Petroleum Products, Oil, Gas"
OILI,6,Oil,3,"Petroleum Products, Oil, Gas"
OILS,6,Oil,3,"Petroleum Products, Oil, Gas"
OILTANK,6,Oil,3,"Petroleum Products, Oil, Gas"
OILTANKER,6,Oil,3,"Petroleum Products, Oil, Gas"
OIR,6,Oil,3,"Petroleum Products, Oil, Gas"
OXIYN,6,Oil,3,"Petroleum Products, Oil, Gas"
REFIN,6,Oil,3,"Petroleum Products, Oil, Gas"
SOAP OIL,6,Oil,3,"Petroleum Products, Oil, Gas"
TAL,6,Oil,3,"Petroleum Products, Oil, Gas"
TANKER OIL,6,Oil,3,"Petroleum Products, Oil, Gas"
TILGIL,6,Oil,3,"Petroleum Products, Oil, Gas"
 GAS,7,Gas,3,"Petroleum Products, Oil, Gas"
AGAR GAS,7,Gas,3,"Petroleum Products, Oil, Gas"
AMMONIA,7,Gas,3,"Petroleum Products, Oil, Gas"
AMONIA,7,Gas,3,"Petroleum Products, Oil, Gas"
AMONIA GAS,7,Gas,3,"Petroleum Products, Oil, Gas"
AMONIUM GAS,7,Gas,3,"Petroleum Products, Oil, Gas"
AMONIYA GAS,7,Gas,3,"Petroleum Products, Oil, Gas"
BHARAT,7,Gas,3,"Petroleum Products, Oil, Gas"
BHARAT GAS,7,Gas,3,"Petroleum Products, Oil, Gas"
BIO GAS,7,Gas,3,"Petroleum Products, Oil, Gas"
BP GAS,7,Gas,3,"Petroleum Products, Oil, Gas"
CLORIN GAS,7,Gas,3,"Petroleum Products, Oil, Gas"
CNF,7,Gas,3,"Petroleum Products, Oil, Gas"
CNG,7,Gas,3,"Petroleum Products, Oil, Gas"
CNG ,7,Gas,3,"Petroleum Products, Oil, Gas"
CNG CYLENDER,7,Gas,3,"Petroleum Products, Oil, Gas"
CNG GAS,7,Gas,3,"Petroleum Products, Oil, Gas"
CNT,7,Gas,3,"Petroleum Products, Oil, Gas"
CO2 GAS,7,Gas,3,"Petroleum Products, Oil, Gas"
CYLENDER,7,Gas,3,"Petroleum Products, Oil, Gas"
CYLINDER,7,Gas,3,"Petroleum Products, Oil, Gas"
CYLINDER ,7,Gas,3,"Petroleum Products, Oil, Gas"
CYLINDERS,7,Gas,3,"Petroleum Products, Oil, Gas"
ETHENOL GAS,7,Gas,3,"Petroleum Products, Oil, Gas"
GAIS,7,Gas,3,"Petroleum Products, Oil, Gas"
GAIS TANK,7,Gas,3,"Petroleum Products, Oil, Gas"
GAS,7,Gas,3,"Petroleum Products, Oil, Gas"
GAS',7,Gas,3,"Petroleum Products, Oil, Gas"
GAS ,7,Gas,3,"Petroleum Products, Oil, Gas"
GAS  ,7,Gas,3,"Petroleum Products, Oil, Gas"
GAS CILENDER,7,Gas,3,"Petroleum Products, Oil, Gas"
GAS CLENDAR,7,Gas,3,"Petroleum Products, Oil, Gas"
GAS CLENDER,7,Gas,3,"Petroleum Products, Oil, Gas"
GAS CYLANDER,7,Gas,3,"Petroleum Products, Oil, Gas"
GAS CYLENDER,7,Gas,3,"Petroleum Products, Oil, Gas"
GAS CYLINDER,7,Gas,3,"Petroleum Products, Oil, Gas"
GAS CYLINDERS,7,Gas,3,"Petroleum Products, Oil, Gas"
GAS EMPTY,7,Gas,3,"Petroleum Products, Oil, Gas"
GAS PLANT,7,Gas,3,"Petroleum Products, Oil, Gas"
GAS PRORSE,7,Gas,3,"Petroleum Products, Oil, Gas"
GAS SILENDRA,7,Gas,3,"Petroleum Products, Oil, Gas"
GAS TANK,7,Gas,3,"Petroleum Products, Oil, Gas"
GAS TANKER,7,Gas,3,"Petroleum Products, Oil, Gas"
GAS TANKI,7,Gas,3,"Petroleum Products, Oil, Gas"
GAS1,7,Gas,3,"Petroleum Products, Oil, Gas"
GAS2,7,Gas,3,"Petroleum Products, Oil, Gas"
GASCYLENDER,7,Gas,3,"Petroleum Products, Oil, Gas"
GASS,7,Gas,3,"Petroleum Products, Oil, Gas"
GASTANK,7,Gas,3,"Petroleum Products, Oil, Gas"
GASZ,7,Gas,3,"Petroleum Products, Oil, Gas"
GES CILENDAR,7,Gas,3,"Petroleum Products, Oil, Gas"
HB Gas,7,Gas,3,"Petroleum Products, Oil, Gas"
HP CYLINDER,7,Gas,3,"Petroleum Products, Oil, Gas"
HP GAIS,7,Gas,3,"Petroleum Products, Oil, Gas"
HP GAS,7,Gas,3,"Petroleum Products, Oil, Gas"
HPGAS,7,Gas,3,"Petroleum Products, Oil, Gas"
HPTANK,7,Gas,3,"Petroleum Products, Oil, Gas"
HYDROGEN,7,Gas,3,"Petroleum Products, Oil, Gas"
HYDROGEN GAS,7,Gas,3,"Petroleum Products, Oil, Gas"
INDANEGAS,7,Gas,3,"Petroleum Products, Oil, Gas"
INDIAN GAS,7,Gas,3,"Petroleum Products, Oil, Gas"
INDIAN LPG,7,Gas,3,"Petroleum Products, Oil, Gas"
L.P.G Gas,7,Gas,3,"Petroleum Products, Oil, Gas"
LG GAS,7,Gas,3,"Petroleum Products, Oil, Gas"
LIQUDE,7,Gas,3,"Petroleum Products, Oil, Gas"
LIQUDE GAS,7,Gas,3,"Petroleum Products, Oil, Gas"
LIQUID,7,Gas,3,"Petroleum Products, Oil, Gas"
LIQUIDE GAS,7,Gas,3,"Petroleum Products, Oil, Gas"
LIQUIED GAS,7,Gas,3,"Petroleum Products, Oil, Gas"
LPG,7,Gas,3,"Petroleum Products, Oil, Gas"
LPG ,7,Gas,3,"Petroleum Products, Oil, Gas"
LPG CYLINDER,7,Gas,3,"Petroleum Products, Oil, Gas"
LPG GAS,7,Gas,3,"Petroleum Products, Oil, Gas"
LPG SELENDER,7,Gas,3,"Petroleum Products, Oil, Gas"
LPG TANK,7,Gas,3,"Petroleum Products, Oil, Gas"
LPG TRUCK,7,Gas,3,"Petroleum Products, Oil, Gas"
LPGas,7,Gas,3,"Petroleum Products, Oil, Gas"
LPGGAS,7,Gas,3,"Petroleum Products, Oil, Gas"
METHANOL GAS,7,Gas,3,"Petroleum Products, Oil, Gas"
METHNOL GAS,7,Gas,3,"Petroleum Products, Oil, Gas"
MTHENOL GAS,7,Gas,3,"Petroleum Products, Oil, Gas"
NITEROGEN GAS,7,Gas,3,"Petroleum Products, Oil, Gas"
NITROGEN GAS,7,Gas,3,"Petroleum Products, Oil, Gas"
OXIEN,7,Gas,3,"Petroleum Products, Oil, Gas"
OXIGEN,7,Gas,3,"Petroleum Products, Oil, Gas"
OXIGEN GAS,7,Gas,3,"Petroleum Products, Oil, Gas"
OXIGIN,7,Gas,3,"Petroleum Products, Oil, Gas"
OXION GAIS,7,Gas,3,"Petroleum Products, Oil, Gas"
OXION GAS,7,Gas,3,"Petroleum Products, Oil, Gas"
OXIZEN,7,Gas,3,"Petroleum Products, Oil, Gas"
OXIZEN CYLINDER ,7,Gas,3,"Petroleum Products, Oil, Gas"
OXYGEN,7,Gas,3,"Petroleum Products, Oil, Gas"
OXYGEN CYLINDERS,7,Gas,3,"Petroleum Products, Oil, Gas"
OXYGEN GAS,7,Gas,3,"Petroleum Products, Oil, Gas"
PNG,7,Gas,3,"Petroleum Products, Oil, Gas"
SELANDER,7,Gas,3,"Petroleum Products, Oil, Gas"
SELENDAR,7,Gas,3,"Petroleum Products, Oil, Gas"
SELENDER,7,Gas,3,"Petroleum Products, Oil, Gas"
SELNEDER,7,Gas,3,"Petroleum Products, Oil, Gas"
SLENDER,7,Gas,3,"Petroleum Products, Oil, Gas"
SUPAR GAS,7,Gas,3,"Petroleum Products, Oil, Gas"
SYCLINDER,7,Gas,3,"Petroleum Products, Oil, Gas"
TANKER GAS,7,Gas,3,"Petroleum Products, Oil, Gas"
THINGAS,7,Gas,3,"Petroleum Products, Oil, Gas"
AIROPLANE OIL,8,"Petrol, Diesel",3,"Petroleum Products, Oil, Gas"
BHARAT PETROL,8,"Petrol, Diesel",3,"Petroleum Products, Oil, Gas"
BHARAT PETROLIUM,8,"Petrol, Diesel",3,"Petroleum Products, Oil, Gas"
BHARTH PETROL,8,"Petrol, Diesel",3,"Petroleum Products, Oil, Gas"
BP PETROL,8,"Petrol, Diesel",3,"Petroleum Products, Oil, Gas"
BP.PETROL,8,"Petrol, Diesel",3,"Petroleum Products, Oil, Gas"
CAROSIN,8,"Petrol, Diesel",3,"Petroleum Products, Oil, Gas"
CAROSIN OIL,8,"Petrol, Diesel",3,"Petroleum Products, Oil, Gas"
DDISEL,8,"Petrol, Diesel",3,"Petroleum Products, Oil, Gas"
DEISEL,8,"Petrol, Diesel",3,"Petroleum Products, Oil, Gas"
DESEL,8,"Petrol, Diesel",3,"Petroleum Products, Oil, Gas"
DIECEL,8,"Petrol, Diesel",3,"Petroleum Products, Oil, Gas"
DIESEL,8,"Petrol, Diesel",3,"Petroleum Products, Oil, Gas"
DILL,8,"Petrol, Diesel",3,"Petroleum Products, Oil, Gas"
DISAL,8,"Petrol, Diesel",3,"Petroleum Products, Oil, Gas"
DISE,8,"Petrol, Diesel",3,"Petroleum Products, Oil, Gas"
DISEL,8,"Petrol, Diesel",3,"Petroleum Products, Oil, Gas"
DISEL TANK,8,"Petrol, Diesel",3,"Petroleum Products, Oil, Gas"
DISELTANK,8,"Petrol, Diesel",3,"Petroleum Products, Oil, Gas"
DISILE,8,"Petrol, Diesel",3,"Petroleum Products, Oil, Gas"
DISLE,8,"Petrol, Diesel",3,"Petroleum Products, Oil, Gas"
FUEL,8,"Petrol, Diesel",3,"Petroleum Products, Oil, Gas"
FULE,8,"Petrol, Diesel",3,"Petroleum Products, Oil, Gas"
HP,8,"Petrol, Diesel",3,"Petroleum Products, Oil, Gas"
HP PETROLIYM,8,"Petrol, Diesel",3,"Petroleum Products, Oil, Gas"
INDIAN  OIL,8,"Petrol, Diesel",3,"Petroleum Products, Oil, Gas"
INDIAN OIL,8,"Petrol, Diesel",3,"Petroleum Products, Oil, Gas"
INDIANOIL,8,"Petrol, Diesel",3,"Petroleum Products, Oil, Gas"
JIO OIL,8,"Petrol, Diesel",3,"Petroleum Products, Oil, Gas"
KEROSENE,8,"Petrol, Diesel",3,"Petroleum Products, Oil, Gas"
PATROL,8,"Petrol, Diesel",3,"Petroleum Products, Oil, Gas"
PEROL,8,"Petrol, Diesel",3,"Petroleum Products, Oil, Gas"
PETROL,8,"Petrol, Diesel",3,"Petroleum Products, Oil, Gas"
PETROL ,8,"Petrol, Diesel",3,"Petroleum Products, Oil, Gas"
PETROL OIL,8,"Petrol, Diesel",3,"Petroleum Products, Oil, Gas"
PETROL TANK,8,"Petrol, Diesel",3,"Petroleum Products, Oil, Gas"
PETROL TANKER,8,"Petrol, Diesel",3,"Petroleum Products, Oil, Gas"
PETROL/DISEL,8,"Petrol, Diesel",3,"Petroleum Products, Oil, Gas"
PETROL/DISEL TANKER,8,"Petrol, Diesel",3,"Petroleum Products, Oil, Gas"
Petroleum,8,"Petrol, Diesel",3,"Petroleum Products, Oil, Gas"
PETROLEUM ,8,"Petrol, Diesel",3,"Petroleum Products, Oil, Gas"
Petroleum Products ,8,"Petrol, Diesel",3,"Petroleum Products, Oil, Gas"
PETROLIUM,8,"Petrol, Diesel",3,"Petroleum Products, Oil, Gas"
PETROLTANK,8,"Petrol, Diesel",3,"Petroleum Products, Oil, Gas"
PETROLTRUCK,8,"Petrol, Diesel",3,"Petroleum Products, Oil, Gas"
RELAINCE,8,"Petrol, Diesel",3,"Petroleum Products, Oil, Gas"
RELIANCE,8,"Petrol, Diesel",3,"Petroleum Products, Oil, Gas"
RELINCE,8,"Petrol, Diesel",3,"Petroleum Products, Oil, Gas"
SPETROL,8,"Petrol, Diesel",3,"Petroleum Products, Oil, Gas"
WHITE PETROL,8,"Petrol, Diesel",3,"Petroleum Products, Oil, Gas"
 LEMON,9,"Milk, Fruits, Vegetables, Flowers, Fish, and Eggs (Perishable Items)",4,"Milk, Fruits, Vegetables, Flowers, Fish, and Eggs (Perishable Items)"
 ONION,9,"Milk, Fruits, Vegetables, Flowers, Fish, and Eggs (Perishable Items)",4,"Milk, Fruits, Vegetables, Flowers, Fish, and Eggs (Perishable Items)"
AALU,9,"Milk, Fruits, Vegetables, Flowers, Fish, and Eggs (Perishable Items)",4,"Milk, Fruits, Vegetables, Flowers, Fish, and Eggs (Perishable Items)"
AAM,9,"Milk, Fruits, Vegetables, Flowers, Fish, and Eggs (Perishable Items)",4,"Milk, Fruits, Vegetables, Flowers, Fish, and Eggs (Perishable Items)"
AAM KA PED,9,"Milk, Fruits, Vegetables, Flowers, Fish, and Eggs (Perishable Items)",4,"Milk, Fruits, Vegetables, Flowers, Fish, and Eggs (Perishable Items)"
ADARAK,9,"Milk, Fruits, Vegetables, Flowers, Fish, and Eggs (Perishable Items)",4,"Milk, Fruits, Vegetables, Flowers, Fish, and Eggs (Perishable Items)"
ADRAK,9,"Milk, Fruits, Vegetables, Flowers, Fish, and Eggs (Perishable Items)",4,"Milk, Fruits, Vegetables, Flowers, Fish, and Eggs (Perishable Items)"
AION,9,"Milk, Fruits, Vegetables, Flowers, Fish, and Eggs (Perishable Items)",4,"Milk, Fruits, Vegetables, Flowers, Fish, and Eggs (Perishable Items)"
ALLO,9,"Milk, Fruits, Vegetables, Flowers, Fish, and Eggs (Perishable Items)",4,"Milk, Fruits, Vegetables, Flowers, Fish, and Eggs (Perishable Items)"
ALLU,9,"Milk, Fruits, Vegetables, Flowers, Fish, and Eggs (Perishable Items)",4,"Milk, Fruits, Vegetables, Flowers, Fish, and Eggs (Perishable Items)"
ALOO,9,"Milk, Fruits, Vegetables, Flowers, Fish, and Eggs (Perishable Items)",4,"Milk, Fruits, Vegetables, Flowers, Fish, and Eggs (Perishable Items)"
ALU,9,"Milk, Fruits, Vegetables, Flowers, Fish, and Eggs (Perishable Items)",4,"Milk, Fruits, Vegetables, Flowers, Fish, and Eggs (Perishable Items)"
AMBLA,9,"Milk, Fruits, Vegetables, Flowers, Fish, and Eggs (Perishable Items)",4,"Milk, Fruits, Vegetables, Flowers, Fish, and Eggs (Perishable Items)"
AMRUD,9,"Milk, Fruits, Vegetables, Flowers, Fish, and Eggs (Perishable Items)",4,"Milk, Fruits, Vegetables, Flowers, Fish, and Eggs (Perishable Items)"
AMUL,9,"Milk, Fruits, Vegetables, Flowers, Fish, and Eggs (Perishable Items)",4,"Milk, Fruits, Vegetables, Flowers, Fish, and Eggs (Perishable Items)"
AMUL MILK,9,"Milk, Fruits, Vegetables, Flowers, Fish, and Eggs (Perishable Items)",4,"Milk, Fruits, Vegetables, Flowers, Fish, and Eggs (Perishable Items)"
AMULMILK,9,"Milk, Fruits, Vegetables, Flowers, Fish, and Eggs (Perishable Items)",4,"Milk, Fruits, Vegetables, Flowers, Fish, and Eggs (Perishable Items)"
ANAAR,9,"Milk, Fruits, Vegetables, Flowers, Fish, and Eggs (Perishable Items)",4,"Milk, Fruits, Vegetables, Flowers, Fish, and Eggs (Perishable Items)"
ANANAS,9,"Milk, Fruits, Vegetables, Flowers, Fish, and Eggs (Perishable Items)",4,"Milk, Fruits, Vegetables, Flowers, Fish, and Eggs (Perishable Items)"
ANAR,9,"Milk, Fruits, Vegetables, Flowers, Fish, and Eggs (Perishable Items)",4,"Milk, Fruits, Vegetables, Flowers, Fish, and Eggs (Perishable Items)"
ANDEE,9,"Milk, Fruits, Vegetables, Flowers, Fish, and Eggs (Perishable Items)",4,"Milk, Fruits, Vegetables, Flowers, Fish, and Eggs (Perishable Items)"
ANGUR,9,"Milk, Fruits, Vegetables, Flowers, Fish, and Eggs (Perishable Items)",4,"Milk, Fruits, Vegetables, Flowers, Fish, and Eggs (Perishable Items)"
APPALE,9,"Milk, Fruits, Vegetables, Flowers, Fish, and Eggs (Perishable Items)",4,"Milk, Fruits, Vegetables, Flowers, Fish, and Eggs (Perishable Items)"
APPLE,9,"Milk, Fruits, Vegetables, Flowers, Fish, and Eggs (Perishable Items)",4,"Milk, Fruits, Vegetables, Flowers, Fish, and Eggs (Perishable Items)"
Apples,9,"Milk, Fruits, Vegetables, Flowers, Fish, and Eggs (Perishable Items)",4,"Milk, Fruits, Vegetables, Flowers, Fish, and Eggs (Perishable Items)"
BAGAN,9,"Milk, Fruits, Vegetables, Flowers, Fish, and Eggs (Perishable Items)",4,"Milk, Fruits, Vegetables, Flowers, Fish, and Eggs (Perishable Items)"
BAKERY,9,"Milk, Fruits, Vegetables, Flowers, Fish, and Eggs (Perishable Items)",4,"Milk, Fruits, Vegetables, Flowers, Fish, and Eggs (Perishable Items)"
BAKKERY,9,"Milk, Fruits, Vegetables, Flowers, Fish, and Eggs (Perishable Items)",4,"Milk, Fruits, Vegetables, Flowers, Fish, and Eggs (Perishable Items)"
BANAN,9,"Milk, Fruits, Vegetables, Flowers, Fish, and Eggs (Perishable Items)",4,"Milk, Fruits, Vegetables, Flowers, Fish, and Eggs (Perishable Items)"
BANANA,9,"Milk, Fruits, Vegetables, Flowers, Fish, and Eggs (Perishable Items)",4,"Milk, Fruits, Vegetables, Flowers, Fish, and Eggs (Perishable Items)"
BANANA ,9,"Milk, Fruits, Vegetables, Flowers, Fish, and Eggs (Perishable Items)",4,"Milk, Fruits, Vegetables, Flowers, Fish, and Eggs (Perishable Items)"
BANANA LEAFS,9,"Milk, Fruits, Vegetables, Flowers, Fish, and Eggs (Perishable Items)",4,"Milk, Fruits, Vegetables, Flowers, Fish, and Eggs (Perishable Items)"
BANANA LOAD,9,"Milk, Fruits, Vegetables, Flowers, Fish, and Eggs (Perishable Items)",4,"Milk, Fruits, Vegetables, Flowers, Fish, and Eggs (Perishable Items)"
BANANAS,9,"Milk, Fruits, Vegetables, Flowers, Fish, and Eggs (Perishable Items)",4,"Milk, Fruits, Vegetables, Flowers, Fish, and Eggs (Perishable Items)"
BANANNA,9,"Milk, Fruits, Vegetables, Flowers, Fish, and Eggs (Perishable Items)",4,"Milk, Fruits, Vegetables, Flowers, Fish, and Eggs (Perishable Items)"
BEANS,9,"Milk, Fruits, Vegetables, Flowers, Fish, and Eggs (Perishable Items)",4,"Milk, Fruits, Vegetables, Flowers, Fish, and Eggs (Perishable Items)"
BEDANA,9,"Milk, Fruits, Vegetables, Flowers, Fish, and Eggs (Perishable Items)",4,"Milk, Fruits, Vegetables, Flowers, Fish, and Eggs (Perishable Items)"
BEEF,9,"Milk, Fruits, Vegetables, Flowers, Fish, and Eggs (Perishable Items)",4,"Milk, Fruits, Vegetables, Flowers, Fish, and Eggs (Perishable Items)"
BEET,9,"Milk, Fruits, Vegetables, Flowers, Fish, and Eggs (Perishable Items)",4,"Milk, Fruits, Vegetables, Flowers, Fish, and Eggs (Perishable Items)"
BEL FRUIT,9,"Milk, Fruits, Vegetables, Flowers, Fish, and Eggs (Perishable Items)",4,"Milk, Fruits, Vegetables, Flowers, Fish, and Eggs (Perishable Items)"
BENGAN,9,"Milk, Fruits, Vegetables, Flowers, Fish, and Eggs (Perishable Items)",4,"Milk, Fruits, Vegetables, Flowers, Fish, and Eggs (Perishable Items)"
BERAD,9,"Milk, Fruits, Vegetables, Flowers, Fish, and Eggs (Perishable Items)",4,"Milk, Fruits, Vegetables, Flowers, Fish, and Eggs (Perishable Items)"
BESAN GATTA,9,"Milk, Fruits, Vegetables, Flowers, Fish, and Eggs (Perishable Items)",4,"Milk, Fruits, Vegetables, Flowers, Fish, and Eggs (Perishable Items)"
BHINS VEGITABLE,9,"Milk, Fruits, Vegetables, Flowers, Fish, and Eggs (Perishable Items)",4,"Milk, Fruits, Vegetables, Flowers, Fish, and Eggs (Perishable Items)"
BOXEXS,9,"Milk, Fruits, Vegetables, Flowers, Fish, and Eggs (Perishable Items)",4,"Milk, Fruits, Vegetables, Flowers, Fish, and Eggs (Perishable Items)"
BRECKRY,9,"Milk, Fruits, Vegetables, Flowers, Fish, and Eggs (Perishable Items)",4,"Milk, Fruits, Vegetables, Flowers, Fish, and Eggs (Perishable Items)"
BREKRY,9,"Milk, Fruits, Vegetables, Flowers, Fish, and Eggs (Perishable Items)",4,"Milk, Fruits, Vegetables, Flowers, Fish, and Eggs (Perishable Items)"
BRINJAL,9,"Milk, Fruits, Vegetables, Flowers, Fish, and Eggs (Perishable Items)",4,"Milk, Fruits, Vegetables, Flowers, Fish, and Eggs (Perishable Items)"
BURGER,9,"Milk, Fruits, Vegetables, Flowers, Fish, and Eggs (Perishable Items)",4,"Milk, Fruits, Vegetables, Flowers, Fish, and Eggs (Perishable Items)"
CABBAGE,9,"Milk, Fruits, Vegetables, Flowers, Fish, and Eggs (Perishable Items)",4,"Milk, Fruits, Vegetables, Flowers, Fish, and Eggs (Perishable Items)"
CARET,9,"Milk, Fruits, Vegetables, Flowers, Fish, and Eggs (Perishable Items)",4,"Milk, Fruits, Vegetables, Flowers, Fish, and Eggs (Perishable Items)"
CARRAT,9,"Milk, Fruits, Vegetables, Flowers, Fish, and Eggs (Perishable Items)",4,"Milk, Fruits, Vegetables, Flowers, Fish, and Eggs (Perishable Items)"
CARRET,9,"Milk, Fruits, Vegetables, Flowers, Fish, and Eggs (Perishable Items)",4,"Milk, Fruits, Vegetables, Flowers, Fish, and Eggs (Perishable Items)"
CARRET ,9,"Milk, Fruits, Vegetables, Flowers, Fish, and Eggs (Perishable Items)",4,"Milk, Fruits, Vegetables, Flowers, Fish, and Eggs (Perishable Items)"
CARRETE,9,"Milk, Fruits, Vegetables, Flowers, Fish, and Eggs (Perishable Items)",4,"Milk, Fruits, Vegetables, Flowers, Fish, and Eggs (Perishable Items)"
CARROT,9,"Milk, Fruits, Vegetables, Flowers, Fish, and Eggs (Perishable Items)",4,"Milk, Fruits, Vegetables, Flowers, Fish, and Eggs (Perishable Items)"
CEMICA TANK,9,"Milk, Fruits, Vegetables, Flowers, Fish, and Eggs (Perishable Items)",4,"Milk, Fruits, Vegetables, Flowers, Fish, and Eggs (Perishable Items)"
CERRAT,9,"Milk, Fruits, Vegetables, Flowers, Fish, and Eggs (Perishable Items)",4,"Milk, Fruits, Vegetables, Flowers, Fish, and Eggs (Perishable Items)"
CHAI ,9,"Milk, Fruits, Vegetables, Flowers, Fish, and Eggs (Perishable Items)",4,"Milk, Fruits, Vegetables, Flowers, Fish, and Eggs (Perishable Items)"
CHAKUNDAR,9,"Milk, Fruits, Vegetables, Flowers, Fish, and Eggs (Perishable Items)",4,"Milk, Fruits, Vegetables, Flowers, Fish, and Eggs (Perishable Items)"
CHECHISE ,9,"Milk, Fruits, Vegetables, Flowers, Fish, and Eggs (Perishable Items)",4,"Milk, Fruits, Vegetables, Flowers, Fish, and Eggs (Perishable Items)"
CHEEKU,9,"Milk, Fruits, Vegetables, Flowers, Fish, and Eggs (Perishable Items)",4,"Milk, Fruits, Vegetables, Flowers, Fish, and Eggs (Perishable Items)"
CHHOLE,9,"Milk, Fruits, Vegetables, Flowers, Fish, and Eggs (Perishable Items)",4,"Milk, Fruits, Vegetables, Flowers, Fish, and Eggs (Perishable Items)"
CHICKENS,9,"Milk, Fruits, Vegetables, Flowers, Fish, and Eggs (Perishable Items)",4,"Milk, Fruits, Vegetables, Flowers, Fish, and Eggs (Perishable Items)"
CHILI,9,"Milk, Fruits, Vegetables, Flowers, Fish, and Eggs (Perishable Items)",4,"Milk, Fruits, Vegetables, Flowers, Fish, and Eggs (Perishable Items)"
CHILL,9,"Milk, Fruits, Vegetables, Flowers, Fish, and Eggs (Perishable Items)",4,"Milk, Fruits, Vegetables, Flowers, Fish, and Eggs (Perishable Items)"
CHILLI,9,"Milk, Fruits, Vegetables, Flowers, Fish, and Eggs (Perishable Items)",4,"Milk, Fruits, Vegetables, Flowers, Fish, and Eggs (Perishable Items)"
CHLLY,9,"Milk, Fruits, Vegetables, Flowers, Fish, and Eggs (Perishable Items)",4,"Milk, Fruits, Vegetables, Flowers, Fish, and Eggs (Perishable Items)"
CHOLE CHANA,9,"Milk, Fruits, Vegetables, Flowers, Fish, and Eggs (Perishable Items)",4,"Milk, Fruits, Vegetables, Flowers, Fish, and Eggs (Perishable Items)"
CHUKANDAR,9,"Milk, Fruits, Vegetables, Flowers, Fish, and Eggs (Perishable Items)",4,"Milk, Fruits, Vegetables, Flowers, Fish, and Eggs (Perishable Items)"
CLOD DRING,9,"Milk, Fruits, Vegetables, Flowers, Fish, and Eggs (Perishable Items)",4,"Milk, Fruits, Vegetables, Flowers, Fish, and Eggs (Perishable Items)"
COCANUT,9,"Milk, Fruits, Vegetables, Flowers, Fish, and Eggs (Perishable Items)",4,"Milk, Fruits, Vegetables, Flowers, Fish, and Eggs (Perishable Items)"
COCONUT,9,"Milk, Fruits, Vegetables, Flowers, Fish, and Eggs (Perishable Items)",4,"Milk, Fruits, Vegetables, Flowers, Fish, and Eggs (Perishable Items)"
COCONUT ,9,"Milk, Fruits, Vegetables, Flowers, Fish, and Eggs (Perishable Items)",4,"Milk, Fruits, Vegetables, Flowers, Fish, and Eggs (Perishable Items)"
COCONUT LEAVES,9,"Milk, Fruits, Vegetables, Flowers, Fish, and Eggs (Perishable Items)",4,"Milk, Fruits, Vegetables, Flowers, Fish, and Eggs (Perishable Items)"
COCONUT WATER,9,"Milk, Fruits, Vegetables, Flowers, Fish, and Eggs (Perishable Items)",4,"Milk, Fruits, Vegetables, Flowers, Fish, and Eggs (Perishable Items)"
COCONUTS,9,"Milk, Fruits, Vegetables, Flowers, Fish, and Eggs (Perishable Items)",4,"Milk, Fruits, Vegetables, Flowers, Fish, and Eggs (Perishable Items)"
COCUNET,9,"Milk, Fruits, Vegetables, Flowers, Fish, and Eggs (Perishable Items)",4,"Milk, Fruits, Vegetables, Flowers, Fish, and Eggs (Perishable Items)"
COLIFLOWER,9,"Milk, Fruits, Vegetables, Flowers, Fish, and Eggs (Perishable Items)",4,"Milk, Fruits, Vegetables, Flowers, Fish, and Eggs (Perishable Items)"
CON,9,"Milk, Fruits, Vegetables, Flowers, Fish, and Eggs (Perishable Items)",4,"Milk, Fruits, Vegetables, Flowers, Fish, and Eggs (Perishable Items)"
CRAP,9,"Milk, Fruits, Vegetables, Flowers, Fish, and Eggs (Perishable Items)",4,"Milk, Fruits, Vegetables, Flowers, Fish, and Eggs (Perishable Items)"
CRATE,9,"Milk, Fruits, Vegetables, Flowers, Fish, and Eggs (Perishable Items)",4,"Milk, Fruits, Vegetables, Flowers, Fish, and Eggs (Perishable Items)"
CREAM ROL,9,"Milk, Fruits, Vegetables, Flowers, Fish, and Eggs (Perishable Items)",4,"Milk, Fruits, Vegetables, Flowers, Fish, and Eggs (Perishable Items)"
CREAT,9,"Milk, Fruits, Vegetables, Flowers, Fish, and Eggs (Perishable Items)",4,"Milk, Fruits, Vegetables, Flowers, Fish, and Eggs (Perishable Items)"
CREP,9,"Milk, Fruits, Vegetables, Flowers, Fish, and Eggs (Perishable Items)",4,"Milk, Fruits, Vegetables, Flowers, Fish, and Eggs (Perishable Items)"
CUCUMBER,9,"Milk, Fruits, Vegetables, Flowers, Fish, and Eggs (Perishable Items)",4,"Milk, Fruits, Vegetables, Flowers, Fish, and Eggs (Perishable Items)"
CURD,9,"Milk, Fruits, Vegetables, Flowers, Fish, and Eggs (Perishable Items)",4,"Milk, Fruits, Vegetables, Flowers, Fish, and Eggs (Perishable Items)"
CURRY LEAVES,9,"Milk, Fruits, Vegetables, Flowers, Fish, and Eggs (Perishable Items)",4,"Milk, Fruits, Vegetables, Flowers, Fish, and Eggs (Perishable Items)"
CUSTARD APPLE,9,"Milk, Fruits, Vegetables, Flowers, Fish, and Eggs (Perishable Items)",4,"Milk, Fruits, Vegetables, Flowers, Fish, and Eggs (Perishable Items)"
DAHI,9,"Milk, Fruits, Vegetables, Flowers, Fish, and Eggs (Perishable Items)",4,"Milk, Fruits, Vegetables, Flowers, Fish, and Eggs (Perishable Items)"
DAIRY,9,"Milk, Fruits, Vegetables, Flowers, Fish, and Eggs (Perishable Items)",4,"Milk, Fruits, Vegetables, Flowers, Fish, and Eggs (Perishable Items)"
DAIRY ITEM,9,"Milk, Fruits, Vegetables, Flowers, Fish, and Eggs (Perishable Items)",4,"Milk, Fruits, Vegetables, Flowers, Fish, and Eggs (Perishable Items)"
DAIRY MATERIAL,9,"Milk, Fruits, Vegetables, Flowers, Fish, and Eggs (Perishable Items)",4,"Milk, Fruits, Vegetables, Flowers, Fish, and Eggs (Perishable Items)"
DAIRY MILK,9,"Milk, Fruits, Vegetables, Flowers, Fish, and Eggs (Perishable Items)",4,"Milk, Fruits, Vegetables, Flowers, Fish, and Eggs (Perishable Items)"
DAIRY PRADACUT,9,"Milk, Fruits, Vegetables, Flowers, Fish, and Eggs (Perishable Items)",4,"Milk, Fruits, Vegetables, Flowers, Fish, and Eggs (Perishable Items)"
DAIRY PRODUCT,9,"Milk, Fruits, Vegetables, Flowers, Fish, and Eggs (Perishable Items)",4,"Milk, Fruits, Vegetables, Flowers, Fish, and Eggs (Perishable Items)"
DALIA,9,"Milk, Fruits, Vegetables, Flowers, Fish, and Eggs (Perishable Items)",4,"Milk, Fruits, Vegetables, Flowers, Fish, and Eggs (Perishable Items)"
DANIA,9,"Milk, Fruits, Vegetables, Flowers, Fish, and Eggs (Perishable Items)",4,"Milk, Fruits, Vegetables, Flowers, Fish, and Eggs (Perishable Items)"
DARE,9,"Milk, Fruits, Vegetables, Flowers, Fish, and Eggs (Perishable Items)",4,"Milk, Fruits, Vegetables, Flowers, Fish, and Eggs (Perishable Items)"
DATES,9,"Milk, Fruits, Vegetables, Flowers, Fish, and Eggs (Perishable Items)",4,"Milk, Fruits, Vegetables, Flowers, Fish, and Eggs (Perishable Items)"
DATES ,9,"Milk, Fruits, Vegetables, Flowers, Fish, and Eggs (Perishable Items)",4,"Milk, Fruits, Vegetables, Flowers, Fish, and Eggs (Perishable Items)"
DHANIA PATTA,9,"Milk, Fruits, Vegetables, Flowers, Fish, and Eggs (Perishable Items)",4,"Milk, Fruits, Vegetables, Flowers, Fish, and Eggs (Perishable Items)"
DHANIA PATTI,9,"Milk, Fruits, Vegetables, Flowers, Fish, and Eggs (Perishable Items)",4,"Milk, Fruits, Vegetables, Flowers, Fish, and Eggs (Perishable Items)"
DHNAIA,9,"Milk, Fruits, Vegetables, Flowers, Fish, and Eggs (Perishable Items)",4,"Milk, Fruits, Vegetables, Flowers, Fish, and Eggs (Perishable Items)"
DIARY,9,"Milk, Fruits, Vegetables, Flowers, Fish, and Eggs (Perishable Items)",4,"Milk, Fruits, Vegetables, Flowers, Fish, and Eggs (Perishable Items)"
DOOD,9,"Milk, Fruits, Vegetables, Flowers, Fish, and Eggs (Perishable Items)",4,"Milk, Fruits, Vegetables, Flowers, Fish, and Eggs (Perishable Items)"
DRY FISH,9,"Milk, Fruits, Vegetables, Flowers, Fish, and Eggs (Perishable Items)",4,"Milk, Fruits, Vegetables, Flowers, Fish, and Eggs (Perishable Items)"
DRY FRUITS,9,"Milk, Fruits, Vegetables, Flowers, Fish, and Eggs (Perishable Items)",4,"Milk, Fruits, Vegetables, Flowers, Fish, and Eggs (Perishable Items)"
DRY FRUTES,9,"Milk, Fruits, Vegetables, Flowers, Fish, and Eggs (Perishable Items)",4,"Milk, Fruits, Vegetables, Flowers, Fish, and Eggs (Perishable Items)"
DUDH,9,"Milk, Fruits, Vegetables, Flowers, Fish, and Eggs (Perishable Items)",4,"Milk, Fruits, Vegetables, Flowers, Fish, and Eggs (Perishable Items)"
EGG,9,"Milk, Fruits, Vegetables, Flowers, Fish, and Eggs (Perishable Items)",4,"Milk, Fruits, Vegetables, Flowers, Fish, and Eggs (Perishable Items)"
EGGS,9,"Milk, Fruits, Vegetables, Flowers, Fish, and Eggs (Perishable Items)",4,"Milk, Fruits, Vegetables, Flowers, Fish, and Eggs (Perishable Items)"
FALI MATAR,9,"Milk, Fruits, Vegetables, Flowers, Fish, and Eggs (Perishable Items)",4,"Milk, Fruits, Vegetables, Flowers, Fish, and Eggs (Perishable Items)"
FISG,9,"Milk, Fruits, Vegetables, Flowers, Fish, and Eggs (Perishable Items)",4,"Milk, Fruits, Vegetables, Flowers, Fish, and Eggs (Perishable Items)"
FISH,9,"Milk, Fruits, Vegetables, Flowers, Fish, and Eggs (Perishable Items)",4,"Milk, Fruits, Vegetables, Flowers, Fish, and Eggs (Perishable Items)"
FISH ,9,"Milk, Fruits, Vegetables, Flowers, Fish, and Eggs (Perishable Items)",4,"Milk, Fruits, Vegetables, Flowers, Fish, and Eggs (Perishable Items)"
FISH BOX,9,"Milk, Fruits, Vegetables, Flowers, Fish, and Eggs (Perishable Items)",4,"Milk, Fruits, Vegetables, Flowers, Fish, and Eggs (Perishable Items)"
FISH POWDER,9,"Milk, Fruits, Vegetables, Flowers, Fish, and Eggs (Perishable Items)",4,"Milk, Fruits, Vegetables, Flowers, Fish, and Eggs (Perishable Items)"
FISH WATER,9,"Milk, Fruits, Vegetables, Flowers, Fish, and Eggs (Perishable Items)",4,"Milk, Fruits, Vegetables, Flowers, Fish, and Eggs (Perishable Items)"
FISHES,9,"Milk, Fruits, Vegetables, Flowers, Fish, and Eggs (Perishable Items)",4,"Milk, Fruits, Vegetables, Flowers, Fish, and Eggs (Perishable Items)"
Fishing,9,"Milk, Fruits, Vegetables, Flowers, Fish, and Eggs (Perishable Items)",4,"Milk, Fruits, Vegetables, Flowers, Fish, and Eggs (Perishable Items)"
FISHLOAD,9,"Milk, Fruits, Vegetables, Flowers, Fish, and Eggs (Perishable Items)",4,"Milk, Fruits, Vegetables, Flowers, Fish, and Eggs (Perishable Items)"
FISHS,9,"Milk, Fruits, Vegetables, Flowers, Fish, and Eggs (Perishable Items)",4,"Milk, Fruits, Vegetables, Flowers, Fish, and Eggs (Perishable Items)"
FLOWER,9,"Milk, Fruits, Vegetables, Flowers, Fish, and Eggs (Perishable Items)",4,"Milk, Fruits, Vegetables, Flowers, Fish, and Eggs (Perishable Items)"
FLOWER ,9,"Milk, Fruits, Vegetables, Flowers, Fish, and Eggs (Perishable Items)",4,"Milk, Fruits, Vegetables, Flowers, Fish, and Eggs (Perishable Items)"
FLOWERS,9,"Milk, Fruits, Vegetables, Flowers, Fish, and Eggs (Perishable Items)",4,"Milk, Fruits, Vegetables, Flowers, Fish, and Eggs (Perishable Items)"
FLOWR,9,"Milk, Fruits, Vegetables, Flowers, Fish, and Eggs (Perishable Items)",4,"Milk, Fruits, Vegetables, Flowers, Fish, and Eggs (Perishable Items)"
FOO,9,"Milk, Fruits, Vegetables, Flowers, Fish, and Eggs (Perishable Items)",4,"Milk, Fruits, Vegetables, Flowers, Fish, and Eggs (Perishable Items)"
FOOD ITEAMS,9,"Milk, Fruits, Vegetables, Flowers, Fish, and Eggs (Perishable Items)",4,"Milk, Fruits, Vegetables, Flowers, Fish, and Eggs (Perishable Items)"
FOOD ITEM,9,"Milk, Fruits, Vegetables, Flowers, Fish, and Eggs (Perishable Items)",4,"Milk, Fruits, Vegetables, Flowers, Fish, and Eggs (Perishable Items)"
FOOL,9,"Milk, Fruits, Vegetables, Flowers, Fish, and Eggs (Perishable Items)",4,"Milk, Fruits, Vegetables, Flowers, Fish, and Eggs (Perishable Items)"
FOSH,9,"Milk, Fruits, Vegetables, Flowers, Fish, and Eggs (Perishable Items)",4,"Milk, Fruits, Vegetables, Flowers, Fish, and Eggs (Perishable Items)"
FRANCE,9,"Milk, Fruits, Vegetables, Flowers, Fish, and Eggs (Perishable Items)",4,"Milk, Fruits, Vegetables, Flowers, Fish, and Eggs (Perishable Items)"
FRANS,9,"Milk, Fruits, Vegetables, Flowers, Fish, and Eggs (Perishable Items)",4,"Milk, Fruits, Vegetables, Flowers, Fish, and Eggs (Perishable Items)"
FRIUTS,9,"Milk, Fruits, Vegetables, Flowers, Fish, and Eggs (Perishable Items)",4,"Milk, Fruits, Vegetables, Flowers, Fish, and Eggs (Perishable Items)"
FROOT,9,"Milk, Fruits, Vegetables, Flowers, Fish, and Eggs (Perishable Items)",4,"Milk, Fruits, Vegetables, Flowers, Fish, and Eggs (Perishable Items)"
FROOT CREAT,9,"Milk, Fruits, Vegetables, Flowers, Fish, and Eggs (Perishable Items)",4,"Milk, Fruits, Vegetables, Flowers, Fish, and Eggs (Perishable Items)"
FROOTS,9,"Milk, Fruits, Vegetables, Flowers, Fish, and Eggs (Perishable Items)",4,"Milk, Fruits, Vegetables, Flowers, Fish, and Eggs (Perishable Items)"
FRUIIT,9,"Milk, Fruits, Vegetables, Flowers, Fish, and Eggs (Perishable Items)",4,"Milk, Fruits, Vegetables, Flowers, Fish, and Eggs (Perishable Items)"
FRUIT,9,"Milk, Fruits, Vegetables, Flowers, Fish, and Eggs (Perishable Items)",4,"Milk, Fruits, Vegetables, Flowers, Fish, and Eggs (Perishable Items)"
FRUIT ,9,"Milk, Fruits, Vegetables, Flowers, Fish, and Eggs (Perishable Items)",4,"Milk, Fruits, Vegetables, Flowers, Fish, and Eggs (Perishable Items)"
FRUIT JAM,9,"Milk, Fruits, Vegetables, Flowers, Fish, and Eggs (Perishable Items)",4,"Milk, Fruits, Vegetables, Flowers, Fish, and Eggs (Perishable Items)"
FRUITI,9,"Milk, Fruits, Vegetables, Flowers, Fish, and Eggs (Perishable Items)",4,"Milk, Fruits, Vegetables, Flowers, Fish, and Eggs (Perishable Items)"
FRUITS,9,"Milk, Fruits, Vegetables, Flowers, Fish, and Eggs (Perishable Items)",4,"Milk, Fruits, Vegetables, Flowers, Fish, and Eggs (Perishable Items)"
FRUITS ,9,"Milk, Fruits, Vegetables, Flowers, Fish, and Eggs (Perishable Items)",4,"Milk, Fruits, Vegetables, Flowers, Fish, and Eggs (Perishable Items)"
Fruits and Vegetables,9,"Milk, Fruits, Vegetables, Flowers, Fish, and Eggs (Perishable Items)",4,"Milk, Fruits, Vegetables, Flowers, Fish, and Eggs (Perishable Items)"
FRUTE,9,"Milk, Fruits, Vegetables, Flowers, Fish, and Eggs (Perishable Items)",4,"Milk, Fruits, Vegetables, Flowers, Fish, and Eggs (Perishable Items)"
FRUTES,9,"Milk, Fruits, Vegetables, Flowers, Fish, and Eggs (Perishable Items)",4,"Milk, Fruits, Vegetables, Flowers, Fish, and Eggs (Perishable Items)"
FRUTI,9,"Milk, Fruits, Vegetables, Flowers, Fish, and Eggs (Perishable Items)",4,"Milk, Fruits, Vegetables, Flowers, Fish, and Eggs (Perishable Items)"
FUROOT,9,"Milk, Fruits, Vegetables, Flowers, Fish, and Eggs (Perishable Items)",4,"Milk, Fruits, Vegetables, Flowers, Fish, and Eggs (Perishable Items)"
FURUTES,9,"Milk, Fruits, Vegetables, Flowers, Fish, and Eggs (Perishable Items)",4,"Milk, Fruits, Vegetables, Flowers, Fish, and Eggs (Perishable Items)"
GAJAR,9,"Milk, Fruits, Vegetables, Flowers, Fish, and Eggs (Perishable Items)",4,"Milk, Fruits, Vegetables, Flowers, Fish, and Eggs (Perishable Items)"
GAJAR VEGITABLE,9,"Milk, Fruits, Vegetables, Flowers, Fish, and Eggs (Perishable Items)",4,"Milk, Fruits, Vegetables, Flowers, Fish, and Eggs (Perishable Items)"
GAJER,9,"Milk, Fruits, Vegetables, Flowers, Fish, and Eggs (Perishable Items)",4,"Milk, Fruits, Vegetables, Flowers, Fish, and Eggs (Perishable Items)"
GARLIC,9,"Milk, Fruits, Vegetables, Flowers, Fish, and Eggs (Perishable Items)",4,"Milk, Fruits, Vegetables, Flowers, Fish, and Eggs (Perishable Items)"
GAZAR,9,"Milk, Fruits, Vegetables, Flowers, Fish, and Eggs (Perishable Items)",4,"Milk, Fruits, Vegetables, Flowers, Fish, and Eggs (Perishable Items)"
GHEE,9,"Milk, Fruits, Vegetables, Flowers, Fish, and Eggs (Perishable Items)",4,"Milk, Fruits, Vegetables, Flowers, Fish, and Eggs (Perishable Items)"
GIJAR,9,"Milk, Fruits, Vegetables, Flowers, Fish, and Eggs (Perishable Items)",4,"Milk, Fruits, Vegetables, Flowers, Fish, and Eggs (Perishable Items)"
GINGER,9,"Milk, Fruits, Vegetables, Flowers, Fish, and Eggs (Perishable Items)",4,"Milk, Fruits, Vegetables, Flowers, Fish, and Eggs (Perishable Items)"
GOBHI,9,"Milk, Fruits, Vegetables, Flowers, Fish, and Eggs (Perishable Items)",4,"Milk, Fruits, Vegetables, Flowers, Fish, and Eggs (Perishable Items)"
GRAFFLOWR,9,"Milk, Fruits, Vegetables, Flowers, Fish, and Eggs (Perishable Items)",4,"Milk, Fruits, Vegetables, Flowers, Fish, and Eggs (Perishable Items)"
GRAPE,9,"Milk, Fruits, Vegetables, Flowers, Fish, and Eggs (Perishable Items)",4,"Milk, Fruits, Vegetables, Flowers, Fish, and Eggs (Perishable Items)"
GRAPES,9,"Milk, Fruits, Vegetables, Flowers, Fish, and Eggs (Perishable Items)",4,"Milk, Fruits, Vegetables, Flowers, Fish, and Eggs (Perishable Items)"
GRAPS,9,"Milk, Fruits, Vegetables, Flowers, Fish, and Eggs (Perishable Items)",4,"Milk, Fruits, Vegetables, Flowers, Fish, and Eggs (Perishable Items)"
GREAPS,9,"Milk, Fruits, Vegetables, Flowers, Fish, and Eggs (Perishable Items)",4,"Milk, Fruits, Vegetables, Flowers, Fish, and Eggs (Perishable Items)"
GREEN CHILLI,9,"Milk, Fruits, Vegetables, Flowers, Fish, and Eggs (Perishable Items)",4,"Milk, Fruits, Vegetables, Flowers, Fish, and Eggs (Perishable Items)"
Green Chillies,9,"Milk, Fruits, Vegetables, Flowers, Fish, and Eggs (Perishable Items)",4,"Milk, Fruits, Vegetables, Flowers, Fish, and Eggs (Perishable Items)"
GREEN MATER,9,"Milk, Fruits, Vegetables, Flowers, Fish, and Eggs (Perishable Items)",4,"Milk, Fruits, Vegetables, Flowers, Fish, and Eggs (Perishable Items)"
GREENCHILLI,9,"Milk, Fruits, Vegetables, Flowers, Fish, and Eggs (Perishable Items)",4,"Milk, Fruits, Vegetables, Flowers, Fish, and Eggs (Perishable Items)"
GUAVA,9,"Milk, Fruits, Vegetables, Flowers, Fish, and Eggs (Perishable Items)",4,"Milk, Fruits, Vegetables, Flowers, Fish, and Eggs (Perishable Items)"
GWABA,9,"Milk, Fruits, Vegetables, Flowers, Fish, and Eggs (Perishable Items)",4,"Milk, Fruits, Vegetables, Flowers, Fish, and Eggs (Perishable Items)"
HANIYA,9,"Milk, Fruits, Vegetables, Flowers, Fish, and Eggs (Perishable Items)",4,"Milk, Fruits, Vegetables, Flowers, Fish, and Eggs (Perishable Items)"
HGEE,9,"Milk, Fruits, Vegetables, Flowers, Fish, and Eggs (Perishable Items)",4,"Milk, Fruits, Vegetables, Flowers, Fish, and Eggs (Perishable Items)"
IC ECREAN,9,"Milk, Fruits, Vegetables, Flowers, Fish, and Eggs (Perishable Items)",4,"Milk, Fruits, Vegetables, Flowers, Fish, and Eggs (Perishable Items)"
ICE,9,"Milk, Fruits, Vegetables, Flowers, Fish, and Eggs (Perishable Items)",4,"Milk, Fruits, Vegetables, Flowers, Fish, and Eggs (Perishable Items)"
ICE CEAM,9,"Milk, Fruits, Vegetables, Flowers, Fish, and Eggs (Perishable Items)",4,"Milk, Fruits, Vegetables, Flowers, Fish, and Eggs (Perishable Items)"
ICE CRAEM,9,"Milk, Fruits, Vegetables, Flowers, Fish, and Eggs (Perishable Items)",4,"Milk, Fruits, Vegetables, Flowers, Fish, and Eggs (Perishable Items)"
ICE CRAM,9,"Milk, Fruits, Vegetables, Flowers, Fish, and Eggs (Perishable Items)",4,"Milk, Fruits, Vegetables, Flowers, Fish, and Eggs (Perishable Items)"
ICE CREAM,9,"Milk, Fruits, Vegetables, Flowers, Fish, and Eggs (Perishable Items)",4,"Milk, Fruits, Vegetables, Flowers, Fish, and Eggs (Perishable Items)"
ICE CREAM ,9,"Milk, Fruits, Vegetables, Flowers, Fish, and Eggs (Perishable Items)",4,"Milk, Fruits, Vegetables, Flowers, Fish, and Eggs (Perishable Items)"
ICE CREEM,9,"Milk, Fruits, Vegetables, Flowers, Fish, and Eggs (Perishable Items)",4,"Milk, Fruits, Vegetables, Flowers, Fish, and Eggs (Perishable Items)"
ICE CREM,9,"Milk, Fruits, Vegetables, Flowers, Fish, and Eggs (Perishable Items)",4,"Milk, Fruits, Vegetables, Flowers, Fish, and Eggs (Perishable Items)"
ICECREAM,9,"Milk, Fruits, Vegetables, Flowers, Fish, and Eggs (Perishable Items)",4,"Milk, Fruits, Vegetables, Flowers, Fish, and Eggs (Perishable Items)"
ICE-CREAM,9,"Milk, Fruits, Vegetables, Flowers, Fish, and Eggs (Perishable Items)",4,"Milk, Fruits, Vegetables, Flowers, Fish, and Eggs (Perishable Items)"
ICECREAM ,9,"Milk, Fruits, Vegetables, Flowers, Fish, and Eggs (Perishable Items)",4,"Milk, Fruits, Vegetables, Flowers, Fish, and Eggs (Perishable Items)"
ICECREEM,9,"Milk, Fruits, Vegetables, Flowers, Fish, and Eggs (Perishable Items)",4,"Milk, Fruits, Vegetables, Flowers, Fish, and Eggs (Perishable Items)"
IDLI POWDER,9,"Milk, Fruits, Vegetables, Flowers, Fish, and Eggs (Perishable Items)",4,"Milk, Fruits, Vegetables, Flowers, Fish, and Eggs (Perishable Items)"
IDLY,9,"Milk, Fruits, Vegetables, Flowers, Fish, and Eggs (Perishable Items)",4,"Milk, Fruits, Vegetables, Flowers, Fish, and Eggs (Perishable Items)"
IDLY ATA,9,"Milk, Fruits, Vegetables, Flowers, Fish, and Eggs (Perishable Items)",4,"Milk, Fruits, Vegetables, Flowers, Fish, and Eggs (Perishable Items)"
IDTLY ATA,9,"Milk, Fruits, Vegetables, Flowers, Fish, and Eggs (Perishable Items)",4,"Milk, Fruits, Vegetables, Flowers, Fish, and Eggs (Perishable Items)"
IMLI,9,"Milk, Fruits, Vegetables, Flowers, Fish, and Eggs (Perishable Items)",4,"Milk, Fruits, Vegetables, Flowers, Fish, and Eggs (Perishable Items)"
JACK FRUTES,9,"Milk, Fruits, Vegetables, Flowers, Fish, and Eggs (Perishable Items)",4,"Milk, Fruits, Vegetables, Flowers, Fish, and Eggs (Perishable Items)"
JAMUN,9,"Milk, Fruits, Vegetables, Flowers, Fish, and Eggs (Perishable Items)",4,"Milk, Fruits, Vegetables, Flowers, Fish, and Eggs (Perishable Items)"
JOLLY,9,"Milk, Fruits, Vegetables, Flowers, Fish, and Eggs (Perishable Items)",4,"Milk, Fruits, Vegetables, Flowers, Fish, and Eggs (Perishable Items)"
JUICE,9,"Milk, Fruits, Vegetables, Flowers, Fish, and Eggs (Perishable Items)",4,"Milk, Fruits, Vegetables, Flowers, Fish, and Eggs (Perishable Items)"
JUICE ,9,"Milk, Fruits, Vegetables, Flowers, Fish, and Eggs (Perishable Items)",4,"Milk, Fruits, Vegetables, Flowers, Fish, and Eggs (Perishable Items)"
KACHA,9,"Milk, Fruits, Vegetables, Flowers, Fish, and Eggs (Perishable Items)",4,"Milk, Fruits, Vegetables, Flowers, Fish, and Eggs (Perishable Items)"
KADDU,9,"Milk, Fruits, Vegetables, Flowers, Fish, and Eggs (Perishable Items)",4,"Milk, Fruits, Vegetables, Flowers, Fish, and Eggs (Perishable Items)"
KADEPETA,9,"Milk, Fruits, Vegetables, Flowers, Fish, and Eggs (Perishable Items)",4,"Milk, Fruits, Vegetables, Flowers, Fish, and Eggs (Perishable Items)"
KADIPATTA,9,"Milk, Fruits, Vegetables, Flowers, Fish, and Eggs (Perishable Items)",4,"Milk, Fruits, Vegetables, Flowers, Fish, and Eggs (Perishable Items)"
KAINGARD,9,"Milk, Fruits, Vegetables, Flowers, Fish, and Eggs (Perishable Items)",4,"Milk, Fruits, Vegetables, Flowers, Fish, and Eggs (Perishable Items)"
KAJI,9,"Milk, Fruits, Vegetables, Flowers, Fish, and Eggs (Perishable Items)",4,"Milk, Fruits, Vegetables, Flowers, Fish, and Eggs (Perishable Items)"
KAJU,9,"Milk, Fruits, Vegetables, Flowers, Fish, and Eggs (Perishable Items)",4,"Milk, Fruits, Vegetables, Flowers, Fish, and Eggs (Perishable Items)"
KAJUR,9,"Milk, Fruits, Vegetables, Flowers, Fish, and Eggs (Perishable Items)",4,"Milk, Fruits, Vegetables, Flowers, Fish, and Eggs (Perishable Items)"
KAKDI,9,"Milk, Fruits, Vegetables, Flowers, Fish, and Eggs (Perishable Items)",4,"Milk, Fruits, Vegetables, Flowers, Fish, and Eggs (Perishable Items)"
KALIFLOWER,9,"Milk, Fruits, Vegetables, Flowers, Fish, and Eggs (Perishable Items)",4,"Milk, Fruits, Vegetables, Flowers, Fish, and Eggs (Perishable Items)"
KALLA,9,"Milk, Fruits, Vegetables, Flowers, Fish, and Eggs (Perishable Items)",4,"Milk, Fruits, Vegetables, Flowers, Fish, and Eggs (Perishable Items)"
KAMALA FRUIT,9,"Milk, Fruits, Vegetables, Flowers, Fish, and Eggs (Perishable Items)",4,"Milk, Fruits, Vegetables, Flowers, Fish, and Eggs (Perishable Items)"
KANDA,9,"Milk, Fruits, Vegetables, Flowers, Fish, and Eggs (Perishable Items)",4,"Milk, Fruits, Vegetables, Flowers, Fish, and Eggs (Perishable Items)"
KARELA,9,"Milk, Fruits, Vegetables, Flowers, Fish, and Eggs (Perishable Items)",4,"Milk, Fruits, Vegetables, Flowers, Fish, and Eggs (Perishable Items)"
KARETE,9,"Milk, Fruits, Vegetables, Flowers, Fish, and Eggs (Perishable Items)",4,"Milk, Fruits, Vegetables, Flowers, Fish, and Eggs (Perishable Items)"
KARKAT,9,"Milk, Fruits, Vegetables, Flowers, Fish, and Eggs (Perishable Items)",4,"Milk, Fruits, Vegetables, Flowers, Fish, and Eggs (Perishable Items)"
KARUVADU,9,"Milk, Fruits, Vegetables, Flowers, Fish, and Eggs (Perishable Items)",4,"Milk, Fruits, Vegetables, Flowers, Fish, and Eggs (Perishable Items)"
KATHAL,9,"Milk, Fruits, Vegetables, Flowers, Fish, and Eggs (Perishable Items)",4,"Milk, Fruits, Vegetables, Flowers, Fish, and Eggs (Perishable Items)"
KELA,9,"Milk, Fruits, Vegetables, Flowers, Fish, and Eggs (Perishable Items)",4,"Milk, Fruits, Vegetables, Flowers, Fish, and Eggs (Perishable Items)"
KERAVAD,9,"Milk, Fruits, Vegetables, Flowers, Fish, and Eggs (Perishable Items)",4,"Milk, Fruits, Vegetables, Flowers, Fish, and Eggs (Perishable Items)"
KFC,9,"Milk, Fruits, Vegetables, Flowers, Fish, and Eggs (Perishable Items)",4,"Milk, Fruits, Vegetables, Flowers, Fish, and Eggs (Perishable Items)"
KHARBUJ,9,"Milk, Fruits, Vegetables, Flowers, Fish, and Eggs (Perishable Items)",4,"Milk, Fruits, Vegetables, Flowers, Fish, and Eggs (Perishable Items)"
KHEERA,9,"Milk, Fruits, Vegetables, Flowers, Fish, and Eggs (Perishable Items)",4,"Milk, Fruits, Vegetables, Flowers, Fish, and Eggs (Perishable Items)"
KHEERE,9,"Milk, Fruits, Vegetables, Flowers, Fish, and Eggs (Perishable Items)",4,"Milk, Fruits, Vegetables, Flowers, Fish, and Eggs (Perishable Items)"
KHIRA,9,"Milk, Fruits, Vegetables, Flowers, Fish, and Eggs (Perishable Items)",4,"Milk, Fruits, Vegetables, Flowers, Fish, and Eggs (Perishable Items)"
KINNU,9,"Milk, Fruits, Vegetables, Flowers, Fish, and Eggs (Perishable Items)",4,"Milk, Fruits, Vegetables, Flowers, Fish, and Eggs (Perishable Items)"
KIVI,9,"Milk, Fruits, Vegetables, Flowers, Fish, and Eggs (Perishable Items)",4,"Milk, Fruits, Vegetables, Flowers, Fish, and Eggs (Perishable Items)"
KUDIL,9,"Milk, Fruits, Vegetables, Flowers, Fish, and Eggs (Perishable Items)",4,"Milk, Fruits, Vegetables, Flowers, Fish, and Eggs (Perishable Items)"
LADU,9,"Milk, Fruits, Vegetables, Flowers, Fish, and Eggs (Perishable Items)",4,"Milk, Fruits, Vegetables, Flowers, Fish, and Eggs (Perishable Items)"
LAHSUN,9,"Milk, Fruits, Vegetables, Flowers, Fish, and Eggs (Perishable Items)",4,"Milk, Fruits, Vegetables, Flowers, Fish, and Eggs (Perishable Items)"
LASUN,9,"Milk, Fruits, Vegetables, Flowers, Fish, and Eggs (Perishable Items)",4,"Milk, Fruits, Vegetables, Flowers, Fish, and Eggs (Perishable Items)"
LEMON,9,"Milk, Fruits, Vegetables, Flowers, Fish, and Eggs (Perishable Items)",4,"Milk, Fruits, Vegetables, Flowers, Fish, and Eggs (Perishable Items)"
LESUN,9,"Milk, Fruits, Vegetables, Flowers, Fish, and Eggs (Perishable Items)",4,"Milk, Fruits, Vegetables, Flowers, Fish, and Eggs (Perishable Items)"
LICHI,9,"Milk, Fruits, Vegetables, Flowers, Fish, and Eggs (Perishable Items)",4,"Milk, Fruits, Vegetables, Flowers, Fish, and Eggs (Perishable Items)"
LIME,9,"Milk, Fruits, Vegetables, Flowers, Fish, and Eggs (Perishable Items)",4,"Milk, Fruits, Vegetables, Flowers, Fish, and Eggs (Perishable Items)"
MAITHI,9,"Milk, Fruits, Vegetables, Flowers, Fish, and Eggs (Perishable Items)",4,"Milk, Fruits, Vegetables, Flowers, Fish, and Eggs (Perishable Items)"
MAKKHAN,9,"Milk, Fruits, Vegetables, Flowers, Fish, and Eggs (Perishable Items)",4,"Milk, Fruits, Vegetables, Flowers, Fish, and Eggs (Perishable Items)"
MALAI,9,"Milk, Fruits, Vegetables, Flowers, Fish, and Eggs (Perishable Items)",4,"Milk, Fruits, Vegetables, Flowers, Fish, and Eggs (Perishable Items)"
MANDI,9,"Milk, Fruits, Vegetables, Flowers, Fish, and Eggs (Perishable Items)",4,"Milk, Fruits, Vegetables, Flowers, Fish, and Eggs (Perishable Items)"
MANGO,9,"Milk, Fruits, Vegetables, Flowers, Fish, and Eggs (Perishable Items)",4,"Milk, Fruits, Vegetables, Flowers, Fish, and Eggs (Perishable Items)"
MANGO ,9,"Milk, Fruits, Vegetables, Flowers, Fish, and Eggs (Perishable Items)",4,"Milk, Fruits, Vegetables, Flowers, Fish, and Eggs (Perishable Items)"
MANGO FROOTI,9,"Milk, Fruits, Vegetables, Flowers, Fish, and Eggs (Perishable Items)",4,"Milk, Fruits, Vegetables, Flowers, Fish, and Eggs (Perishable Items)"
MANGO JUICE,9,"Milk, Fruits, Vegetables, Flowers, Fish, and Eggs (Perishable Items)",4,"Milk, Fruits, Vegetables, Flowers, Fish, and Eggs (Perishable Items)"
MANGO LOAD,9,"Milk, Fruits, Vegetables, Flowers, Fish, and Eggs (Perishable Items)",4,"Milk, Fruits, Vegetables, Flowers, Fish, and Eggs (Perishable Items)"
MANGOS,9,"Milk, Fruits, Vegetables, Flowers, Fish, and Eggs (Perishable Items)",4,"Milk, Fruits, Vegetables, Flowers, Fish, and Eggs (Perishable Items)"
MANOGS,9,"Milk, Fruits, Vegetables, Flowers, Fish, and Eggs (Perishable Items)",4,"Milk, Fruits, Vegetables, Flowers, Fish, and Eggs (Perishable Items)"
MASHROOM,9,"Milk, Fruits, Vegetables, Flowers, Fish, and Eggs (Perishable Items)",4,"Milk, Fruits, Vegetables, Flowers, Fish, and Eggs (Perishable Items)"
MASROOM,9,"Milk, Fruits, Vegetables, Flowers, Fish, and Eggs (Perishable Items)",4,"Milk, Fruits, Vegetables, Flowers, Fish, and Eggs (Perishable Items)"
MASRUM,9,"Milk, Fruits, Vegetables, Flowers, Fish, and Eggs (Perishable Items)",4,"Milk, Fruits, Vegetables, Flowers, Fish, and Eggs (Perishable Items)"
MATAR,9,"Milk, Fruits, Vegetables, Flowers, Fish, and Eggs (Perishable Items)",4,"Milk, Fruits, Vegetables, Flowers, Fish, and Eggs (Perishable Items)"
MATHER DAIRY,9,"Milk, Fruits, Vegetables, Flowers, Fish, and Eggs (Perishable Items)",4,"Milk, Fruits, Vegetables, Flowers, Fish, and Eggs (Perishable Items)"
MATTER,9,"Milk, Fruits, Vegetables, Flowers, Fish, and Eggs (Perishable Items)",4,"Milk, Fruits, Vegetables, Flowers, Fish, and Eggs (Perishable Items)"
MATTON,9,"Milk, Fruits, Vegetables, Flowers, Fish, and Eggs (Perishable Items)",4,"Milk, Fruits, Vegetables, Flowers, Fish, and Eggs (Perishable Items)"
MATUR,9,"Milk, Fruits, Vegetables, Flowers, Fish, and Eggs (Perishable Items)",4,"Milk, Fruits, Vegetables, Flowers, Fish, and Eggs (Perishable Items)"
MEAT,9,"Milk, Fruits, Vegetables, Flowers, Fish, and Eggs (Perishable Items)",4,"Milk, Fruits, Vegetables, Flowers, Fish, and Eggs (Perishable Items)"
MEET,9,"Milk, Fruits, Vegetables, Flowers, Fish, and Eggs (Perishable Items)",4,"Milk, Fruits, Vegetables, Flowers, Fish, and Eggs (Perishable Items)"
MEETHA,9,"Milk, Fruits, Vegetables, Flowers, Fish, and Eggs (Perishable Items)",4,"Milk, Fruits, Vegetables, Flowers, Fish, and Eggs (Perishable Items)"
METTER,9,"Milk, Fruits, Vegetables, Flowers, Fish, and Eggs (Perishable Items)",4,"Milk, Fruits, Vegetables, Flowers, Fish, and Eggs (Perishable Items)"
MICHI,9,"Milk, Fruits, Vegetables, Flowers, Fish, and Eggs (Perishable Items)",4,"Milk, Fruits, Vegetables, Flowers, Fish, and Eggs (Perishable Items)"
MIK,9,"Milk, Fruits, Vegetables, Flowers, Fish, and Eggs (Perishable Items)",4,"Milk, Fruits, Vegetables, Flowers, Fish, and Eggs (Perishable Items)"
MIL,9,"Milk, Fruits, Vegetables, Flowers, Fish, and Eggs (Perishable Items)",4,"Milk, Fruits, Vegetables, Flowers, Fish, and Eggs (Perishable Items)"
MILI,9,"Milk, Fruits, Vegetables, Flowers, Fish, and Eggs (Perishable Items)",4,"Milk, Fruits, Vegetables, Flowers, Fish, and Eggs (Perishable Items)"
MILK,9,"Milk, Fruits, Vegetables, Flowers, Fish, and Eggs (Perishable Items)",4,"Milk, Fruits, Vegetables, Flowers, Fish, and Eggs (Perishable Items)"
MILK ,9,"Milk, Fruits, Vegetables, Flowers, Fish, and Eggs (Perishable Items)",4,"Milk, Fruits, Vegetables, Flowers, Fish, and Eggs (Perishable Items)"
MILK  ,9,"Milk, Fruits, Vegetables, Flowers, Fish, and Eggs (Perishable Items)",4,"Milk, Fruits, Vegetables, Flowers, Fish, and Eggs (Perishable Items)"
MILK  VAN,9,"Milk, Fruits, Vegetables, Flowers, Fish, and Eggs (Perishable Items)",4,"Milk, Fruits, Vegetables, Flowers, Fish, and Eggs (Perishable Items)"
MILK BOX,9,"Milk, Fruits, Vegetables, Flowers, Fish, and Eggs (Perishable Items)",4,"Milk, Fruits, Vegetables, Flowers, Fish, and Eggs (Perishable Items)"
MILK CANE,9,"Milk, Fruits, Vegetables, Flowers, Fish, and Eggs (Perishable Items)",4,"Milk, Fruits, Vegetables, Flowers, Fish, and Eggs (Perishable Items)"
MILK FOOD,9,"Milk, Fruits, Vegetables, Flowers, Fish, and Eggs (Perishable Items)",4,"Milk, Fruits, Vegetables, Flowers, Fish, and Eggs (Perishable Items)"
MILK PACKETS,9,"Milk, Fruits, Vegetables, Flowers, Fish, and Eggs (Perishable Items)",4,"Milk, Fruits, Vegetables, Flowers, Fish, and Eggs (Perishable Items)"
MILK POWDER,9,"Milk, Fruits, Vegetables, Flowers, Fish, and Eggs (Perishable Items)",4,"Milk, Fruits, Vegetables, Flowers, Fish, and Eggs (Perishable Items)"
MILK TANK,9,"Milk, Fruits, Vegetables, Flowers, Fish, and Eggs (Perishable Items)",4,"Milk, Fruits, Vegetables, Flowers, Fish, and Eggs (Perishable Items)"
MILK TANK ,9,"Milk, Fruits, Vegetables, Flowers, Fish, and Eggs (Perishable Items)",4,"Milk, Fruits, Vegetables, Flowers, Fish, and Eggs (Perishable Items)"
MILK TANKER,9,"Milk, Fruits, Vegetables, Flowers, Fish, and Eggs (Perishable Items)",4,"Milk, Fruits, Vegetables, Flowers, Fish, and Eggs (Perishable Items)"
MILK TANL,9,"Milk, Fruits, Vegetables, Flowers, Fish, and Eggs (Perishable Items)",4,"Milk, Fruits, Vegetables, Flowers, Fish, and Eggs (Perishable Items)"
MILK VAN,9,"Milk, Fruits, Vegetables, Flowers, Fish, and Eggs (Perishable Items)",4,"Milk, Fruits, Vegetables, Flowers, Fish, and Eggs (Perishable Items)"
MILK VEHICLE,9,"Milk, Fruits, Vegetables, Flowers, Fish, and Eggs (Perishable Items)",4,"Milk, Fruits, Vegetables, Flowers, Fish, and Eggs (Perishable Items)"
MILKNPRODUCT,9,"Milk, Fruits, Vegetables, Flowers, Fish, and Eggs (Perishable Items)",4,"Milk, Fruits, Vegetables, Flowers, Fish, and Eggs (Perishable Items)"
MILKTANK,9,"Milk, Fruits, Vegetables, Flowers, Fish, and Eggs (Perishable Items)",4,"Milk, Fruits, Vegetables, Flowers, Fish, and Eggs (Perishable Items)"
MILKTANKER,9,"Milk, Fruits, Vegetables, Flowers, Fish, and Eggs (Perishable Items)",4,"Milk, Fruits, Vegetables, Flowers, Fish, and Eggs (Perishable Items)"
MILKVAN,9,"Milk, Fruits, Vegetables, Flowers, Fish, and Eggs (Perishable Items)",4,"Milk, Fruits, Vegetables, Flowers, Fish, and Eggs (Perishable Items)"
MIRCH,9,"Milk, Fruits, Vegetables, Flowers, Fish, and Eggs (Perishable Items)",4,"Milk, Fruits, Vegetables, Flowers, Fish, and Eggs (Perishable Items)"
MIRCHI,9,"Milk, Fruits, Vegetables, Flowers, Fish, and Eggs (Perishable Items)",4,"Milk, Fruits, Vegetables, Flowers, Fish, and Eggs (Perishable Items)"
MIX FRUTES,9,"Milk, Fruits, Vegetables, Flowers, Fish, and Eggs (Perishable Items)",4,"Milk, Fruits, Vegetables, Flowers, Fish, and Eggs (Perishable Items)"
MLIK,9,"Milk, Fruits, Vegetables, Flowers, Fish, and Eggs (Perishable Items)",4,"Milk, Fruits, Vegetables, Flowers, Fish, and Eggs (Perishable Items)"
MLK,9,"Milk, Fruits, Vegetables, Flowers, Fish, and Eggs (Perishable Items)",4,"Milk, Fruits, Vegetables, Flowers, Fish, and Eggs (Perishable Items)"
MOMO CHATNI,9,"Milk, Fruits, Vegetables, Flowers, Fish, and Eggs (Perishable Items)",4,"Milk, Fruits, Vegetables, Flowers, Fish, and Eggs (Perishable Items)"
MOSAMI,9,"Milk, Fruits, Vegetables, Flowers, Fish, and Eggs (Perishable Items)",4,"Milk, Fruits, Vegetables, Flowers, Fish, and Eggs (Perishable Items)"
MOTHER DAIRY,9,"Milk, Fruits, Vegetables, Flowers, Fish, and Eggs (Perishable Items)",4,"Milk, Fruits, Vegetables, Flowers, Fish, and Eggs (Perishable Items)"
MOUSMI,9,"Milk, Fruits, Vegetables, Flowers, Fish, and Eggs (Perishable Items)",4,"Milk, Fruits, Vegetables, Flowers, Fish, and Eggs (Perishable Items)"
MULI,9,"Milk, Fruits, Vegetables, Flowers, Fish, and Eggs (Perishable Items)",4,"Milk, Fruits, Vegetables, Flowers, Fish, and Eggs (Perishable Items)"
MULI VEGITABLE,9,"Milk, Fruits, Vegetables, Flowers, Fish, and Eggs (Perishable Items)",4,"Milk, Fruits, Vegetables, Flowers, Fish, and Eggs (Perishable Items)"
MUNG,9,"Milk, Fruits, Vegetables, Flowers, Fish, and Eggs (Perishable Items)",4,"Milk, Fruits, Vegetables, Flowers, Fish, and Eggs (Perishable Items)"
MUSAMMI,9,"Milk, Fruits, Vegetables, Flowers, Fish, and Eggs (Perishable Items)",4,"Milk, Fruits, Vegetables, Flowers, Fish, and Eggs (Perishable Items)"
MUSHROOM,9,"Milk, Fruits, Vegetables, Flowers, Fish, and Eggs (Perishable Items)",4,"Milk, Fruits, Vegetables, Flowers, Fish, and Eggs (Perishable Items)"
MUSROOM,9,"Milk, Fruits, Vegetables, Flowers, Fish, and Eggs (Perishable Items)",4,"Milk, Fruits, Vegetables, Flowers, Fish, and Eggs (Perishable Items)"
MUTAR,9,"Milk, Fruits, Vegetables, Flowers, Fish, and Eggs (Perishable Items)",4,"Milk, Fruits, Vegetables, Flowers, Fish, and Eggs (Perishable Items)"
MUTTON,9,"Milk, Fruits, Vegetables, Flowers, Fish, and Eggs (Perishable Items)",4,"Milk, Fruits, Vegetables, Flowers, Fish, and Eggs (Perishable Items)"
NARANGI,9,"Milk, Fruits, Vegetables, Flowers, Fish, and Eggs (Perishable Items)",4,"Milk, Fruits, Vegetables, Flowers, Fish, and Eggs (Perishable Items)"
NARIYAL,9,"Milk, Fruits, Vegetables, Flowers, Fish, and Eggs (Perishable Items)",4,"Milk, Fruits, Vegetables, Flowers, Fish, and Eggs (Perishable Items)"
NARIYAL CHILKA,9,"Milk, Fruits, Vegetables, Flowers, Fish, and Eggs (Perishable Items)",4,"Milk, Fruits, Vegetables, Flowers, Fish, and Eggs (Perishable Items)"
NASPATI,9,"Milk, Fruits, Vegetables, Flowers, Fish, and Eggs (Perishable Items)",4,"Milk, Fruits, Vegetables, Flowers, Fish, and Eggs (Perishable Items)"
NIMBOO,9,"Milk, Fruits, Vegetables, Flowers, Fish, and Eggs (Perishable Items)",4,"Milk, Fruits, Vegetables, Flowers, Fish, and Eggs (Perishable Items)"
NIMBU,9,"Milk, Fruits, Vegetables, Flowers, Fish, and Eggs (Perishable Items)",4,"Milk, Fruits, Vegetables, Flowers, Fish, and Eggs (Perishable Items)"
ONIN,9,"Milk, Fruits, Vegetables, Flowers, Fish, and Eggs (Perishable Items)",4,"Milk, Fruits, Vegetables, Flowers, Fish, and Eggs (Perishable Items)"
ONIO,9,"Milk, Fruits, Vegetables, Flowers, Fish, and Eggs (Perishable Items)",4,"Milk, Fruits, Vegetables, Flowers, Fish, and Eggs (Perishable Items)"
ONIOIN,9,"Milk, Fruits, Vegetables, Flowers, Fish, and Eggs (Perishable Items)",4,"Milk, Fruits, Vegetables, Flowers, Fish, and Eggs (Perishable Items)"
ONION,9,"Milk, Fruits, Vegetables, Flowers, Fish, and Eggs (Perishable Items)",4,"Milk, Fruits, Vegetables, Flowers, Fish, and Eggs (Perishable Items)"
ONION ,9,"Milk, Fruits, Vegetables, Flowers, Fish, and Eggs (Perishable Items)",4,"Milk, Fruits, Vegetables, Flowers, Fish, and Eggs (Perishable Items)"
ONIONS,9,"Milk, Fruits, Vegetables, Flowers, Fish, and Eggs (Perishable Items)",4,"Milk, Fruits, Vegetables, Flowers, Fish, and Eggs (Perishable Items)"
ONIOUN,9,"Milk, Fruits, Vegetables, Flowers, Fish, and Eggs (Perishable Items)",4,"Milk, Fruits, Vegetables, Flowers, Fish, and Eggs (Perishable Items)"
ONOIN,9,"Milk, Fruits, Vegetables, Flowers, Fish, and Eggs (Perishable Items)",4,"Milk, Fruits, Vegetables, Flowers, Fish, and Eggs (Perishable Items)"
OONION,9,"Milk, Fruits, Vegetables, Flowers, Fish, and Eggs (Perishable Items)",4,"Milk, Fruits, Vegetables, Flowers, Fish, and Eggs (Perishable Items)"
ORANGE,9,"Milk, Fruits, Vegetables, Flowers, Fish, and Eggs (Perishable Items)",4,"Milk, Fruits, Vegetables, Flowers, Fish, and Eggs (Perishable Items)"
ORANGES,9,"Milk, Fruits, Vegetables, Flowers, Fish, and Eggs (Perishable Items)",4,"Milk, Fruits, Vegetables, Flowers, Fish, and Eggs (Perishable Items)"
PAAN,9,"Milk, Fruits, Vegetables, Flowers, Fish, and Eggs (Perishable Items)",4,"Milk, Fruits, Vegetables, Flowers, Fish, and Eggs (Perishable Items)"
PACKED MILK,9,"Milk, Fruits, Vegetables, Flowers, Fish, and Eggs (Perishable Items)",4,"Milk, Fruits, Vegetables, Flowers, Fish, and Eggs (Perishable Items)"
PAINEAPPLE,9,"Milk, Fruits, Vegetables, Flowers, Fish, and Eggs (Perishable Items)",4,"Milk, Fruits, Vegetables, Flowers, Fish, and Eggs (Perishable Items)"
PALAK,9,"Milk, Fruits, Vegetables, Flowers, Fish, and Eggs (Perishable Items)",4,"Milk, Fruits, Vegetables, Flowers, Fish, and Eggs (Perishable Items)"
PANEER,9,"Milk, Fruits, Vegetables, Flowers, Fish, and Eggs (Perishable Items)",4,"Milk, Fruits, Vegetables, Flowers, Fish, and Eggs (Perishable Items)"
PANEER POWDER,9,"Milk, Fruits, Vegetables, Flowers, Fish, and Eggs (Perishable Items)",4,"Milk, Fruits, Vegetables, Flowers, Fish, and Eggs (Perishable Items)"
PANER,9,"Milk, Fruits, Vegetables, Flowers, Fish, and Eggs (Perishable Items)",4,"Milk, Fruits, Vegetables, Flowers, Fish, and Eggs (Perishable Items)"
PAPAPYA,9,"Milk, Fruits, Vegetables, Flowers, Fish, and Eggs (Perishable Items)",4,"Milk, Fruits, Vegetables, Flowers, Fish, and Eggs (Perishable Items)"
PAPAYA,9,"Milk, Fruits, Vegetables, Flowers, Fish, and Eggs (Perishable Items)",4,"Milk, Fruits, Vegetables, Flowers, Fish, and Eggs (Perishable Items)"
PAPYA,9,"Milk, Fruits, Vegetables, Flowers, Fish, and Eggs (Perishable Items)",4,"Milk, Fruits, Vegetables, Flowers, Fish, and Eggs (Perishable Items)"
PARAS,9,"Milk, Fruits, Vegetables, Flowers, Fish, and Eggs (Perishable Items)",4,"Milk, Fruits, Vegetables, Flowers, Fish, and Eggs (Perishable Items)"
PARMAL,9,"Milk, Fruits, Vegetables, Flowers, Fish, and Eggs (Perishable Items)",4,"Milk, Fruits, Vegetables, Flowers, Fish, and Eggs (Perishable Items)"
PATAL VEGITABLE,9,"Milk, Fruits, Vegetables, Flowers, Fish, and Eggs (Perishable Items)",4,"Milk, Fruits, Vegetables, Flowers, Fish, and Eggs (Perishable Items)"
PATAND,9,"Milk, Fruits, Vegetables, Flowers, Fish, and Eggs (Perishable Items)",4,"Milk, Fruits, Vegetables, Flowers, Fish, and Eggs (Perishable Items)"
PATATO,9,"Milk, Fruits, Vegetables, Flowers, Fish, and Eggs (Perishable Items)",4,"Milk, Fruits, Vegetables, Flowers, Fish, and Eggs (Perishable Items)"
PATEYS,9,"Milk, Fruits, Vegetables, Flowers, Fish, and Eggs (Perishable Items)",4,"Milk, Fruits, Vegetables, Flowers, Fish, and Eggs (Perishable Items)"
PATHA,9,"Milk, Fruits, Vegetables, Flowers, Fish, and Eggs (Perishable Items)",4,"Milk, Fruits, Vegetables, Flowers, Fish, and Eggs (Perishable Items)"
PATNA,9,"Milk, Fruits, Vegetables, Flowers, Fish, and Eggs (Perishable Items)",4,"Milk, Fruits, Vegetables, Flowers, Fish, and Eggs (Perishable Items)"
PATOTO,9,"Milk, Fruits, Vegetables, Flowers, Fish, and Eggs (Perishable Items)",4,"Milk, Fruits, Vegetables, Flowers, Fish, and Eggs (Perishable Items)"
PATTATO,9,"Milk, Fruits, Vegetables, Flowers, Fish, and Eggs (Perishable Items)",4,"Milk, Fruits, Vegetables, Flowers, Fish, and Eggs (Perishable Items)"
PEA,9,"Milk, Fruits, Vegetables, Flowers, Fish, and Eggs (Perishable Items)",4,"Milk, Fruits, Vegetables, Flowers, Fish, and Eggs (Perishable Items)"
PEA MATAR,9,"Milk, Fruits, Vegetables, Flowers, Fish, and Eggs (Perishable Items)",4,"Milk, Fruits, Vegetables, Flowers, Fish, and Eggs (Perishable Items)"
PEANUT,9,"Milk, Fruits, Vegetables, Flowers, Fish, and Eggs (Perishable Items)",4,"Milk, Fruits, Vegetables, Flowers, Fish, and Eggs (Perishable Items)"
PETHA,9,"Milk, Fruits, Vegetables, Flowers, Fish, and Eggs (Perishable Items)",4,"Milk, Fruits, Vegetables, Flowers, Fish, and Eggs (Perishable Items)"
PHOOL,9,"Milk, Fruits, Vegetables, Flowers, Fish, and Eggs (Perishable Items)",4,"Milk, Fruits, Vegetables, Flowers, Fish, and Eggs (Perishable Items)"
PICKLE,9,"Milk, Fruits, Vegetables, Flowers, Fish, and Eggs (Perishable Items)",4,"Milk, Fruits, Vegetables, Flowers, Fish, and Eggs (Perishable Items)"
PINE APPALE,9,"Milk, Fruits, Vegetables, Flowers, Fish, and Eggs (Perishable Items)",4,"Milk, Fruits, Vegetables, Flowers, Fish, and Eggs (Perishable Items)"
PINE APPLE,9,"Milk, Fruits, Vegetables, Flowers, Fish, and Eggs (Perishable Items)",4,"Milk, Fruits, Vegetables, Flowers, Fish, and Eggs (Perishable Items)"
PINEAAPLE,9,"Milk, Fruits, Vegetables, Flowers, Fish, and Eggs (Perishable Items)",4,"Milk, Fruits, Vegetables, Flowers, Fish, and Eggs (Perishable Items)"
PINEAAPPLE,9,"Milk, Fruits, Vegetables, Flowers, Fish, and Eggs (Perishable Items)",4,"Milk, Fruits, Vegetables, Flowers, Fish, and Eggs (Perishable Items)"
PINEAPPLE,9,"Milk, Fruits, Vegetables, Flowers, Fish, and Eggs (Perishable Items)",4,"Milk, Fruits, Vegetables, Flowers, Fish, and Eggs (Perishable Items)"
PINK KHAJUR,9,"Milk, Fruits, Vegetables, Flowers, Fish, and Eggs (Perishable Items)",4,"Milk, Fruits, Vegetables, Flowers, Fish, and Eggs (Perishable Items)"
PINNAKU,9,"Milk, Fruits, Vegetables, Flowers, Fish, and Eggs (Perishable Items)",4,"Milk, Fruits, Vegetables, Flowers, Fish, and Eggs (Perishable Items)"
PIZZA,9,"Milk, Fruits, Vegetables, Flowers, Fish, and Eggs (Perishable Items)",4,"Milk, Fruits, Vegetables, Flowers, Fish, and Eggs (Perishable Items)"
PLANT,9,"Milk, Fruits, Vegetables, Flowers, Fish, and Eggs (Perishable Items)",4,"Milk, Fruits, Vegetables, Flowers, Fish, and Eggs (Perishable Items)"
POMEGRANATE,9,"Milk, Fruits, Vegetables, Flowers, Fish, and Eggs (Perishable Items)",4,"Milk, Fruits, Vegetables, Flowers, Fish, and Eggs (Perishable Items)"
POMOGRENATE,9,"Milk, Fruits, Vegetables, Flowers, Fish, and Eggs (Perishable Items)",4,"Milk, Fruits, Vegetables, Flowers, Fish, and Eggs (Perishable Items)"
POTATA,9,"Milk, Fruits, Vegetables, Flowers, Fish, and Eggs (Perishable Items)",4,"Milk, Fruits, Vegetables, Flowers, Fish, and Eggs (Perishable Items)"
POTATO,9,"Milk, Fruits, Vegetables, Flowers, Fish, and Eggs (Perishable Items)",4,"Milk, Fruits, Vegetables, Flowers, Fish, and Eggs (Perishable Items)"
POTATO  ,9,"Milk, Fruits, Vegetables, Flowers, Fish, and Eggs (Perishable Items)",4,"Milk, Fruits, Vegetables, Flowers, Fish, and Eggs (Perishable Items)"
POTATO/ONION,9,"Milk, Fruits, Vegetables, Flowers, Fish, and Eggs (Perishable Items)",4,"Milk, Fruits, Vegetables, Flowers, Fish, and Eggs (Perishable Items)"
POTATOES,9,"Milk, Fruits, Vegetables, Flowers, Fish, and Eggs (Perishable Items)",4,"Milk, Fruits, Vegetables, Flowers, Fish, and Eggs (Perishable Items)"
POTATOS,9,"Milk, Fruits, Vegetables, Flowers, Fish, and Eggs (Perishable Items)",4,"Milk, Fruits, Vegetables, Flowers, Fish, and Eggs (Perishable Items)"
POTTAO,9,"Milk, Fruits, Vegetables, Flowers, Fish, and Eggs (Perishable Items)",4,"Milk, Fruits, Vegetables, Flowers, Fish, and Eggs (Perishable Items)"
POTTATO,9,"Milk, Fruits, Vegetables, Flowers, Fish, and Eggs (Perishable Items)",4,"Milk, Fruits, Vegetables, Flowers, Fish, and Eggs (Perishable Items)"
PUDINA,9,"Milk, Fruits, Vegetables, Flowers, Fish, and Eggs (Perishable Items)",4,"Milk, Fruits, Vegetables, Flowers, Fish, and Eggs (Perishable Items)"
PUMPKIN,9,"Milk, Fruits, Vegetables, Flowers, Fish, and Eggs (Perishable Items)",4,"Milk, Fruits, Vegetables, Flowers, Fish, and Eggs (Perishable Items)"
PUMPLKIN,9,"Milk, Fruits, Vegetables, Flowers, Fish, and Eggs (Perishable Items)",4,"Milk, Fruits, Vegetables, Flowers, Fish, and Eggs (Perishable Items)"
PYAJ,9,"Milk, Fruits, Vegetables, Flowers, Fish, and Eggs (Perishable Items)",4,"Milk, Fruits, Vegetables, Flowers, Fish, and Eggs (Perishable Items)"
PYAZ,9,"Milk, Fruits, Vegetables, Flowers, Fish, and Eggs (Perishable Items)",4,"Milk, Fruits, Vegetables, Flowers, Fish, and Eggs (Perishable Items)"
ROSE,9,"Milk, Fruits, Vegetables, Flowers, Fish, and Eggs (Perishable Items)",4,"Milk, Fruits, Vegetables, Flowers, Fish, and Eggs (Perishable Items)"
SABJI,9,"Milk, Fruits, Vegetables, Flowers, Fish, and Eggs (Perishable Items)",4,"Milk, Fruits, Vegetables, Flowers, Fish, and Eggs (Perishable Items)"
SABJI ,9,"Milk, Fruits, Vegetables, Flowers, Fish, and Eggs (Perishable Items)",4,"Milk, Fruits, Vegetables, Flowers, Fish, and Eggs (Perishable Items)"
SABZI,9,"Milk, Fruits, Vegetables, Flowers, Fish, and Eggs (Perishable Items)",4,"Milk, Fruits, Vegetables, Flowers, Fish, and Eggs (Perishable Items)"
SAHAD,9,"Milk, Fruits, Vegetables, Flowers, Fish, and Eggs (Perishable Items)",4,"Milk, Fruits, Vegetables, Flowers, Fish, and Eggs (Perishable Items)"
SAKARKAND,9,"Milk, Fruits, Vegetables, Flowers, Fish, and Eggs (Perishable Items)",4,"Milk, Fruits, Vegetables, Flowers, Fish, and Eggs (Perishable Items)"
SAKARKANDI,9,"Milk, Fruits, Vegetables, Flowers, Fish, and Eggs (Perishable Items)",4,"Milk, Fruits, Vegetables, Flowers, Fish, and Eggs (Perishable Items)"
SALGAM,9,"Milk, Fruits, Vegetables, Flowers, Fish, and Eggs (Perishable Items)",4,"Milk, Fruits, Vegetables, Flowers, Fish, and Eggs (Perishable Items)"
SAUCE,9,"Milk, Fruits, Vegetables, Flowers, Fish, and Eggs (Perishable Items)",4,"Milk, Fruits, Vegetables, Flowers, Fish, and Eggs (Perishable Items)"
SEA,9,"Milk, Fruits, Vegetables, Flowers, Fish, and Eggs (Perishable Items)",4,"Milk, Fruits, Vegetables, Flowers, Fish, and Eggs (Perishable Items)"
SEA FOOD,9,"Milk, Fruits, Vegetables, Flowers, Fish, and Eggs (Perishable Items)",4,"Milk, Fruits, Vegetables, Flowers, Fish, and Eggs (Perishable Items)"
SEAFOOD,9,"Milk, Fruits, Vegetables, Flowers, Fish, and Eggs (Perishable Items)",4,"Milk, Fruits, Vegetables, Flowers, Fish, and Eggs (Perishable Items)"
SHIMLA MIRCH,9,"Milk, Fruits, Vegetables, Flowers, Fish, and Eggs (Perishable Items)",4,"Milk, Fruits, Vegetables, Flowers, Fish, and Eggs (Perishable Items)"
SHIMLAMIRCH,9,"Milk, Fruits, Vegetables, Flowers, Fish, and Eggs (Perishable Items)",4,"Milk, Fruits, Vegetables, Flowers, Fish, and Eggs (Perishable Items)"
SIMLA MIRC,9,"Milk, Fruits, Vegetables, Flowers, Fish, and Eggs (Perishable Items)",4,"Milk, Fruits, Vegetables, Flowers, Fish, and Eggs (Perishable Items)"
SIMLA MIRCHI,9,"Milk, Fruits, Vegetables, Flowers, Fish, and Eggs (Perishable Items)",4,"Milk, Fruits, Vegetables, Flowers, Fish, and Eggs (Perishable Items)"
SOYA,9,"Milk, Fruits, Vegetables, Flowers, Fish, and Eggs (Perishable Items)",4,"Milk, Fruits, Vegetables, Flowers, Fish, and Eggs (Perishable Items)"
SOYABEEN,9,"Milk, Fruits, Vegetables, Flowers, Fish, and Eggs (Perishable Items)",4,"Milk, Fruits, Vegetables, Flowers, Fish, and Eggs (Perishable Items)"
SUDHA MILK,9,"Milk, Fruits, Vegetables, Flowers, Fish, and Eggs (Perishable Items)",4,"Milk, Fruits, Vegetables, Flowers, Fish, and Eggs (Perishable Items)"
SUKHI FISH,9,"Milk, Fruits, Vegetables, Flowers, Fish, and Eggs (Perishable Items)",4,"Milk, Fruits, Vegetables, Flowers, Fish, and Eggs (Perishable Items)"
TAMATAR,9,"Milk, Fruits, Vegetables, Flowers, Fish, and Eggs (Perishable Items)",4,"Milk, Fruits, Vegetables, Flowers, Fish, and Eggs (Perishable Items)"
TAMATO,9,"Milk, Fruits, Vegetables, Flowers, Fish, and Eggs (Perishable Items)",4,"Milk, Fruits, Vegetables, Flowers, Fish, and Eggs (Perishable Items)"
TAMAYO,9,"Milk, Fruits, Vegetables, Flowers, Fish, and Eggs (Perishable Items)",4,"Milk, Fruits, Vegetables, Flowers, Fish, and Eggs (Perishable Items)"
TAMOTO,9,"Milk, Fruits, Vegetables, Flowers, Fish, and Eggs (Perishable Items)",4,"Milk, Fruits, Vegetables, Flowers, Fish, and Eggs (Perishable Items)"
TANKER MILK,9,"Milk, Fruits, Vegetables, Flowers, Fish, and Eggs (Perishable Items)",4,"Milk, Fruits, Vegetables, Flowers, Fish, and Eggs (Perishable Items)"
TARBUJ,9,"Milk, Fruits, Vegetables, Flowers, Fish, and Eggs (Perishable Items)",4,"Milk, Fruits, Vegetables, Flowers, Fish, and Eggs (Perishable Items)"
TARFAL,9,"Milk, Fruits, Vegetables, Flowers, Fish, and Eggs (Perishable Items)",4,"Milk, Fruits, Vegetables, Flowers, Fish, and Eggs (Perishable Items)"
TOMAMTO,9,"Milk, Fruits, Vegetables, Flowers, Fish, and Eggs (Perishable Items)",4,"Milk, Fruits, Vegetables, Flowers, Fish, and Eggs (Perishable Items)"
TOMATO,9,"Milk, Fruits, Vegetables, Flowers, Fish, and Eggs (Perishable Items)",4,"Milk, Fruits, Vegetables, Flowers, Fish, and Eggs (Perishable Items)"
TOMMATO,9,"Milk, Fruits, Vegetables, Flowers, Fish, and Eggs (Perishable Items)",4,"Milk, Fruits, Vegetables, Flowers, Fish, and Eggs (Perishable Items)"
UMFALI,9,"Milk, Fruits, Vegetables, Flowers, Fish, and Eggs (Perishable Items)",4,"Milk, Fruits, Vegetables, Flowers, Fish, and Eggs (Perishable Items)"
VAGETABLE,9,"Milk, Fruits, Vegetables, Flowers, Fish, and Eggs (Perishable Items)",4,"Milk, Fruits, Vegetables, Flowers, Fish, and Eggs (Perishable Items)"
VEG,9,"Milk, Fruits, Vegetables, Flowers, Fish, and Eggs (Perishable Items)",4,"Milk, Fruits, Vegetables, Flowers, Fish, and Eggs (Perishable Items)"
VEGATABLES,9,"Milk, Fruits, Vegetables, Flowers, Fish, and Eggs (Perishable Items)",4,"Milk, Fruits, Vegetables, Flowers, Fish, and Eggs (Perishable Items)"
VEGE,9,"Milk, Fruits, Vegetables, Flowers, Fish, and Eggs (Perishable Items)",4,"Milk, Fruits, Vegetables, Flowers, Fish, and Eggs (Perishable Items)"
VEGEGTABLES,9,"Milk, Fruits, Vegetables, Flowers, Fish, and Eggs (Perishable Items)",4,"Milk, Fruits, Vegetables, Flowers, Fish, and Eggs (Perishable Items)"
VEGETABLE,9,"Milk, Fruits, Vegetables, Flowers, Fish, and Eggs (Perishable Items)",4,"Milk, Fruits, Vegetables, Flowers, Fish, and Eggs (Perishable Items)"
VEGETABLE ,9,"Milk, Fruits, Vegetables, Flowers, Fish, and Eggs (Perishable Items)",4,"Milk, Fruits, Vegetables, Flowers, Fish, and Eggs (Perishable Items)"
VEGETABLES,9,"Milk, Fruits, Vegetables, Flowers, Fish, and Eggs (Perishable Items)",4,"Milk, Fruits, Vegetables, Flowers, Fish, and Eggs (Perishable Items)"
VEGETABLES ,9,"Milk, Fruits, Vegetables, Flowers, Fish, and Eggs (Perishable Items)",4,"Milk, Fruits, Vegetables, Flowers, Fish, and Eggs (Perishable Items)"
VEGETABLESS,9,"Milk, Fruits, Vegetables, Flowers, Fish, and Eggs (Perishable Items)",4,"Milk, Fruits, Vegetables, Flowers, Fish, and Eggs (Perishable Items)"
VEGETBALE,9,"Milk, Fruits, Vegetables, Flowers, Fish, and Eggs (Perishable Items)",4,"Milk, Fruits, Vegetables, Flowers, Fish, and Eggs (Perishable Items)"
VEGI,9,"Milk, Fruits, Vegetables, Flowers, Fish, and Eggs (Perishable Items)",4,"Milk, Fruits, Vegetables, Flowers, Fish, and Eggs (Perishable Items)"
VEGIITABLE,9,"Milk, Fruits, Vegetables, Flowers, Fish, and Eggs (Perishable Items)",4,"Milk, Fruits, Vegetables, Flowers, Fish, and Eggs (Perishable Items)"
VEGITABALE,9,"Milk, Fruits, Vegetables, Flowers, Fish, and Eggs (Perishable Items)",4,"Milk, Fruits, Vegetables, Flowers, Fish, and Eggs (Perishable Items)"
VEGITABEL,9,"Milk, Fruits, Vegetables, Flowers, Fish, and Eggs (Perishable Items)",4,"Milk, Fruits, Vegetables, Flowers, Fish, and Eggs (Perishable Items)"
VEGITABLE,9,"Milk, Fruits, Vegetables, Flowers, Fish, and Eggs (Perishable Items)",4,"Milk, Fruits, Vegetables, Flowers, Fish, and Eggs (Perishable Items)"
VEGITABLE  ,9,"Milk, Fruits, Vegetables, Flowers, Fish, and Eggs (Perishable Items)",4,"Milk, Fruits, Vegetables, Flowers, Fish, and Eggs (Perishable Items)"
VEGITABLE MATAR,9,"Milk, Fruits, Vegetables, Flowers, Fish, and Eggs (Perishable Items)",4,"Milk, Fruits, Vegetables, Flowers, Fish, and Eggs (Perishable Items)"
VEGITABLES,9,"Milk, Fruits, Vegetables, Flowers, Fish, and Eggs (Perishable Items)",4,"Milk, Fruits, Vegetables, Flowers, Fish, and Eggs (Perishable Items)"
VEGITBLE,9,"Milk, Fruits, Vegetables, Flowers, Fish, and Eggs (Perishable Items)",4,"Milk, Fruits, Vegetables, Flowers, Fish, and Eggs (Perishable Items)"
VEGTABLE,9,"Milk, Fruits, Vegetables, Flowers, Fish, and Eggs (Perishable Items)",4,"Milk, Fruits, Vegetables, Flowers, Fish, and Eggs (Perishable Items)"
VEGTABLES,9,"Milk, Fruits, Vegetables, Flowers, Fish, and Eggs (Perishable Items)",4,"Milk, Fruits, Vegetables, Flowers, Fish, and Eggs (Perishable Items)"
WATER MELON,9,"Milk, Fruits, Vegetables, Flowers, Fish, and Eggs (Perishable Items)",4,"Milk, Fruits, Vegetables, Flowers, Fish, and Eggs (Perishable Items)"
WATERBOTTLES,9,"Milk, Fruits, Vegetables, Flowers, Fish, and Eggs (Perishable Items)",4,"Milk, Fruits, Vegetables, Flowers, Fish, and Eggs (Perishable Items)"
WATERCANS,9,"Milk, Fruits, Vegetables, Flowers, Fish, and Eggs (Perishable Items)",4,"Milk, Fruits, Vegetables, Flowers, Fish, and Eggs (Perishable Items)"
WATERMALEN,9,"Milk, Fruits, Vegetables, Flowers, Fish, and Eggs (Perishable Items)",4,"Milk, Fruits, Vegetables, Flowers, Fish, and Eggs (Perishable Items)"
WATERMELON,9,"Milk, Fruits, Vegetables, Flowers, Fish, and Eggs (Perishable Items)",4,"Milk, Fruits, Vegetables, Flowers, Fish, and Eggs (Perishable Items)"
5SABUN,10,Grocery Items,5,Grocery Items
AACHAR,10,Grocery Items,5,Grocery Items
AATA,10,Grocery Items,5,Grocery Items
ACHAR,10,Grocery Items,5,Grocery Items
ADIBLE OIL,10,Grocery Items,5,Grocery Items
AGARBATI,10,Grocery Items,5,Grocery Items
AGARBATTI,10,Grocery Items,5,Grocery Items
AGARWATI,10,Grocery Items,5,Grocery Items
ALCHOHAL,10,Grocery Items,5,Grocery Items
ALCHOHAL SPRIT,10,Grocery Items,5,Grocery Items
ALCHOL,10,Grocery Items,5,Grocery Items
ALCOHAL,10,Grocery Items,5,Grocery Items
ALCOHOL,10,Grocery Items,5,Grocery Items
ALCOL,10,Grocery Items,5,Grocery Items
ALKOHAL,10,Grocery Items,5,Grocery Items
ALU BHUJIA,10,Grocery Items,5,Grocery Items
AMCHUR,10,Grocery Items,5,Grocery Items
AMUL POWDER,10,Grocery Items,5,Grocery Items
ASIRWAD ATA,10,Grocery Items,5,Grocery Items
ATA,10,Grocery Items,5,Grocery Items
ATTA,10,Grocery Items,5,Grocery Items
AVT COFFEE,10,Grocery Items,5,Grocery Items
BAAL,10,Grocery Items,5,Grocery Items
BADAAM,10,Grocery Items,5,Grocery Items
BADAM,10,Grocery Items,5,Grocery Items
BAKERY ITEMS,10,Grocery Items,5,Grocery Items
BAKERY ITEMS ,10,Grocery Items,5,Grocery Items
BAKING,10,Grocery Items,5,Grocery Items
BALA CHIPS ,10,Grocery Items,5,Grocery Items
BALAHI BHUJIA,10,Grocery Items,5,Grocery Items
BALAJI NAMKEEN,10,Grocery Items,5,Grocery Items
BALAJI NAMKIN,10,Grocery Items,5,Grocery Items
BALAJI WAFERS,10,Grocery Items,5,Grocery Items
BANG,10,Grocery Items,5,Grocery Items
BAR,10,Grocery Items,5,Grocery Items
BARA,10,Grocery Items,5,Grocery Items
BAUD,10,Grocery Items,5,Grocery Items
BEAR,10,Grocery Items,5,Grocery Items
BEARS,10,Grocery Items,5,Grocery Items
BEDAM,10,Grocery Items,5,Grocery Items
BEEAR,10,Grocery Items,5,Grocery Items
BEEDI,10,Grocery Items,5,Grocery Items
BEER,10,Grocery Items,5,Grocery Items
BEER WINE,10,Grocery Items,5,Grocery Items
BEERBOTTLE,10,Grocery Items,5,Grocery Items
BEERS,10,Grocery Items,5,Grocery Items
BEKARI,10,Grocery Items,5,Grocery Items
BEKERY,10,Grocery Items,5,Grocery Items
BELAM,10,Grocery Items,5,Grocery Items
BELLAM,10,Grocery Items,5,Grocery Items
BER,10,Grocery Items,5,Grocery Items
BERA,10,Grocery Items,5,Grocery Items
BESAN,10,Grocery Items,5,Grocery Items
BESUN,10,Grocery Items,5,Grocery Items
BHANDARA,10,Grocery Items,5,Grocery Items
BHUJIA,10,Grocery Items,5,Grocery Items
BIDI,10,Grocery Items,5,Grocery Items
BIKANER,10,Grocery Items,5,Grocery Items
BIKIT,10,Grocery Items,5,Grocery Items
BIKKIT,10,Grocery Items,5,Grocery Items
BIKSIT,10,Grocery Items,5,Grocery Items
BIKSKIT,10,Grocery Items,5,Grocery Items
BINE,10,Grocery Items,5,Grocery Items
BINGO KURKURE,10,Grocery Items,5,Grocery Items
BIRI,10,Grocery Items,5,Grocery Items
BISAN,10,Grocery Items,5,Grocery Items
BISCUIT,10,Grocery Items,5,Grocery Items
BISCUIT ,10,Grocery Items,5,Grocery Items
BISCUIT POWDER,10,Grocery Items,5,Grocery Items
BISCUITE,10,Grocery Items,5,Grocery Items
BISCUITS,10,Grocery Items,5,Grocery Items
BISCUTE,10,Grocery Items,5,Grocery Items
BISCUTES,10,Grocery Items,5,Grocery Items
BISCUTS,10,Grocery Items,5,Grocery Items
BISKIT,10,Grocery Items,5,Grocery Items
BISKITE,10,Grocery Items,5,Grocery Items
BISLERI,10,Grocery Items,5,Grocery Items
BISLERI WATER BOTTLE,10,Grocery Items,5,Grocery Items
BISLERY,10,Grocery Items,5,Grocery Items
BISLRELI,10,Grocery Items,5,Grocery Items
BISUT,10,Grocery Items,5,Grocery Items
BOOK,10,Grocery Items,5,Grocery Items
BOOKS,10,Grocery Items,5,Grocery Items
BOOST,10,Grocery Items,5,Grocery Items
BOTTLE WATER,10,Grocery Items,5,Grocery Items
BOURBON BISCUITS,10,Grocery Items,5,Grocery Items
BOUTIQUE,10,Grocery Items,5,Grocery Items
BRAED,10,Grocery Items,5,Grocery Items
BRANDI,10,Grocery Items,5,Grocery Items
BREAD,10,Grocery Items,5,Grocery Items
BREADS,10,Grocery Items,5,Grocery Items
BRED,10,Grocery Items,5,Grocery Items
BREEZE,10,Grocery Items,5,Grocery Items
BREEZER,10,Grocery Items,5,Grocery Items
BRINGS,10,Grocery Items,5,Grocery Items
BRITENIA,10,Grocery Items,5,Grocery Items
BSICUIT,10,Grocery Items,5,Grocery Items
BSKIT,10,Grocery Items,5,Grocery Items
BURA,10,Grocery Items,5,Grocery Items
BURADA,10,Grocery Items,5,Grocery Items
BUTTER,10,Grocery Items,5,Grocery Items
CACK,10,Grocery Items,5,Grocery Items
CAKE,10,Grocery Items,5,Grocery Items
CAKES,10,Grocery Items,5,Grocery Items
CAMPA,10,Grocery Items,5,Grocery Items
CAMPAS,10,Grocery Items,5,Grocery Items
CAN PARCEL,10,Grocery Items,5,Grocery Items
CANDY,10,Grocery Items,5,Grocery Items
CANS,10,Grocery Items,5,Grocery Items
CANTEEN,10,Grocery Items,5,Grocery Items
CANTEEN ,10,Grocery Items,5,Grocery Items
CANTIN,10,Grocery Items,5,Grocery Items
CANTIN ITEM,10,Grocery Items,5,Grocery Items
CASMETIC,10,Grocery Items,5,Grocery Items
CATOON MATCH BOX,10,Grocery Items,5,Grocery Items
CHACOLATE,10,Grocery Items,5,Grocery Items
CHAI,10,Grocery Items,5,Grocery Items
CHAI PATTI,10,Grocery Items,5,Grocery Items
CHAIPATI,10,Grocery Items,5,Grocery Items
CHAIPATTI,10,Grocery Items,5,Grocery Items
CHAKKI ATA,10,Grocery Items,5,Grocery Items
CHAKLATE,10,Grocery Items,5,Grocery Items
CHAKLET,10,Grocery Items,5,Grocery Items
CHAKLEY,10,Grocery Items,5,Grocery Items
CHAKLT,10,Grocery Items,5,Grocery Items
CHALET,10,Grocery Items,5,Grocery Items
CHAPTA,10,Grocery Items,5,Grocery Items
CHATNI,10,Grocery Items,5,Grocery Items
CHAY PATTI,10,Grocery Items,5,Grocery Items
CHAYE,10,Grocery Items,5,Grocery Items
CHAYE KULHAD,10,Grocery Items,5,Grocery Items
CHAYE PATTI,10,Grocery Items,5,Grocery Items
CHHAI,10,Grocery Items,5,Grocery Items
CHHANCHH,10,Grocery Items,5,Grocery Items
CHHOHARA,10,Grocery Items,5,Grocery Items
CHIILI POWDER,10,Grocery Items,5,Grocery Items
CHILI POWDER,10,Grocery Items,5,Grocery Items
CHILIPOWDER,10,Grocery Items,5,Grocery Items
CHILLI POWDER,10,Grocery Items,5,Grocery Items
CHILLIPOWDER,10,Grocery Items,5,Grocery Items
CHILLIS,10,Grocery Items,5,Grocery Items
CHIPPS,10,Grocery Items,5,Grocery Items
CHIPS,10,Grocery Items,5,Grocery Items
CHIPS ,10,Grocery Items,5,Grocery Items
CHIPS NAMKEEN,10,Grocery Items,5,Grocery Items
CHIPS NAMKIN,10,Grocery Items,5,Grocery Items
CHIRAUJI,10,Grocery Items,5,Grocery Items
CHOCKLATE,10,Grocery Items,5,Grocery Items
CHOCKLET,10,Grocery Items,5,Grocery Items
CHOCOLAE,10,Grocery Items,5,Grocery Items
CHOCOLATE,10,Grocery Items,5,Grocery Items
CHOCOLATE JUICE,10,Grocery Items,5,Grocery Items
CHOCOLATES,10,Grocery Items,5,Grocery Items
CHOKET,10,Grocery Items,5,Grocery Items
CHOKLATE,10,Grocery Items,5,Grocery Items
CHOKLET,10,Grocery Items,5,Grocery Items
CHOLA,10,Grocery Items,5,Grocery Items
CHOLATES,10,Grocery Items,5,Grocery Items
CHOLCATES,10,Grocery Items,5,Grocery Items
CHOOSE,10,Grocery Items,5,Grocery Items
CHOPS,10,Grocery Items,5,Grocery Items
CHPS,10,Grocery Items,5,Grocery Items
CHURI KACH,10,Grocery Items,5,Grocery Items
CIGARATE,10,Grocery Items,5,Grocery Items
CIGARETTE,10,Grocery Items,5,Grocery Items
CIGARRATE,10,Grocery Items,5,Grocery Items
CIGARRTE,10,Grocery Items,5,Grocery Items
CIGRATE,10,Grocery Items,5,Grocery Items
Coal / Coke,10,Grocery Items,5,Grocery Items
COAL DRINKS,10,Grocery Items,5,Grocery Items
COCACOLA,10,Grocery Items,5,Grocery Items
COCALA,10,Grocery Items,5,Grocery Items
COCK,10,Grocery Items,5,Grocery Items
COCKE,10,Grocery Items,5,Grocery Items
COCKE BOTEL,10,Grocery Items,5,Grocery Items
COCNUT,10,Grocery Items,5,Grocery Items
COCO,10,Grocery Items,5,Grocery Items
COCO COLA,10,Grocery Items,5,Grocery Items
COCO COLA BOTTLES,10,Grocery Items,5,Grocery Items
COCO KOLA,10,Grocery Items,5,Grocery Items
COCOCOLA,10,Grocery Items,5,Grocery Items
COCO-COLA,10,Grocery Items,5,Grocery Items
COCONUT OIL,10,Grocery Items,5,Grocery Items
COFFE POWDER,10,Grocery Items,5,Grocery Items
COFFEE,10,Grocery Items,5,Grocery Items
COFFI,10,Grocery Items,5,Grocery Items
COFFI POWDER,10,Grocery Items,5,Grocery Items
COKE,10,Grocery Items,5,Grocery Items
COKLET,10,Grocery Items,5,Grocery Items
COL DRING,10,Grocery Items,5,Grocery Items
COLAGTE,10,Grocery Items,5,Grocery Items
COLD,10,Grocery Items,5,Grocery Items
COLD DRIMK,10,Grocery Items,5,Grocery Items
COLD DRING,10,Grocery Items,5,Grocery Items
COLD DRINH,10,Grocery Items,5,Grocery Items
COLD DRINK,10,Grocery Items,5,Grocery Items
COLD DRINK',10,Grocery Items,5,Grocery Items
COLD DRINK PEPSI,10,Grocery Items,5,Grocery Items
COLD DRINK SPRITE,10,Grocery Items,5,Grocery Items
COLD DRINK THUMPS UP,10,Grocery Items,5,Grocery Items
COLD DRINK THUMS UP,10,Grocery Items,5,Grocery Items
COLD DRINKS,10,Grocery Items,5,Grocery Items
COLD RING,10,Grocery Items,5,Grocery Items
COLDDRINK,10,Grocery Items,5,Grocery Items
COLDDRINKS,10,Grocery Items,5,Grocery Items
COLDRING,10,Grocery Items,5,Grocery Items
COLDRINK,10,Grocery Items,5,Grocery Items
COLGATE,10,Grocery Items,5,Grocery Items
COLGATE PASTE,10,Grocery Items,5,Grocery Items
COLOR,10,Grocery Items,5,Grocery Items
COOKIE,10,Grocery Items,5,Grocery Items
COOKIES,10,Grocery Items,5,Grocery Items
COOKING,10,Grocery Items,5,Grocery Items
COOKING MATERIAL,10,Grocery Items,5,Grocery Items
COOKING OIL,10,Grocery Items,5,Grocery Items
COOL DRINK,10,Grocery Items,5,Grocery Items
COOL DRINKS,10,Grocery Items,5,Grocery Items
COOLDRIKNS,10,Grocery Items,5,Grocery Items
COOLDRINK,10,Grocery Items,5,Grocery Items
COOLDRINKS,10,Grocery Items,5,Grocery Items
COOLDRNK,10,Grocery Items,5,Grocery Items
COOLRING,10,Grocery Items,5,Grocery Items
COPY,10,Grocery Items,5,Grocery Items
CORN FLAKES,10,Grocery Items,5,Grocery Items
COSMETIC GOODS,10,Grocery Items,5,Grocery Items
CRAKE,10,Grocery Items,5,Grocery Items
CREAM,10,Grocery Items,5,Grocery Items
CREAM ,10,Grocery Items,5,Grocery Items
CUP,10,Grocery Items,5,Grocery Items
DAALCHINI,10,Grocery Items,5,Grocery Items
DABAR ITEM,10,Grocery Items,5,Grocery Items
DABAR OIL,10,Grocery Items,5,Grocery Items
DABER,10,Grocery Items,5,Grocery Items
DABER ITEM,10,Grocery Items,5,Grocery Items
DAIIYA,10,Grocery Items,5,Grocery Items
Dairy Products,10,Grocery Items,5,Grocery Items
DALCHEENI,10,Grocery Items,5,Grocery Items
DALDA,10,Grocery Items,5,Grocery Items
DALIYA,10,Grocery Items,5,Grocery Items
DANAR,10,Grocery Items,5,Grocery Items
DDDS,10,Grocery Items,5,Grocery Items
DETOL,10,Grocery Items,5,Grocery Items
DETOOL,10,Grocery Items,5,Grocery Items
DETTOL SOUP,10,Grocery Items,5,Grocery Items
DHANOIL,10,Grocery Items,5,Grocery Items
DHARA,10,Grocery Items,5,Grocery Items
DHARA MUSTIRED OIL,10,Grocery Items,5,Grocery Items
DHOOP,10,Grocery Items,5,Grocery Items
DIE HAIR COLOUR,10,Grocery Items,5,Grocery Items
DIET,10,Grocery Items,5,Grocery Items
DOKHLA,10,Grocery Items,5,Grocery Items
DOSA,10,Grocery Items,5,Grocery Items
DRINK,10,Grocery Items,5,Grocery Items
DRINKS,10,Grocery Items,5,Grocery Items
DRY FRUIT,10,Grocery Items,5,Grocery Items
DRYFRUITS,10,Grocery Items,5,Grocery Items
DUKAN KA SAMAN,10,Grocery Items,5,Grocery Items
DUSMARK,10,Grocery Items,5,Grocery Items
EDIBILE OIL,10,Grocery Items,5,Grocery Items
EDIBIOIL,10,Grocery Items,5,Grocery Items
EDIBLE OIL,10,Grocery Items,5,Grocery Items
EMALI,10,Grocery Items,5,Grocery Items
ENERGY DRINK,10,Grocery Items,5,Grocery Items
EZEE,10,Grocery Items,5,Grocery Items
FALUDA,10,Grocery Items,5,Grocery Items
FAST FOOD,10,Grocery Items,5,Grocery Items
FCI GOODS,10,Grocery Items,5,Grocery Items
FCI RATION,10,Grocery Items,5,Grocery Items
FEEDING POWDER,10,Grocery Items,5,Grocery Items
FEFIND,10,Grocery Items,5,Grocery Items
FENA,10,Grocery Items,5,Grocery Items
FENA SURF,10,Grocery Items,5,Grocery Items
FEVICOL,10,Grocery Items,5,Grocery Items
FEVIQICK,10,Grocery Items,5,Grocery Items
FIRE WORKS,10,Grocery Items,5,Grocery Items
FISH OIL,10,Grocery Items,5,Grocery Items
FLOOR,10,Grocery Items,5,Grocery Items
FLOUR,10,Grocery Items,5,Grocery Items
FLOUR ATA,10,Grocery Items,5,Grocery Items
FO0D,10,Grocery Items,5,Grocery Items
FOO OIL,10,Grocery Items,5,Grocery Items
FOOD,10,Grocery Items,5,Grocery Items
FOOD DELIVERY,10,Grocery Items,5,Grocery Items
FOOD ITEMS,10,Grocery Items,5,Grocery Items
FOOD IYEM,10,Grocery Items,5,Grocery Items
Food Load,10,Grocery Items,5,Grocery Items
FOOD MATERIALS ,10,Grocery Items,5,Grocery Items
FOOD OIL,10,Grocery Items,5,Grocery Items
FOODDS,10,Grocery Items,5,Grocery Items
FOODITEM,10,Grocery Items,5,Grocery Items
FOODITEMS,10,Grocery Items,5,Grocery Items
FOODS,10,Grocery Items,5,Grocery Items
FORCHUN,10,Grocery Items,5,Grocery Items
FORTUNE,10,Grocery Items,5,Grocery Items
FORTUNE OIL,10,Grocery Items,5,Grocery Items
FORTUNEOIL,10,Grocery Items,5,Grocery Items
FORTUNNE,10,Grocery Items,5,Grocery Items
FOURTUNE,10,Grocery Items,5,Grocery Items
FOURTUNE OIL,10,Grocery Items,5,Grocery Items
Fresh Water,10,Grocery Items,5,Grocery Items
FROOTI,10,Grocery Items,5,Grocery Items
FRUITY,10,Grocery Items,5,Grocery Items
FUL BATTI,10,Grocery Items,5,Grocery Items
FUN,10,Grocery Items,5,Grocery Items
FUNITURE,10,Grocery Items,5,Grocery Items
FURNTURE,10,Grocery Items,5,Grocery Items
FURTUNE,10,Grocery Items,5,Grocery Items
GARAM MASALA,10,Grocery Items,5,Grocery Items
GENERAL STORES,10,Grocery Items,5,Grocery Items
GHAR KA SAMAAN,10,Grocery Items,5,Grocery Items
GHER,10,Grocery Items,5,Grocery Items
GHR SAMA,10,Grocery Items,5,Grocery Items
GHR SAMAN,10,Grocery Items,5,Grocery Items
GHUD,10,Grocery Items,5,Grocery Items
GIFT,10,Grocery Items,5,Grocery Items
GLUCOSE,10,Grocery Items,5,Grocery Items
GOCERY,10,Grocery Items,5,Grocery Items
GOLA,10,Grocery Items,5,Grocery Items
GOLDI MASLA,10,Grocery Items,5,Grocery Items
GOND,10,Grocery Items,5,Grocery Items
GORECRY,10,Grocery Items,5,Grocery Items
GRAM,10,Grocery Items,5,Grocery Items
GRJU,10,Grocery Items,5,Grocery Items
Groceries,10,Grocery Items,5,Grocery Items
GROCERRY,10,Grocery Items,5,Grocery Items
GROCERY,10,Grocery Items,5,Grocery Items
GROCERY ITEM,10,Grocery Items,5,Grocery Items
GROCERY ITME,10,Grocery Items,5,Grocery Items
GROCIERY ITEM,10,Grocery Items,5,Grocery Items
GROCRECIES,10,Grocery Items,5,Grocery Items
GROCRY,10,Grocery Items,5,Grocery Items
GROSERRY,10,Grocery Items,5,Grocery Items
GROSERY,10,Grocery Items,5,Grocery Items
GROSRY,10,Grocery Items,5,Grocery Items
GROUNDNUT,10,Grocery Items,5,Grocery Items
GUD,10,Grocery Items,5,Grocery Items
GULCOSE,10,Grocery Items,5,Grocery Items
GUR,10,Grocery Items,5,Grocery Items
GUTKA,10,Grocery Items,5,Grocery Items
GUTKHA,10,Grocery Items,5,Grocery Items
HAIR COLOR,10,Grocery Items,5,Grocery Items
HAIR COLOUR,10,Grocery Items,5,Grocery Items
HAIR OIL,10,Grocery Items,5,Grocery Items
HALDI,10,Grocery Items,5,Grocery Items
HALDI  ,10,Grocery Items,5,Grocery Items
HALDI NAMAK,10,Grocery Items,5,Grocery Items
HALDI POWDER,10,Grocery Items,5,Grocery Items
HALDIRAM,10,Grocery Items,5,Grocery Items
HALDIRAM ,10,Grocery Items,5,Grocery Items
HALDIRAM BHUJIA,10,Grocery Items,5,Grocery Items
HARPIC,10,Grocery Items,5,Grocery Items
HARPIK,10,Grocery Items,5,Grocery Items
HAWAN,10,Grocery Items,5,Grocery Items
HAWAN SAMAN,10,Grocery Items,5,Grocery Items
HIMALAYA,10,Grocery Items,5,Grocery Items
HING,10,Grocery Items,5,Grocery Items
HONEY,10,Grocery Items,5,Grocery Items
HONEY BEE,10,Grocery Items,5,Grocery Items
HONEYBEE,10,Grocery Items,5,Grocery Items
HONNEY,10,Grocery Items,5,Grocery Items
HORLICKS,10,Grocery Items,5,Grocery Items
HOUSE NEDS,10,Grocery Items,5,Grocery Items
HOUSE THINGS,10,Grocery Items,5,Grocery Items
HUGGIS,10,Grocery Items,5,Grocery Items
ICE ,10,Grocery Items,5,Grocery Items
ICE CREAN,10,Grocery Items,5,Grocery Items
ICE REAM,10,Grocery Items,5,Grocery Items
ICECREM,10,Grocery Items,5,Grocery Items
IDIBLE OIL,10,Grocery Items,5,Grocery Items
ILACHI,10,Grocery Items,5,Grocery Items
ILAICHI,10,Grocery Items,5,Grocery Items
ILAICHI DANA,10,Grocery Items,5,Grocery Items
ITAR,10,Grocery Items,5,Grocery Items
ITG GOLD OIL,10,Grocery Items,5,Grocery Items
JADU,10,Grocery Items,5,Grocery Items
JAGGERY,10,Grocery Items,5,Grocery Items
JAGIRI,10,Grocery Items,5,Grocery Items
JEERA,10,Grocery Items,5,Grocery Items
JELLY,10,Grocery Items,5,Grocery Items
JHADU,10,Grocery Items,5,Grocery Items
JHARU,10,Grocery Items,5,Grocery Items
JIA,10,Grocery Items,5,Grocery Items
JIL,10,Grocery Items,5,Grocery Items
JIRA,10,Grocery Items,5,Grocery Items
JIRA ,10,Grocery Items,5,Grocery Items
JUICE POWDER,10,Grocery Items,5,Grocery Items
JUSH,10,Grocery Items,5,Grocery Items
KACHAI,10,Grocery Items,5,Grocery Items
KACHRI,10,Grocery Items,5,Grocery Items
KALA SALT,10,Grocery Items,5,Grocery Items
KAPUR,10,Grocery Items,5,Grocery Items
KARI POWDER,10,Grocery Items,5,Grocery Items
KATCH,10,Grocery Items,5,Grocery Items
KATCH ITEM,10,Grocery Items,5,Grocery Items
KATCHIP,10,Grocery Items,5,Grocery Items
KELA PATTA,10,Grocery Items,5,Grocery Items
KESAR,10,Grocery Items,5,Grocery Items
KHAINI,10,Grocery Items,5,Grocery Items
KHAJUR,10,Grocery Items,5,Grocery Items
KHALI MUSTIRED OIL,10,Grocery Items,5,Grocery Items
KHENI,10,Grocery Items,5,Grocery Items
KINDERJOY,10,Grocery Items,5,Grocery Items
KING FISHER,10,Grocery Items,5,Grocery Items
KIRAN GOODS,10,Grocery Items,5,Grocery Items
KIRAN STORES,10,Grocery Items,5,Grocery Items
KIRANA,10,Grocery Items,5,Grocery Items
KIRANA GOODS,10,Grocery Items,5,Grocery Items
KIRANA ITEM,10,Grocery Items,5,Grocery Items
KIRANA SAMAN,10,Grocery Items,5,Grocery Items
KIRANAN GOODS ,10,Grocery Items,5,Grocery Items
KIRANAN STORES ,10,Grocery Items,5,Grocery Items
KIRANASAMAN,10,Grocery Items,5,Grocery Items
KISHAN JAM,10,Grocery Items,5,Grocery Items
KISMIS,10,Grocery Items,5,Grocery Items
KOLDRINK,10,Grocery Items,5,Grocery Items
KOLGATE,10,Grocery Items,5,Grocery Items
KOLU,10,Grocery Items,5,Grocery Items
KUKARE,10,Grocery Items,5,Grocery Items
KURKARE,10,Grocery Items,5,Grocery Items
KURKUR,10,Grocery Items,5,Grocery Items
KURKURE,10,Grocery Items,5,Grocery Items
KURKURE ,10,Grocery Items,5,Grocery Items
KURKUREE,10,Grocery Items,5,Grocery Items
LADDU,10,Grocery Items,5,Grocery Items
LASSI,10,Grocery Items,5,Grocery Items
LAYS,10,Grocery Items,5,Grocery Items
LEHSUN,10,Grocery Items,5,Grocery Items
LICHI.JUICE,10,Grocery Items,5,Grocery Items
LIMCA,10,Grocery Items,5,Grocery Items
LINKER,10,Grocery Items,5,Grocery Items
LIPSTIC,10,Grocery Items,5,Grocery Items
LIQIUD,10,Grocery Items,5,Grocery Items
LIQUED,10,Grocery Items,5,Grocery Items
LIQUIED,10,Grocery Items,5,Grocery Items
LIQUIOR,10,Grocery Items,5,Grocery Items
LIQUOR,10,Grocery Items,5,Grocery Items
LIQUR,10,Grocery Items,5,Grocery Items
LUNCH,10,Grocery Items,5,Grocery Items
MAAZA,10,Grocery Items,5,Grocery Items
MACHLI DANA,10,Grocery Items,5,Grocery Items
MAGGI,10,Grocery Items,5,Grocery Items
MAHURI,10,Grocery Items,5,Grocery Items
MAIA,10,Grocery Items,5,Grocery Items
MAIDA,10,Grocery Items,5,Grocery Items
MAIGI,10,Grocery Items,5,Grocery Items
MAKAHAN,10,Grocery Items,5,Grocery Items
MAKHAN,10,Grocery Items,5,Grocery Items
MAKHANA,10,Grocery Items,5,Grocery Items
MAKHANE,10,Grocery Items,5,Grocery Items
MAKKAA,10,Grocery Items,5,Grocery Items
MANCHURAIN MASALA,10,Grocery Items,5,Grocery Items
MANCHURI,10,Grocery Items,5,Grocery Items
MANCHURIAN,10,Grocery Items,5,Grocery Items
MANDAL,10,Grocery Items,5,Grocery Items
MAODA,10,Grocery Items,5,Grocery Items
MARKER,10,Grocery Items,5,Grocery Items
MARKHANA,10,Grocery Items,5,Grocery Items
MASAL,10,Grocery Items,5,Grocery Items
MASALA,10,Grocery Items,5,Grocery Items
MASALE,10,Grocery Items,5,Grocery Items
MASHALA,10,Grocery Items,5,Grocery Items
MASLA,10,Grocery Items,5,Grocery Items
MATCH BOX,10,Grocery Items,5,Grocery Items
MATCH BOXES,10,Grocery Items,5,Grocery Items
MATCHES,10,Grocery Items,5,Grocery Items
MATCHIS,10,Grocery Items,5,Grocery Items
MATTAI,10,Grocery Items,5,Grocery Items
MAZA,10,Grocery Items,5,Grocery Items
MEDA,10,Grocery Items,5,Grocery Items
MEGGI,10,Grocery Items,5,Grocery Items
MEGI,10,Grocery Items,5,Grocery Items
MEHADI KON,10,Grocery Items,5,Grocery Items
MEHANDI,10,Grocery Items,5,Grocery Items
MEHNDI,10,Grocery Items,5,Grocery Items
MIADA,10,Grocery Items,5,Grocery Items
MIDA,10,Grocery Items,5,Grocery Items
MILK  POWDER,10,Grocery Items,5,Grocery Items
MILK ITEMS,10,Grocery Items,5,Grocery Items
MILKPOWDER,10,Grocery Items,5,Grocery Items
MIRCH POWER,10,Grocery Items,5,Grocery Items
MIRCHA,10,Grocery Items,5,Grocery Items
MIRCHI POWDER,10,Grocery Items,5,Grocery Items
MIRH,10,Grocery Items,5,Grocery Items
MITCHI POWDER,10,Grocery Items,5,Grocery Items
MITHAI,10,Grocery Items,5,Grocery Items
MKAHANA,10,Grocery Items,5,Grocery Items
MOMBATI,10,Grocery Items,5,Grocery Items
MORTEIN,10,Grocery Items,5,Grocery Items
MORTIN,10,Grocery Items,5,Grocery Items
MOSQUITO,10,Grocery Items,5,Grocery Items
MUKKI,10,Grocery Items,5,Grocery Items
MUNGFALI OIL,10,Grocery Items,5,Grocery Items
MUNTALI,10,Grocery Items,5,Grocery Items
MURABA,10,Grocery Items,5,Grocery Items
MURI,10,Grocery Items,5,Grocery Items
MURMURA,10,Grocery Items,5,Grocery Items
MURUKKU,10,Grocery Items,5,Grocery Items
MUSTARD OIL,10,Grocery Items,5,Grocery Items
MUSTIRED OIL,10,Grocery Items,5,Grocery Items
NAKEEN,10,Grocery Items,5,Grocery Items
NAKIN,10,Grocery Items,5,Grocery Items
NAMAK,10,Grocery Items,5,Grocery Items
NAMIKIN,10,Grocery Items,5,Grocery Items
NAMIN,10,Grocery Items,5,Grocery Items
NAMKEEN,10,Grocery Items,5,Grocery Items
NAMKEN,10,Grocery Items,5,Grocery Items
NAMKIM,10,Grocery Items,5,Grocery Items
NAMKIN,10,Grocery Items,5,Grocery Items
NAMKIN ,10,Grocery Items,5,Grocery Items
NAPKEEN,10,Grocery Items,5,Grocery Items
NASHLE MATERIAL,10,Grocery Items,5,Grocery Items
NESLE,10,Grocery Items,5,Grocery Items
NIL,10,Grocery Items,5,Grocery Items
NIRMA,10,Grocery Items,5,Grocery Items
NIRMA ,10,Grocery Items,5,Grocery Items
NIRMA SURF,10,Grocery Items,5,Grocery Items
NMIN,10,Grocery Items,5,Grocery Items
NMKIN,10,Grocery Items,5,Grocery Items
NOODALS,10,Grocery Items,5,Grocery Items
NOODLE,10,Grocery Items,5,Grocery Items
NOTE BOOK,10,Grocery Items,5,Grocery Items
NUDDELS,10,Grocery Items,5,Grocery Items
NUDELS,10,Grocery Items,5,Grocery Items
NUT,10,Grocery Items,5,Grocery Items
NUTRAL,10,Grocery Items,5,Grocery Items
OIL DABBA,10,Grocery Items,5,Grocery Items
OIL FOOD,10,Grocery Items,5,Grocery Items
OILFOOD,10,Grocery Items,5,Grocery Items
OTS,10,Grocery Items,5,Grocery Items
PAAN MASALA,10,Grocery Items,5,Grocery Items
PAAV,10,Grocery Items,5,Grocery Items
PACK,10,Grocery Items,5,Grocery Items
PADAM,10,Grocery Items,5,Grocery Items
PALAMOIL,10,Grocery Items,5,Grocery Items
PALM OIL,10,Grocery Items,5,Grocery Items
PALMOIL,10,Grocery Items,5,Grocery Items
PAM OIL,10,Grocery Items,5,Grocery Items
PAMOIL,10,Grocery Items,5,Grocery Items
PAN MASALA,10,Grocery Items,5,Grocery Items
PANI,10,Grocery Items,5,Grocery Items
PANIR,10,Grocery Items,5,Grocery Items
PAPAD,10,Grocery Items,5,Grocery Items
PAPD,10,Grocery Items,5,Grocery Items
PAPSI,10,Grocery Items,5,Grocery Items
PARCHOON,10,Grocery Items,5,Grocery Items
PARCHUN,10,Grocery Items,5,Grocery Items
PARCHUN',10,Grocery Items,5,Grocery Items
PARCHUN ,10,Grocery Items,5,Grocery Items
PARCHUNE,10,Grocery Items,5,Grocery Items
PARFUME,10,Grocery Items,5,Grocery Items
PARLE,10,Grocery Items,5,Grocery Items
PARLEGI,10,Grocery Items,5,Grocery Items
PASTA,10,Grocery Items,5,Grocery Items
PATAKA,10,Grocery Items,5,Grocery Items
PATAMETRE,10,Grocery Items,5,Grocery Items
PATANJALI,10,Grocery Items,5,Grocery Items
PATANJALI ,10,Grocery Items,5,Grocery Items
PATANJALI GOODS,10,Grocery Items,5,Grocery Items
PATANJALI ITEM,10,Grocery Items,5,Grocery Items
PATANJLAI,10,Grocery Items,5,Grocery Items
PATANJLI ITEM,10,Grocery Items,5,Grocery Items
PATTAS,10,Grocery Items,5,Grocery Items
PAV,10,Grocery Items,5,Grocery Items
PAWDER,10,Grocery Items,5,Grocery Items
PEER,10,Grocery Items,5,Grocery Items
PEN,10,Grocery Items,5,Grocery Items
PENAUT,10,Grocery Items,5,Grocery Items
PEPI,10,Grocery Items,5,Grocery Items
PEPSI,10,Grocery Items,5,Grocery Items
PERAL,10,Grocery Items,5,Grocery Items
PERFUME,10,Grocery Items,5,Grocery Items
PICKELS,10,Grocery Items,5,Grocery Items
PICKLES,10,Grocery Items,5,Grocery Items
PISTA,10,Grocery Items,5,Grocery Items
PNIR,10,Grocery Items,5,Grocery Items
POHA,10,Grocery Items,5,Grocery Items
POP,10,Grocery Items,5,Grocery Items
POPCORN,10,Grocery Items,5,Grocery Items
POV,10,Grocery Items,5,Grocery Items
POWDER FISH,10,Grocery Items,5,Grocery Items
POWDER2,10,Grocery Items,5,Grocery Items
PRACHUNE,10,Grocery Items,5,Grocery Items
PRAWNS,10,Grocery Items,5,Grocery Items
PTANJALI,10,Grocery Items,5,Grocery Items
PTANJALI ITEM,10,Grocery Items,5,Grocery Items
PUECHUN,10,Grocery Items,5,Grocery Items
PURCHOON,10,Grocery Items,5,Grocery Items
PURCHUN,10,Grocery Items,5,Grocery Items
PURCHUNE,10,Grocery Items,5,Grocery Items
PURCUN,10,Grocery Items,5,Grocery Items
PURTUNE,10,Grocery Items,5,Grocery Items
PUSTA,10,Grocery Items,5,Grocery Items
RABA,10,Grocery Items,5,Grocery Items
RAITA,10,Grocery Items,5,Grocery Items
RAJNIGANDA,10,Grocery Items,5,Grocery Items
RAKHI,10,Grocery Items,5,Grocery Items
RAM DARSAN,10,Grocery Items,5,Grocery Items
RAPPAR,10,Grocery Items,5,Grocery Items
RASAN,10,Grocery Items,5,Grocery Items
RASGULA,10,Grocery Items,5,Grocery Items
RASHAN,10,Grocery Items,5,Grocery Items
RATION,10,Grocery Items,5,Grocery Items
RAWA,10,Grocery Items,5,Grocery Items
RBD OIL,10,Grocery Items,5,Grocery Items
REAL,10,Grocery Items,5,Grocery Items
RED CHILLI,10,Grocery Items,5,Grocery Items
REDBULL,10,Grocery Items,5,Grocery Items
REDCHILLI,10,Grocery Items,5,Grocery Items
REELS,10,Grocery Items,5,Grocery Items
REFIEND,10,Grocery Items,5,Grocery Items
REFIND,10,Grocery Items,5,Grocery Items
REFINE,10,Grocery Items,5,Grocery Items
REFINE OIL,10,Grocery Items,5,Grocery Items
REFINED,10,Grocery Items,5,Grocery Items
RICE BAG,10,Grocery Items,5,Grocery Items
RIFIND,10,Grocery Items,5,Grocery Items
RIFIND OIL,10,Grocery Items,5,Grocery Items
RIFINE,10,Grocery Items,5,Grocery Items
ROCK SALT,10,Grocery Items,5,Grocery Items
ROCKSALT,10,Grocery Items,5,Grocery Items
ROTI,10,Grocery Items,5,Grocery Items
RUM WINE,10,Grocery Items,5,Grocery Items
SABJI MASALA,10,Grocery Items,5,Grocery Items
SABUN,10,Grocery Items,5,Grocery Items
SABUN ,10,Grocery Items,5,Grocery Items
SABUUN,10,Grocery Items,5,Grocery Items
SADA,10,Grocery Items,5,Grocery Items
SAGAR,10,Grocery Items,5,Grocery Items
SAIMPU,10,Grocery Items,5,Grocery Items
SAKAR,10,Grocery Items,5,Grocery Items
SAKKAR,10,Grocery Items,5,Grocery Items
SAL,10,Grocery Items,5,Grocery Items
SALT,10,Grocery Items,5,Grocery Items
SALTS,10,Grocery Items,5,Grocery Items
SAMPU,10,Grocery Items,5,Grocery Items
SAMPUL,10,Grocery Items,5,Grocery Items
SANT,10,Grocery Items,5,Grocery Items
SANTOOR,10,Grocery Items,5,Grocery Items
SAPANCH,10,Grocery Items,5,Grocery Items
SARIYA POWDER,10,Grocery Items,5,Grocery Items
SARP,10,Grocery Items,5,Grocery Items
SARSO OIL,10,Grocery Items,5,Grocery Items
SATTU,10,Grocery Items,5,Grocery Items
SATU,10,Grocery Items,5,Grocery Items
SAUF,10,Grocery Items,5,Grocery Items
SCRUB,10,Grocery Items,5,Grocery Items
SEET SUGAR,10,Grocery Items,5,Grocery Items
SEMIYA,10,Grocery Items,5,Grocery Items
SEMPOO,10,Grocery Items,5,Grocery Items
SEMPU,10,Grocery Items,5,Grocery Items
SENAGAPENDI,10,Grocery Items,5,Grocery Items
SHAMPOO,10,Grocery Items,5,Grocery Items
SHAMPOOS,10,Grocery Items,5,Grocery Items
SHEMPOO,10,Grocery Items,5,Grocery Items
SHIKAR,10,Grocery Items,5,Grocery Items
SHIPPER,10,Grocery Items,5,Grocery Items
SHOAPS,10,Grocery Items,5,Grocery Items
SHOP,10,Grocery Items,5,Grocery Items
SHOP ITEM,10,Grocery Items,5,Grocery Items
SHOP SAMAN,10,Grocery Items,5,Grocery Items
SINGAR,10,Grocery Items,5,Grocery Items
SIRKA,10,Grocery Items,5,Grocery Items
SKIRTS,10,Grocery Items,5,Grocery Items
SLEEPER,10,Grocery Items,5,Grocery Items
SNACKS,10,Grocery Items,5,Grocery Items
SNAKC,10,Grocery Items,5,Grocery Items
SNAKS,10,Grocery Items,5,Grocery Items
SNAKS ITEM,10,Grocery Items,5,Grocery Items
SOABIN,10,Grocery Items,5,Grocery Items
SOAF,10,Grocery Items,5,Grocery Items
SOAP,10,Grocery Items,5,Grocery Items
SOAP MATERIAL ,10,Grocery Items,5,Grocery Items
SOAPS,10,Grocery Items,5,Grocery Items
SODA,10,Grocery Items,5,Grocery Items
SOFE,10,Grocery Items,5,Grocery Items
SOFT DRINKS,10,Grocery Items,5,Grocery Items
SOPA,10,Grocery Items,5,Grocery Items
SOUP,10,Grocery Items,5,Grocery Items
SOYA BADI,10,Grocery Items,5,Grocery Items
SOYA BEANS,10,Grocery Items,5,Grocery Items
SOYA OIL,10,Grocery Items,5,Grocery Items
SOYABEAN,10,Grocery Items,5,Grocery Items
SOYABEAN ,10,Grocery Items,5,Grocery Items
SOYABEEM,10,Grocery Items,5,Grocery Items
SOYABIN,10,Grocery Items,5,Grocery Items
SOYABIN BARI,10,Grocery Items,5,Grocery Items
SOYABIN OIL,10,Grocery Items,5,Grocery Items
SOYAOIL,10,Grocery Items,5,Grocery Items
SPIRIT,10,Grocery Items,5,Grocery Items
SPIRITE,10,Grocery Items,5,Grocery Items
SPLIT,10,Grocery Items,5,Grocery Items
SPONCH,10,Grocery Items,5,Grocery Items
SPRETI,10,Grocery Items,5,Grocery Items
SPRITE,10,Grocery Items,5,Grocery Items
SPUNJ,10,Grocery Items,5,Grocery Items
STACKER,10,Grocery Items,5,Grocery Items
STATIONARY,10,Grocery Items,5,Grocery Items
STATIONERY,10,Grocery Items,5,Grocery Items
STING DRINK,10,Grocery Items,5,Grocery Items
STORE,10,Grocery Items,5,Grocery Items
SUGAR,10,Grocery Items,5,Grocery Items
SUGAR ,10,Grocery Items,5,Grocery Items
SUGAR STICK,10,Grocery Items,5,Grocery Items
SUGHAR,10,Grocery Items,5,Grocery Items
SUGUR,10,Grocery Items,5,Grocery Items
SUHAR,10,Grocery Items,5,Grocery Items
SUJI,10,Grocery Items,5,Grocery Items
SUPAN,10,Grocery Items,5,Grocery Items
SUPATI,10,Grocery Items,5,Grocery Items
SUPER,10,Grocery Items,5,Grocery Items
SUPER MARKET GOODS,10,Grocery Items,5,Grocery Items
SURF,10,Grocery Items,5,Grocery Items
SURF  ,10,Grocery Items,5,Grocery Items
SURF PACKET,10,Grocery Items,5,Grocery Items
SUSI,10,Grocery Items,5,Grocery Items
SWEEPER,10,Grocery Items,5,Grocery Items
SWEET,10,Grocery Items,5,Grocery Items
SWEET DABBA,10,Grocery Items,5,Grocery Items
SWEET JAM,10,Grocery Items,5,Grocery Items
SWEET SPUNJ,10,Grocery Items,5,Grocery Items
TABACCO,10,Grocery Items,5,Grocery Items
TASMARC,10,Grocery Items,5,Grocery Items
TATA WATR,10,Grocery Items,5,Grocery Items
TEA,10,Grocery Items,5,Grocery Items
TEA ,10,Grocery Items,5,Grocery Items
TEA BOX,10,Grocery Items,5,Grocery Items
TEA POWDER,10,Grocery Items,5,Grocery Items
TEAAPTI,10,Grocery Items,5,Grocery Items
TEAPATTI,10,Grocery Items,5,Grocery Items
TEJ PATA,10,Grocery Items,5,Grocery Items
TEJPAATA,10,Grocery Items,5,Grocery Items
TEJPATA,10,Grocery Items,5,Grocery Items
TEJPATTA,10,Grocery Items,5,Grocery Items
TEL,10,Grocery Items,5,Grocery Items
THANDA,10,Grocery Items,5,Grocery Items
THINGS,10,Grocery Items,5,Grocery Items
THUMB UP,10,Grocery Items,5,Grocery Items
THUMPSUP,10,Grocery Items,5,Grocery Items
THUMPUP,10,Grocery Items,5,Grocery Items
THUMSUP,10,Grocery Items,5,Grocery Items
TICAN,10,Grocery Items,5,Grocery Items
TISU PAPPE,10,Grocery Items,5,Grocery Items
TOBACCO,10,Grocery Items,5,Grocery Items
TOBACHO,10,Grocery Items,5,Grocery Items
TOBACO,10,Grocery Items,5,Grocery Items
TOBBACO,10,Grocery Items,5,Grocery Items
TOBOCO,10,Grocery Items,5,Grocery Items
TOFFE,10,Grocery Items,5,Grocery Items
TOFFEE,10,Grocery Items,5,Grocery Items
TOFFI,10,Grocery Items,5,Grocery Items
TOFFY,10,Grocery Items,5,Grocery Items
TOKRI,10,Grocery Items,5,Grocery Items
TOMBACO,10,Grocery Items,5,Grocery Items
TOMTO KETCHUP,10,Grocery Items,5,Grocery Items
TONG,10,Grocery Items,5,Grocery Items
TOOFI,10,Grocery Items,5,Grocery Items
TOOTH PASTE,10,Grocery Items,5,Grocery Items
TOOTHPASTE,10,Grocery Items,5,Grocery Items
TOOTHPEST,10,Grocery Items,5,Grocery Items
TOPS PICKLE,10,Grocery Items,5,Grocery Items
TOSS,10,Grocery Items,5,Grocery Items
TRI COLOR,10,Grocery Items,5,Grocery Items
TUFFA,10,Grocery Items,5,Grocery Items
TUMPSUP,10,Grocery Items,5,Grocery Items
TURMURIC HALDI,10,Grocery Items,5,Grocery Items
UMBRELA,10,Grocery Items,5,Grocery Items
V MART,10,Grocery Items,5,Grocery Items
V MARTS,10,Grocery Items,5,Grocery Items
VERKA,10,Grocery Items,5,Grocery Items
VISCUT,10,Grocery Items,5,Grocery Items
VISHAL,10,Grocery Items,5,Grocery Items
WAFERS,10,Grocery Items,5,Grocery Items
WAFFERS,10,Grocery Items,5,Grocery Items
WASHING POWDER,10,Grocery Items,5,Grocery Items
WASHING SODA,10,Grocery Items,5,Grocery Items
WATER,10,Grocery Items,5,Grocery Items
WATER ,10,Grocery Items,5,Grocery Items
WATER  ,10,Grocery Items,5,Grocery Items
WATER BOTAL,10,Grocery Items,5,Grocery Items
WATER BOTLE,10,Grocery Items,5,Grocery Items
Water Bottles,10,Grocery Items,5,Grocery Items
WATER CAN,10,Grocery Items,5,Grocery Items
WATER CANS,10,Grocery Items,5,Grocery Items
WATER CANT,10,Grocery Items,5,Grocery Items
WATER DRUM,10,Grocery Items,5,Grocery Items
WATER TANKER,10,Grocery Items,5,Grocery Items
WATR,10,Grocery Items,5,Grocery Items
WAX,10,Grocery Items,5,Grocery Items
WHEAT POWDER,10,Grocery Items,5,Grocery Items
WINE,10,Grocery Items,5,Grocery Items
WINES,10,Grocery Items,5,Grocery Items
WING,10,Grocery Items,5,Grocery Items
WTAER,10,Grocery Items,5,Grocery Items
 RICE,11,"Food Grains, Pulses (Wheat, Rice. etc.)",6,Agricultural Products
ANAAJ,11,"Food Grains, Pulses (Wheat, Rice. etc.)",6,Agricultural Products
ANAJ,11,"Food Grains, Pulses (Wheat, Rice. etc.)",6,Agricultural Products
ANJA,11,"Food Grains, Pulses (Wheat, Rice. etc.)",6,Agricultural Products
ARHAR DAL,11,"Food Grains, Pulses (Wheat, Rice. etc.)",6,Agricultural Products
BAJARI,11,"Food Grains, Pulses (Wheat, Rice. etc.)",6,Agricultural Products
BAJRA,11,"Food Grains, Pulses (Wheat, Rice. etc.)",6,Agricultural Products
BAJRE,11,"Food Grains, Pulses (Wheat, Rice. etc.)",6,Agricultural Products
BAJRI,11,"Food Grains, Pulses (Wheat, Rice. etc.)",6,Agricultural Products
BAOUL,11,"Food Grains, Pulses (Wheat, Rice. etc.)",6,Agricultural Products
BARDANA,11,"Food Grains, Pulses (Wheat, Rice. etc.)",6,Agricultural Products
BASMATI RICE,11,"Food Grains, Pulses (Wheat, Rice. etc.)",6,Agricultural Products
BEEJ,11,"Food Grains, Pulses (Wheat, Rice. etc.)",6,Agricultural Products
BEHSA,11,"Food Grains, Pulses (Wheat, Rice. etc.)",6,Agricultural Products
BIJ,11,"Food Grains, Pulses (Wheat, Rice. etc.)",6,Agricultural Products
BISEDALS,11,"Food Grains, Pulses (Wheat, Rice. etc.)",6,Agricultural Products
CASHEW,11,"Food Grains, Pulses (Wheat, Rice. etc.)",6,Agricultural Products
CHANA,11,"Food Grains, Pulses (Wheat, Rice. etc.)",6,Agricultural Products
CHANE,11,"Food Grains, Pulses (Wheat, Rice. etc.)",6,Agricultural Products
CHANNA,11,"Food Grains, Pulses (Wheat, Rice. etc.)",6,Agricultural Products
CHANNAIL,11,"Food Grains, Pulses (Wheat, Rice. etc.)",6,Agricultural Products
CHAPAD,11,"Food Grains, Pulses (Wheat, Rice. etc.)",6,Agricultural Products
CHAWEL,11,"Food Grains, Pulses (Wheat, Rice. etc.)",6,Agricultural Products
CHILLY,11,"Food Grains, Pulses (Wheat, Rice. etc.)",6,Agricultural Products
CHINI,11,"Food Grains, Pulses (Wheat, Rice. etc.)",6,Agricultural Products
CHIRA,11,"Food Grains, Pulses (Wheat, Rice. etc.)",6,Agricultural Products
CHOLE,11,"Food Grains, Pulses (Wheat, Rice. etc.)",6,Agricultural Products
COCONU SEEDS,11,"Food Grains, Pulses (Wheat, Rice. etc.)",6,Agricultural Products
CORN,11,"Food Grains, Pulses (Wheat, Rice. etc.)",6,Agricultural Products
CORNFLACK,11,"Food Grains, Pulses (Wheat, Rice. etc.)",6,Agricultural Products
DAAL,11,"Food Grains, Pulses (Wheat, Rice. etc.)",6,Agricultural Products
DAANA,11,"Food Grains, Pulses (Wheat, Rice. etc.)",6,Agricultural Products
DAL,11,"Food Grains, Pulses (Wheat, Rice. etc.)",6,Agricultural Products
DAL ,11,"Food Grains, Pulses (Wheat, Rice. etc.)",6,Agricultural Products
DAL GOODS,11,"Food Grains, Pulses (Wheat, Rice. etc.)",6,Agricultural Products
DALL,11,"Food Grains, Pulses (Wheat, Rice. etc.)",6,Agricultural Products
DANA,11,"Food Grains, Pulses (Wheat, Rice. etc.)",6,Agricultural Products
DANA ,11,"Food Grains, Pulses (Wheat, Rice. etc.)",6,Agricultural Products
DANAN,11,"Food Grains, Pulses (Wheat, Rice. etc.)",6,Agricultural Products
DHAAN,11,"Food Grains, Pulses (Wheat, Rice. etc.)",6,Agricultural Products
DHAN,11,"Food Grains, Pulses (Wheat, Rice. etc.)",6,Agricultural Products
DHAN BHUSI,11,"Food Grains, Pulses (Wheat, Rice. etc.)",6,Agricultural Products
DHANIA,11,"Food Grains, Pulses (Wheat, Rice. etc.)",6,Agricultural Products
DHANIYA,11,"Food Grains, Pulses (Wheat, Rice. etc.)",6,Agricultural Products
FASAL BIJ,11,"Food Grains, Pulses (Wheat, Rice. etc.)",6,Agricultural Products
FEED,11,"Food Grains, Pulses (Wheat, Rice. etc.)",6,Agricultural Products
FLOWRE,11,"Food Grains, Pulses (Wheat, Rice. etc.)",6,Agricultural Products
Food Grain,11,"Food Grains, Pulses (Wheat, Rice. etc.)",6,Agricultural Products
FOOD GRAINS,11,"Food Grains, Pulses (Wheat, Rice. etc.)",6,Agricultural Products
GEHU,11,"Food Grains, Pulses (Wheat, Rice. etc.)",6,Agricultural Products
GEHUN,11,"Food Grains, Pulses (Wheat, Rice. etc.)",6,Agricultural Products
GEU,11,"Food Grains, Pulses (Wheat, Rice. etc.)",6,Agricultural Products
GEUU,11,"Food Grains, Pulses (Wheat, Rice. etc.)",6,Agricultural Products
GRAIN,11,"Food Grains, Pulses (Wheat, Rice. etc.)",6,Agricultural Products
GRAINS,11,"Food Grains, Pulses (Wheat, Rice. etc.)",6,Agricultural Products
GROUND NUT,11,"Food Grains, Pulses (Wheat, Rice. etc.)",6,Agricultural Products
GROUND NUTS,11,"Food Grains, Pulses (Wheat, Rice. etc.)",6,Agricultural Products
JAU ANAJ,11,"Food Grains, Pulses (Wheat, Rice. etc.)",6,Agricultural Products
JWAR,11,"Food Grains, Pulses (Wheat, Rice. etc.)",6,Agricultural Products
KANAK,11,"Food Grains, Pulses (Wheat, Rice. etc.)",6,Agricultural Products
KONAK,11,"Food Grains, Pulses (Wheat, Rice. etc.)",6,Agricultural Products
MAIZE,11,"Food Grains, Pulses (Wheat, Rice. etc.)",6,Agricultural Products
MAKA,11,"Food Grains, Pulses (Wheat, Rice. etc.)",6,Agricultural Products
MAKAI,11,"Food Grains, Pulses (Wheat, Rice. etc.)",6,Agricultural Products
MAKK,11,"Food Grains, Pulses (Wheat, Rice. etc.)",6,Agricultural Products
MAKKA,11,"Food Grains, Pulses (Wheat, Rice. etc.)",6,Agricultural Products
MAKKA GEHU,11,"Food Grains, Pulses (Wheat, Rice. etc.)",6,Agricultural Products
MAKKI,11,"Food Grains, Pulses (Wheat, Rice. etc.)",6,Agricultural Products
MALET,11,"Food Grains, Pulses (Wheat, Rice. etc.)",6,Agricultural Products
MALKA,11,"Food Grains, Pulses (Wheat, Rice. etc.)",6,Agricultural Products
MASOOR,11,"Food Grains, Pulses (Wheat, Rice. etc.)",6,Agricultural Products
MASOOR DAL,11,"Food Grains, Pulses (Wheat, Rice. etc.)",6,Agricultural Products
MASUR,11,"Food Grains, Pulses (Wheat, Rice. etc.)",6,Agricultural Products
MASUR DAL,11,"Food Grains, Pulses (Wheat, Rice. etc.)",6,Agricultural Products
MATAR DAL,11,"Food Grains, Pulses (Wheat, Rice. etc.)",6,Agricultural Products
MATER,11,"Food Grains, Pulses (Wheat, Rice. etc.)",6,Agricultural Products
MONG DAAL,11,"Food Grains, Pulses (Wheat, Rice. etc.)",6,Agricultural Products
MUDAI,11,"Food Grains, Pulses (Wheat, Rice. etc.)",6,Agricultural Products
MUGFALI,11,"Food Grains, Pulses (Wheat, Rice. etc.)",6,Agricultural Products
MUGFALIU,11,"Food Grains, Pulses (Wheat, Rice. etc.)",6,Agricultural Products
MUMFALI,11,"Food Grains, Pulses (Wheat, Rice. etc.)",6,Agricultural Products
MUMFALI DANA,11,"Food Grains, Pulses (Wheat, Rice. etc.)",6,Agricultural Products
MUNG DAL CHILKA,11,"Food Grains, Pulses (Wheat, Rice. etc.)",6,Agricultural Products
MUNGFALI,11,"Food Grains, Pulses (Wheat, Rice. etc.)",6,Agricultural Products
MUSTARDALL,11,"Food Grains, Pulses (Wheat, Rice. etc.)",6,Agricultural Products
MUTTER,11,"Food Grains, Pulses (Wheat, Rice. etc.)",6,Agricultural Products
NUTS,11,"Food Grains, Pulses (Wheat, Rice. etc.)",6,Agricultural Products
OATS,11,"Food Grains, Pulses (Wheat, Rice. etc.)",6,Agricultural Products
PAAL,11,"Food Grains, Pulses (Wheat, Rice. etc.)",6,Agricultural Products
PAD,11,"Food Grains, Pulses (Wheat, Rice. etc.)",6,Agricultural Products
PADDS,11,"Food Grains, Pulses (Wheat, Rice. etc.)",6,Agricultural Products
PADDY,11,"Food Grains, Pulses (Wheat, Rice. etc.)",6,Agricultural Products
PADS,11,"Food Grains, Pulses (Wheat, Rice. etc.)",6,Agricultural Products
PADY,11,"Food Grains, Pulses (Wheat, Rice. etc.)",6,Agricultural Products
PALASI DANA,11,"Food Grains, Pulses (Wheat, Rice. etc.)",6,Agricultural Products
PANA,11,"Food Grains, Pulses (Wheat, Rice. etc.)",6,Agricultural Products
PASTE,11,"Food Grains, Pulses (Wheat, Rice. etc.)",6,Agricultural Products
PASUHAR,11,"Food Grains, Pulses (Wheat, Rice. etc.)",6,Agricultural Products
PEDDY,11,"Food Grains, Pulses (Wheat, Rice. etc.)",6,Agricultural Products
PENANUTS,11,"Food Grains, Pulses (Wheat, Rice. etc.)",6,Agricultural Products
PENUT,11,"Food Grains, Pulses (Wheat, Rice. etc.)",6,Agricultural Products
PENUTS,11,"Food Grains, Pulses (Wheat, Rice. etc.)",6,Agricultural Products
PET FOOD,11,"Food Grains, Pulses (Wheat, Rice. etc.)",6,Agricultural Products
Pluses,11,"Food Grains, Pulses (Wheat, Rice. etc.)",6,Agricultural Products
POP DANA,11,"Food Grains, Pulses (Wheat, Rice. etc.)",6,Agricultural Products
POPCON,11,"Food Grains, Pulses (Wheat, Rice. etc.)",6,Agricultural Products
PULSE,11,"Food Grains, Pulses (Wheat, Rice. etc.)",6,Agricultural Products
PULSES,11,"Food Grains, Pulses (Wheat, Rice. etc.)",6,Agricultural Products
PUNNAKU,11,"Food Grains, Pulses (Wheat, Rice. etc.)",6,Agricultural Products
RAI,11,"Food Grains, Pulses (Wheat, Rice. etc.)",6,Agricultural Products
RAISH,11,"Food Grains, Pulses (Wheat, Rice. etc.)",6,Agricultural Products
RAJMA,11,"Food Grains, Pulses (Wheat, Rice. etc.)",6,Agricultural Products
RAMDANA,11,"Food Grains, Pulses (Wheat, Rice. etc.)",6,Agricultural Products
RAVA,11,"Food Grains, Pulses (Wheat, Rice. etc.)",6,Agricultural Products
RCE,11,"Food Grains, Pulses (Wheat, Rice. etc.)",6,Agricultural Products
RCIE,11,"Food Grains, Pulses (Wheat, Rice. etc.)",6,Agricultural Products
RIC,11,"Food Grains, Pulses (Wheat, Rice. etc.)",6,Agricultural Products
RICCE,11,"Food Grains, Pulses (Wheat, Rice. etc.)",6,Agricultural Products
RICE,11,"Food Grains, Pulses (Wheat, Rice. etc.)",6,Agricultural Products
RICE ,11,"Food Grains, Pulses (Wheat, Rice. etc.)",6,Agricultural Products
RICE BAGS,11,"Food Grains, Pulses (Wheat, Rice. etc.)",6,Agricultural Products
RICE MILLETS,11,"Food Grains, Pulses (Wheat, Rice. etc.)",6,Agricultural Products
RICE POWDER,11,"Food Grains, Pulses (Wheat, Rice. etc.)",6,Agricultural Products
RICE SEED,11,"Food Grains, Pulses (Wheat, Rice. etc.)",6,Agricultural Products
RICE0,11,"Food Grains, Pulses (Wheat, Rice. etc.)",6,Agricultural Products
RICE2,11,"Food Grains, Pulses (Wheat, Rice. etc.)",6,Agricultural Products
RICEBAGS,11,"Food Grains, Pulses (Wheat, Rice. etc.)",6,Agricultural Products
RIE,11,"Food Grains, Pulses (Wheat, Rice. etc.)",6,Agricultural Products
RISE,11,"Food Grains, Pulses (Wheat, Rice. etc.)",6,Agricultural Products
SABU DANA,11,"Food Grains, Pulses (Wheat, Rice. etc.)",6,Agricultural Products
SABUDANA,11,"Food Grains, Pulses (Wheat, Rice. etc.)",6,Agricultural Products
SEA FEED,11,"Food Grains, Pulses (Wheat, Rice. etc.)",6,Agricultural Products
SEDDS,11,"Food Grains, Pulses (Wheat, Rice. etc.)",6,Agricultural Products
SEED,11,"Food Grains, Pulses (Wheat, Rice. etc.)",6,Agricultural Products
SEEDS,11,"Food Grains, Pulses (Wheat, Rice. etc.)",6,Agricultural Products
SHEED,11,"Food Grains, Pulses (Wheat, Rice. etc.)",6,Agricultural Products
SOF,11,"Food Grains, Pulses (Wheat, Rice. etc.)",6,Agricultural Products
SPICE,11,"Food Grains, Pulses (Wheat, Rice. etc.)",6,Agricultural Products
SPROUT,11,"Food Grains, Pulses (Wheat, Rice. etc.)",6,Agricultural Products
TIL,11,"Food Grains, Pulses (Wheat, Rice. etc.)",6,Agricultural Products
TOOR,11,"Food Grains, Pulses (Wheat, Rice. etc.)",6,Agricultural Products
VEAT,11,"Food Grains, Pulses (Wheat, Rice. etc.)",6,Agricultural Products
WAJRAI,11,"Food Grains, Pulses (Wheat, Rice. etc.)",6,Agricultural Products
WASRAI,11,"Food Grains, Pulses (Wheat, Rice. etc.)",6,Agricultural Products
WEAT,11,"Food Grains, Pulses (Wheat, Rice. etc.)",6,Agricultural Products
WHAET,11,"Food Grains, Pulses (Wheat, Rice. etc.)",6,Agricultural Products
WHEAT,11,"Food Grains, Pulses (Wheat, Rice. etc.)",6,Agricultural Products
WHEAT ,11,"Food Grains, Pulses (Wheat, Rice. etc.)",6,Agricultural Products
 BHUSA,12,"Agricultural Products (Cotton, Sugarcane, etc.)",6,Agricultural Products
AGGRICULTURE ITEMS,12,"Agricultural Products (Cotton, Sugarcane, etc.)",6,Agricultural Products
AGRI,12,"Agricultural Products (Cotton, Sugarcane, etc.)",6,Agricultural Products
AGRICULTER,12,"Agricultural Products (Cotton, Sugarcane, etc.)",6,Agricultural Products
AGRICULTURAL MATERIAL,12,"Agricultural Products (Cotton, Sugarcane, etc.)",6,Agricultural Products
AGRICULTURE,12,"Agricultural Products (Cotton, Sugarcane, etc.)",6,Agricultural Products
ANIMA FEED,12,"Agricultural Products (Cotton, Sugarcane, etc.)",6,Agricultural Products
ANIMAL  GRASS,12,"Agricultural Products (Cotton, Sugarcane, etc.)",6,Agricultural Products
ANIMAL CHARA,12,"Agricultural Products (Cotton, Sugarcane, etc.)",6,Agricultural Products
ANIMAL FEED,12,"Agricultural Products (Cotton, Sugarcane, etc.)",6,Agricultural Products
ANIMAL FEEDS,12,"Agricultural Products (Cotton, Sugarcane, etc.)",6,Agricultural Products
ANIMAL FOOD,12,"Agricultural Products (Cotton, Sugarcane, etc.)",6,Agricultural Products
ANIMAL GRASS,12,"Agricultural Products (Cotton, Sugarcane, etc.)",6,Agricultural Products
ANIMALCHARA,12,"Agricultural Products (Cotton, Sugarcane, etc.)",6,Agricultural Products
ANIMALFEEF,12,"Agricultural Products (Cotton, Sugarcane, etc.)",6,Agricultural Products
ANIMALFOD,12,"Agricultural Products (Cotton, Sugarcane, etc.)",6,Agricultural Products
ANIMALS FOOD,12,"Agricultural Products (Cotton, Sugarcane, etc.)",6,Agricultural Products
BANANA LEAF,12,"Agricultural Products (Cotton, Sugarcane, etc.)",6,Agricultural Products
BANOLA,12,"Agricultural Products (Cotton, Sugarcane, etc.)",6,Agricultural Products
BARADANA,12,"Agricultural Products (Cotton, Sugarcane, etc.)",6,Agricultural Products
BARAR,12,"Agricultural Products (Cotton, Sugarcane, etc.)",6,Agricultural Products
BASHA,12,"Agricultural Products (Cotton, Sugarcane, etc.)",6,Agricultural Products
BHEED,12,"Agricultural Products (Cotton, Sugarcane, etc.)",6,Agricultural Products
BHUSA,12,"Agricultural Products (Cotton, Sugarcane, etc.)",6,Agricultural Products
BHUSHA,12,"Agricultural Products (Cotton, Sugarcane, etc.)",6,Agricultural Products
BHUSHI,12,"Agricultural Products (Cotton, Sugarcane, etc.)",6,Agricultural Products
BHUSI,12,"Agricultural Products (Cotton, Sugarcane, etc.)",6,Agricultural Products
BHUSI CHUNI,12,"Agricultural Products (Cotton, Sugarcane, etc.)",6,Agricultural Products
BHUTA,12,"Agricultural Products (Cotton, Sugarcane, etc.)",6,Agricultural Products
BHUTTA,12,"Agricultural Products (Cotton, Sugarcane, etc.)",6,Agricultural Products
BINAULA,12,"Agricultural Products (Cotton, Sugarcane, etc.)",6,Agricultural Products
BINOLA,12,"Agricultural Products (Cotton, Sugarcane, etc.)",6,Agricultural Products
BINOLA ,12,"Agricultural Products (Cotton, Sugarcane, etc.)",6,Agricultural Products
BIRDS FOOD,12,"Agricultural Products (Cotton, Sugarcane, etc.)",6,Agricultural Products
BIRI PATTA,12,"Agricultural Products (Cotton, Sugarcane, etc.)",6,Agricultural Products
BUSHI,12,"Agricultural Products (Cotton, Sugarcane, etc.)",6,Agricultural Products
CABET,12,"Agricultural Products (Cotton, Sugarcane, etc.)",6,Agricultural Products
CATAL FEED,12,"Agricultural Products (Cotton, Sugarcane, etc.)",6,Agricultural Products
CATTLE FEED,12,"Agricultural Products (Cotton, Sugarcane, etc.)",6,Agricultural Products
CATTLE FIELDS,12,"Agricultural Products (Cotton, Sugarcane, etc.)",6,Agricultural Products
CATTLE FOOD,12,"Agricultural Products (Cotton, Sugarcane, etc.)",6,Agricultural Products
CATTON,12,"Agricultural Products (Cotton, Sugarcane, etc.)",6,Agricultural Products
CERALS,12,"Agricultural Products (Cotton, Sugarcane, etc.)",6,Agricultural Products
CEREALS,12,"Agricultural Products (Cotton, Sugarcane, etc.)",6,Agricultural Products
CHANA CHILKA,12,"Agricultural Products (Cotton, Sugarcane, etc.)",6,Agricultural Products
CHARA,12,"Agricultural Products (Cotton, Sugarcane, etc.)",6,Agricultural Products
CHICKEN DANA,12,"Agricultural Products (Cotton, Sugarcane, etc.)",6,Agricultural Products
CHICKENDANA,12,"Agricultural Products (Cotton, Sugarcane, etc.)",6,Agricultural Products
CHIKEN DANA,12,"Agricultural Products (Cotton, Sugarcane, etc.)",6,Agricultural Products
CHILKA,12,"Agricultural Products (Cotton, Sugarcane, etc.)",6,Agricultural Products
CHOKAR,12,"Agricultural Products (Cotton, Sugarcane, etc.)",6,Agricultural Products
CHOKER,12,"Agricultural Products (Cotton, Sugarcane, etc.)",6,Agricultural Products
CHOKR,12,"Agricultural Products (Cotton, Sugarcane, etc.)",6,Agricultural Products
CHUNI,12,"Agricultural Products (Cotton, Sugarcane, etc.)",6,Agricultural Products
CHUNI CHOKAR,12,"Agricultural Products (Cotton, Sugarcane, etc.)",6,Agricultural Products
CHURA,12,"Agricultural Products (Cotton, Sugarcane, etc.)",6,Agricultural Products
COCONUT CHILKA,12,"Agricultural Products (Cotton, Sugarcane, etc.)",6,Agricultural Products
COCONUT WASTE,12,"Agricultural Products (Cotton, Sugarcane, etc.)",6,Agricultural Products
COCONUTES,12,"Agricultural Products (Cotton, Sugarcane, etc.)",6,Agricultural Products
COOTON,12,"Agricultural Products (Cotton, Sugarcane, etc.)",6,Agricultural Products
CORN PRODUCT,12,"Agricultural Products (Cotton, Sugarcane, etc.)",6,Agricultural Products
COTEN,12,"Agricultural Products (Cotton, Sugarcane, etc.)",6,Agricultural Products
COTTAN,12,"Agricultural Products (Cotton, Sugarcane, etc.)",6,Agricultural Products
COTTEN,12,"Agricultural Products (Cotton, Sugarcane, etc.)",6,Agricultural Products
COTTON ,12,"Agricultural Products (Cotton, Sugarcane, etc.)",6,Agricultural Products
COTTON BATI,12,"Agricultural Products (Cotton, Sugarcane, etc.)",6,Agricultural Products
COTTON SEEDS,12,"Agricultural Products (Cotton, Sugarcane, etc.)",6,Agricultural Products
COTTONLS,12,"Agricultural Products (Cotton, Sugarcane, etc.)",6,Agricultural Products
COTTONT,12,"Agricultural Products (Cotton, Sugarcane, etc.)",6,Agricultural Products
COW FEED,12,"Agricultural Products (Cotton, Sugarcane, etc.)",6,Agricultural Products
COW FOOD,12,"Agricultural Products (Cotton, Sugarcane, etc.)",6,Agricultural Products
COWFEED,12,"Agricultural Products (Cotton, Sugarcane, etc.)",6,Agricultural Products
CROPS,12,"Agricultural Products (Cotton, Sugarcane, etc.)",6,Agricultural Products
DHAN ,12,"Agricultural Products (Cotton, Sugarcane, etc.)",6,Agricultural Products
DOC DHAN BHUSI,12,"Agricultural Products (Cotton, Sugarcane, etc.)",6,Agricultural Products
DRY GRASS,12,"Agricultural Products (Cotton, Sugarcane, etc.)",6,Agricultural Products
EDIBLE OIL BEANS,12,"Agricultural Products (Cotton, Sugarcane, etc.)",6,Agricultural Products
FISH DANA,12,"Agricultural Products (Cotton, Sugarcane, etc.)",6,Agricultural Products
FISH FEED,12,"Agricultural Products (Cotton, Sugarcane, etc.)",6,Agricultural Products
FISH FOOD,12,"Agricultural Products (Cotton, Sugarcane, etc.)",6,Agricultural Products
FISHDANA,12,"Agricultural Products (Cotton, Sugarcane, etc.)",6,Agricultural Products
FISHFOOD,12,"Agricultural Products (Cotton, Sugarcane, etc.)",6,Agricultural Products
GANA,12,"Agricultural Products (Cotton, Sugarcane, etc.)",6,Agricultural Products
GANNA,12,"Agricultural Products (Cotton, Sugarcane, etc.)",6,Agricultural Products
GARDEN,12,"Agricultural Products (Cotton, Sugarcane, etc.)",6,Agricultural Products
GASA,12,"Agricultural Products (Cotton, Sugarcane, etc.)",6,Agricultural Products
GAYA,12,"Agricultural Products (Cotton, Sugarcane, etc.)",6,Agricultural Products
GHAS,12,"Agricultural Products (Cotton, Sugarcane, etc.)",6,Agricultural Products
GHU,12,"Agricultural Products (Cotton, Sugarcane, etc.)",6,Agricultural Products
GOBAR,12,"Agricultural Products (Cotton, Sugarcane, etc.)",6,Agricultural Products
GRASS,12,"Agricultural Products (Cotton, Sugarcane, etc.)",6,Agricultural Products
GREEN GRASS,12,"Agricultural Products (Cotton, Sugarcane, etc.)",6,Agricultural Products
GUT,12,"Agricultural Products (Cotton, Sugarcane, etc.)",6,Agricultural Products
HAKDI,12,"Agricultural Products (Cotton, Sugarcane, etc.)",6,Agricultural Products
HARA CHARA,12,"Agricultural Products (Cotton, Sugarcane, etc.)",6,Agricultural Products
HEN DANA,12,"Agricultural Products (Cotton, Sugarcane, etc.)",6,Agricultural Products
HEN DANA DOC,12,"Agricultural Products (Cotton, Sugarcane, etc.)",6,Agricultural Products
HEN DHANA,12,"Agricultural Products (Cotton, Sugarcane, etc.)",6,Agricultural Products
HEN FEED,12,"Agricultural Products (Cotton, Sugarcane, etc.)",6,Agricultural Products
HEN FEES,12,"Agricultural Products (Cotton, Sugarcane, etc.)",6,Agricultural Products
HEN FOOD,12,"Agricultural Products (Cotton, Sugarcane, etc.)",6,Agricultural Products
HENDANA,12,"Agricultural Products (Cotton, Sugarcane, etc.)",6,Agricultural Products
HENFOOD,12,"Agricultural Products (Cotton, Sugarcane, etc.)",6,Agricultural Products
HENS DHANA,12,"Agricultural Products (Cotton, Sugarcane, etc.)",6,Agricultural Products
HENS FOOD,12,"Agricultural Products (Cotton, Sugarcane, etc.)",6,Agricultural Products
HENSFOOD,12,"Agricultural Products (Cotton, Sugarcane, etc.)",6,Agricultural Products
JOOT,12,"Agricultural Products (Cotton, Sugarcane, etc.)",6,Agricultural Products
JUT,12,"Agricultural Products (Cotton, Sugarcane, etc.)",6,Agricultural Products
JUT  PATSAN,12,"Agricultural Products (Cotton, Sugarcane, etc.)",6,Agricultural Products
JUT PATSAN,12,"Agricultural Products (Cotton, Sugarcane, etc.)",6,Agricultural Products
JUTE,12,"Agricultural Products (Cotton, Sugarcane, etc.)",6,Agricultural Products
KAPAS,12,"Agricultural Products (Cotton, Sugarcane, etc.)",6,Agricultural Products
KAPASIYA,12,"Agricultural Products (Cotton, Sugarcane, etc.)",6,Agricultural Products
KAPUS,12,"Agricultural Products (Cotton, Sugarcane, etc.)",6,Agricultural Products
KHAL,12,"Agricultural Products (Cotton, Sugarcane, etc.)",6,Agricultural Products
KHAL ,12,"Agricultural Products (Cotton, Sugarcane, etc.)",6,Agricultural Products
KHAL DANA,12,"Agricultural Products (Cotton, Sugarcane, etc.)",6,Agricultural Products
KHALI,12,"Agricultural Products (Cotton, Sugarcane, etc.)",6,Agricultural Products
KHALI (ANIMAL CHARA),12,"Agricultural Products (Cotton, Sugarcane, etc.)",6,Agricultural Products
KHAR,12,"Agricultural Products (Cotton, Sugarcane, etc.)",6,Agricultural Products
KISAN,12,"Agricultural Products (Cotton, Sugarcane, etc.)",6,Agricultural Products
KOTTEN,12,"Agricultural Products (Cotton, Sugarcane, etc.)",6,Agricultural Products
KPAS,12,"Agricultural Products (Cotton, Sugarcane, etc.)",6,Agricultural Products
KUTTI,12,"Agricultural Products (Cotton, Sugarcane, etc.)",6,Agricultural Products
LEEF,12,"Agricultural Products (Cotton, Sugarcane, etc.)",6,Agricultural Products
LENTILS,12,"Agricultural Products (Cotton, Sugarcane, etc.)",6,Agricultural Products
LOAD DHAN,12,"Agricultural Products (Cotton, Sugarcane, etc.)",6,Agricultural Products
MAIZA,12,"Agricultural Products (Cotton, Sugarcane, etc.)",6,Agricultural Products
MAKMAL,12,"Agricultural Products (Cotton, Sugarcane, etc.)",6,Agricultural Products
MASHRUM,12,"Agricultural Products (Cotton, Sugarcane, etc.)",6,Agricultural Products
MUNG DAL,12,"Agricultural Products (Cotton, Sugarcane, etc.)",6,Agricultural Products
MURGI DANA,12,"Agricultural Products (Cotton, Sugarcane, etc.)",6,Agricultural Products
MURGIDANA,12,"Agricultural Products (Cotton, Sugarcane, etc.)",6,Agricultural Products
MURGIEDANA,12,"Agricultural Products (Cotton, Sugarcane, etc.)",6,Agricultural Products
MUSTAD,12,"Agricultural Products (Cotton, Sugarcane, etc.)",6,Agricultural Products
MUSTARD,12,"Agricultural Products (Cotton, Sugarcane, etc.)",6,Agricultural Products
MUSTRAD,12,"Agricultural Products (Cotton, Sugarcane, etc.)",6,Agricultural Products
NOOLL,12,"Agricultural Products (Cotton, Sugarcane, etc.)",6,Agricultural Products
PADDY LOAD,12,"Agricultural Products (Cotton, Sugarcane, etc.)",6,Agricultural Products
PARALI,12,"Agricultural Products (Cotton, Sugarcane, etc.)",6,Agricultural Products
PASU AHAHR,12,"Agricultural Products (Cotton, Sugarcane, etc.)",6,Agricultural Products
PASU AHAR,12,"Agricultural Products (Cotton, Sugarcane, etc.)",6,Agricultural Products
PASU HAAR,12,"Agricultural Products (Cotton, Sugarcane, etc.)",6,Agricultural Products
PASU KA CHARA,12,"Agricultural Products (Cotton, Sugarcane, etc.)",6,Agricultural Products
PASUA AHR,12,"Agricultural Products (Cotton, Sugarcane, etc.)",6,Agricultural Products
PASUAAHAR,12,"Agricultural Products (Cotton, Sugarcane, etc.)",6,Agricultural Products
PASUAHAR,12,"Agricultural Products (Cotton, Sugarcane, etc.)",6,Agricultural Products
PATSAN,12,"Agricultural Products (Cotton, Sugarcane, etc.)",6,Agricultural Products
PLANET,12,"Agricultural Products (Cotton, Sugarcane, etc.)",6,Agricultural Products
PLANTS,12,"Agricultural Products (Cotton, Sugarcane, etc.)",6,Agricultural Products
PODDY,12,"Agricultural Products (Cotton, Sugarcane, etc.)",6,Agricultural Products
Poultary Food,12,"Agricultural Products (Cotton, Sugarcane, etc.)",6,Agricultural Products
RASON,12,"Agricultural Products (Cotton, Sugarcane, etc.)",6,Agricultural Products
RESHAM DHAGA,12,"Agricultural Products (Cotton, Sugarcane, etc.)",6,Agricultural Products
RUBBER,12,"Agricultural Products (Cotton, Sugarcane, etc.)",6,Agricultural Products
RUI,12,"Agricultural Products (Cotton, Sugarcane, etc.)",6,Agricultural Products
SARSO,12,"Agricultural Products (Cotton, Sugarcane, etc.)",6,Agricultural Products
SGARCANE,12,"Agricultural Products (Cotton, Sugarcane, etc.)",6,Agricultural Products
SHUKA,12,"Agricultural Products (Cotton, Sugarcane, etc.)",6,Agricultural Products
SIGRET,12,"Agricultural Products (Cotton, Sugarcane, etc.)",6,Agricultural Products
SILK,12,"Agricultural Products (Cotton, Sugarcane, etc.)",6,Agricultural Products
SUGAR CAINE,12,"Agricultural Products (Cotton, Sugarcane, etc.)",6,Agricultural Products
SUGAR CAN,12,"Agricultural Products (Cotton, Sugarcane, etc.)",6,Agricultural Products
SUGAR CANE,12,"Agricultural Products (Cotton, Sugarcane, etc.)",6,Agricultural Products
SUGAR CANE CHHILKA,12,"Agricultural Products (Cotton, Sugarcane, etc.)",6,Agricultural Products
SUGAR CANN,12,"Agricultural Products (Cotton, Sugarcane, etc.)",6,Agricultural Products
SUGARCAN,12,"Agricultural Products (Cotton, Sugarcane, etc.)",6,Agricultural Products
SUGARCANE,12,"Agricultural Products (Cotton, Sugarcane, etc.)",6,Agricultural Products
SUGARCNE,12,"Agricultural Products (Cotton, Sugarcane, etc.)",6,Agricultural Products
SUGERCANE,12,"Agricultural Products (Cotton, Sugarcane, etc.)",6,Agricultural Products
SUN FLOWER,12,"Agricultural Products (Cotton, Sugarcane, etc.)",6,Agricultural Products
SURAJMUKHI BIJ,12,"Agricultural Products (Cotton, Sugarcane, etc.)",6,Agricultural Products
SWEET CORN,12,"Agricultural Products (Cotton, Sugarcane, etc.)",6,Agricultural Products
SWEETCORN,12,"Agricultural Products (Cotton, Sugarcane, etc.)",6,Agricultural Products
SWEETS,12,"Agricultural Products (Cotton, Sugarcane, etc.)",6,Agricultural Products
TAMBACCO,12,"Agricultural Products (Cotton, Sugarcane, etc.)",6,Agricultural Products
TAMBACOO,12,"Agricultural Products (Cotton, Sugarcane, etc.)",6,Agricultural Products
TAMBAKHU,12,"Agricultural Products (Cotton, Sugarcane, etc.)",6,Agricultural Products
TEA LEAF,12,"Agricultural Products (Cotton, Sugarcane, etc.)",6,Agricultural Products
THREADS ,12,"Agricultural Products (Cotton, Sugarcane, etc.)",6,Agricultural Products
THRED,12,"Agricultural Products (Cotton, Sugarcane, etc.)",6,Agricultural Products
TOMBACCO,12,"Agricultural Products (Cotton, Sugarcane, etc.)",6,Agricultural Products
TOMBAKO,12,"Agricultural Products (Cotton, Sugarcane, etc.)",6,Agricultural Products
TOMBBACO,12,"Agricultural Products (Cotton, Sugarcane, etc.)",6,Agricultural Products
VINOLE,12,"Agricultural Products (Cotton, Sugarcane, etc.)",6,Agricultural Products
WEST OF COTTON,12,"Agricultural Products (Cotton, Sugarcane, etc.)",6,Agricultural Products
 STICKS,13,"Finished Industrial Goods (Plastics, etc.)",7,Finished Goods/Household Items
ALKATRA DRUM,13,"Finished Industrial Goods (Plastics, etc.)",7,Finished Goods/Household Items
ALMIRA,13,"Finished Industrial Goods (Plastics, etc.)",7,Finished Goods/Household Items
ANIMAL TANK,13,"Finished Industrial Goods (Plastics, etc.)",7,Finished Goods/Household Items
BAELT,13,"Finished Industrial Goods (Plastics, etc.)",7,Finished Goods/Household Items
BAG,13,"Finished Industrial Goods (Plastics, etc.)",7,Finished Goods/Household Items
BAJA,13,"Finished Industrial Goods (Plastics, etc.)",7,Finished Goods/Household Items
BALLON,13,"Finished Industrial Goods (Plastics, etc.)",7,Finished Goods/Household Items
BALOON,13,"Finished Industrial Goods (Plastics, etc.)",7,Finished Goods/Household Items
BALTI,13,"Finished Industrial Goods (Plastics, etc.)",7,Finished Goods/Household Items
BANGALE,13,"Finished Industrial Goods (Plastics, etc.)",7,Finished Goods/Household Items
BANGLE,13,"Finished Industrial Goods (Plastics, etc.)",7,Finished Goods/Household Items
BANGLES,13,"Finished Industrial Goods (Plastics, etc.)",7,Finished Goods/Household Items
BANNER,13,"Finished Industrial Goods (Plastics, etc.)",7,Finished Goods/Household Items
BANNER POSTER,13,"Finished Industrial Goods (Plastics, etc.)",7,Finished Goods/Household Items
BARRON PARTY,13,"Finished Industrial Goods (Plastics, etc.)",7,Finished Goods/Household Items
BASKET,13,"Finished Industrial Goods (Plastics, etc.)",7,Finished Goods/Household Items
BELT,13,"Finished Industrial Goods (Plastics, etc.)",7,Finished Goods/Household Items
BENCH,13,"Finished Industrial Goods (Plastics, etc.)",7,Finished Goods/Household Items
BHATTA SAMAN,13,"Finished Industrial Goods (Plastics, etc.)",7,Finished Goods/Household Items
BIPPAN BOX,13,"Finished Industrial Goods (Plastics, etc.)",7,Finished Goods/Household Items
BLACK BORD,13,"Finished Industrial Goods (Plastics, etc.)",7,Finished Goods/Household Items
BLASTIC,13,"Finished Industrial Goods (Plastics, etc.)",7,Finished Goods/Household Items
BOAT,13,"Finished Industrial Goods (Plastics, etc.)",7,Finished Goods/Household Items
BOC,13,"Finished Industrial Goods (Plastics, etc.)",7,Finished Goods/Household Items
BORA,13,"Finished Industrial Goods (Plastics, etc.)",7,Finished Goods/Household Items
BORE NAG,13,"Finished Industrial Goods (Plastics, etc.)",7,Finished Goods/Household Items
BORI,13,"Finished Industrial Goods (Plastics, etc.)",7,Finished Goods/Household Items
BOTAL,13,"Finished Industrial Goods (Plastics, etc.)",7,Finished Goods/Household Items
BOTEL,13,"Finished Industrial Goods (Plastics, etc.)",7,Finished Goods/Household Items
BOTLE,13,"Finished Industrial Goods (Plastics, etc.)",7,Finished Goods/Household Items
BOTTAL,13,"Finished Industrial Goods (Plastics, etc.)",7,Finished Goods/Household Items
BOTTEL,13,"Finished Industrial Goods (Plastics, etc.)",7,Finished Goods/Household Items
BOTTEL KHALI,13,"Finished Industrial Goods (Plastics, etc.)",7,Finished Goods/Household Items
BOTTELS,13,"Finished Industrial Goods (Plastics, etc.)",7,Finished Goods/Household Items
BOTTER,13,"Finished Industrial Goods (Plastics, etc.)",7,Finished Goods/Household Items
BOTTLE,13,"Finished Industrial Goods (Plastics, etc.)",7,Finished Goods/Household Items
BOTTLE ,13,"Finished Industrial Goods (Plastics, etc.)",7,Finished Goods/Household Items
BOTTLE CAPE,13,"Finished Industrial Goods (Plastics, etc.)",7,Finished Goods/Household Items
BOTTLE EMPTY,13,"Finished Industrial Goods (Plastics, etc.)",7,Finished Goods/Household Items
BOTTLES,13,"Finished Industrial Goods (Plastics, etc.)",7,Finished Goods/Household Items
BOTTOL,13,"Finished Industrial Goods (Plastics, etc.)",7,Finished Goods/Household Items
BOVANDA,13,"Finished Industrial Goods (Plastics, etc.)",7,Finished Goods/Household Items
BUCCKETS,13,"Finished Industrial Goods (Plastics, etc.)",7,Finished Goods/Household Items
C.FOOT,13,"Finished Industrial Goods (Plastics, etc.)",7,Finished Goods/Household Items
CALENDER,13,"Finished Industrial Goods (Plastics, etc.)",7,Finished Goods/Household Items
CAN,13,"Finished Industrial Goods (Plastics, etc.)",7,Finished Goods/Household Items
CANE,13,"Finished Industrial Goods (Plastics, etc.)",7,Finished Goods/Household Items
CARDBOARD,13,"Finished Industrial Goods (Plastics, etc.)",7,Finished Goods/Household Items
CARDBOARDS,13,"Finished Industrial Goods (Plastics, etc.)",7,Finished Goods/Household Items
CATOON,13,"Finished Industrial Goods (Plastics, etc.)",7,Finished Goods/Household Items
CHADI,13,"Finished Industrial Goods (Plastics, etc.)",7,Finished Goods/Household Items
CHAIN,13,"Finished Industrial Goods (Plastics, etc.)",7,Finished Goods/Household Items
CHAPAL,13,"Finished Industrial Goods (Plastics, etc.)",7,Finished Goods/Household Items
CHAPER,13,"Finished Industrial Goods (Plastics, etc.)",7,Finished Goods/Household Items
CHAPPAL,13,"Finished Industrial Goods (Plastics, etc.)",7,Finished Goods/Household Items
CHATAI,13,"Finished Industrial Goods (Plastics, etc.)",7,Finished Goods/Household Items
CHECHIS,13,"Finished Industrial Goods (Plastics, etc.)",7,Finished Goods/Household Items
CHEPPALS,13,"Finished Industrial Goods (Plastics, etc.)",7,Finished Goods/Household Items
CHHAPAL,13,"Finished Industrial Goods (Plastics, etc.)",7,Finished Goods/Household Items
CHINI MITTI PIPE,13,"Finished Industrial Goods (Plastics, etc.)",7,Finished Goods/Household Items
CHPPAL,13,"Finished Industrial Goods (Plastics, etc.)",7,Finished Goods/Household Items
CHUDI,13,"Finished Industrial Goods (Plastics, etc.)",7,Finished Goods/Household Items
CHURI,13,"Finished Industrial Goods (Plastics, etc.)",7,Finished Goods/Household Items
CLANDER,13,"Finished Industrial Goods (Plastics, etc.)",7,Finished Goods/Household Items
CLOCK,13,"Finished Industrial Goods (Plastics, etc.)",7,Finished Goods/Household Items
COD,13,"Finished Industrial Goods (Plastics, etc.)",7,Finished Goods/Household Items
COLORS,13,"Finished Industrial Goods (Plastics, etc.)",7,Finished Goods/Household Items
COLURS,13,"Finished Industrial Goods (Plastics, etc.)",7,Finished Goods/Household Items
COOKING VESSELS,13,"Finished Industrial Goods (Plastics, etc.)",7,Finished Goods/Household Items
CORBON WIRE,13,"Finished Industrial Goods (Plastics, etc.)",7,Finished Goods/Household Items
COTTON  BELT,13,"Finished Industrial Goods (Plastics, etc.)",7,Finished Goods/Household Items
COTTON BAG,13,"Finished Industrial Goods (Plastics, etc.)",7,Finished Goods/Household Items
COTTON BAGS,13,"Finished Industrial Goods (Plastics, etc.)",7,Finished Goods/Household Items
COTTON BELT,13,"Finished Industrial Goods (Plastics, etc.)",7,Finished Goods/Household Items
COTTON BUCKS,13,"Finished Industrial Goods (Plastics, etc.)",7,Finished Goods/Household Items
COTTON PAPER,13,"Finished Industrial Goods (Plastics, etc.)",7,Finished Goods/Household Items
COTTON ROLL,13,"Finished Industrial Goods (Plastics, etc.)",7,Finished Goods/Household Items
COVER,13,"Finished Industrial Goods (Plastics, etc.)",7,Finished Goods/Household Items
COVER BLOCK,13,"Finished Industrial Goods (Plastics, etc.)",7,Finished Goods/Household Items
COVERS,13,"Finished Industrial Goods (Plastics, etc.)",7,Finished Goods/Household Items
CROCKS,13,"Finished Industrial Goods (Plastics, etc.)",7,Finished Goods/Household Items
CROWN,13,"Finished Industrial Goods (Plastics, etc.)",7,Finished Goods/Household Items
DABA,13,"Finished Industrial Goods (Plastics, etc.)",7,Finished Goods/Household Items
DABBA,13,"Finished Industrial Goods (Plastics, etc.)",7,Finished Goods/Household Items
DABBBA,13,"Finished Industrial Goods (Plastics, etc.)",7,Finished Goods/Household Items
DECORATION ITEM,13,"Finished Industrial Goods (Plastics, etc.)",7,Finished Goods/Household Items
DEROCATION ITEM,13,"Finished Industrial Goods (Plastics, etc.)",7,Finished Goods/Household Items
DHAKKAN,13,"Finished Industrial Goods (Plastics, etc.)",7,Finished Goods/Household Items
DHUP,13,"Finished Industrial Goods (Plastics, etc.)",7,Finished Goods/Household Items
DIBBA,13,"Finished Industrial Goods (Plastics, etc.)",7,Finished Goods/Household Items
DISPOJAL,13,"Finished Industrial Goods (Plastics, etc.)",7,Finished Goods/Household Items
DISPOSAL,13,"Finished Industrial Goods (Plastics, etc.)",7,Finished Goods/Household Items
DISPOSEL,13,"Finished Industrial Goods (Plastics, etc.)",7,Finished Goods/Household Items
DOL,13,"Finished Industrial Goods (Plastics, etc.)",7,Finished Goods/Household Items
DOLL,13,"Finished Industrial Goods (Plastics, etc.)",7,Finished Goods/Household Items
DOLLS,13,"Finished Industrial Goods (Plastics, etc.)",7,Finished Goods/Household Items
DONA PATTAL,13,"Finished Industrial Goods (Plastics, etc.)",7,Finished Goods/Household Items
DONES ,13,"Finished Industrial Goods (Plastics, etc.)",7,Finished Goods/Household Items
DRAM,13,"Finished Industrial Goods (Plastics, etc.)",7,Finished Goods/Household Items
DRAMS,13,"Finished Industrial Goods (Plastics, etc.)",7,Finished Goods/Household Items
DRUM,13,"Finished Industrial Goods (Plastics, etc.)",7,Finished Goods/Household Items
DRUM ,13,"Finished Industrial Goods (Plastics, etc.)",7,Finished Goods/Household Items
"DRUM,",13,"Finished Industrial Goods (Plastics, etc.)",7,Finished Goods/Household Items
DRUMS,13,"Finished Industrial Goods (Plastics, etc.)",7,Finished Goods/Household Items
DURM,13,"Finished Industrial Goods (Plastics, etc.)",7,Finished Goods/Household Items
DUSTBIN,13,"Finished Industrial Goods (Plastics, etc.)",7,Finished Goods/Household Items
FACORY ITEMS,13,"Finished Industrial Goods (Plastics, etc.)",7,Finished Goods/Household Items
FACTORY GOODS,13,"Finished Industrial Goods (Plastics, etc.)",7,Finished Goods/Household Items
FACTRY ITEM,13,"Finished Industrial Goods (Plastics, etc.)",7,Finished Goods/Household Items
FIBBER,13,"Finished Industrial Goods (Plastics, etc.)",7,Finished Goods/Household Items
FIBEL,13,"Finished Industrial Goods (Plastics, etc.)",7,Finished Goods/Household Items
FIBER,13,"Finished Industrial Goods (Plastics, etc.)",7,Finished Goods/Household Items
FIBER ITEM,13,"Finished Industrial Goods (Plastics, etc.)",7,Finished Goods/Household Items
FIBER MATERIAL,13,"Finished Industrial Goods (Plastics, etc.)",7,Finished Goods/Household Items
FIBER PIPE,13,"Finished Industrial Goods (Plastics, etc.)",7,Finished Goods/Household Items
FILES,13,"Finished Industrial Goods (Plastics, etc.)",7,Finished Goods/Household Items
FILM GUARD,13,"Finished Industrial Goods (Plastics, etc.)",7,Finished Goods/Household Items
FISH NET,13,"Finished Industrial Goods (Plastics, etc.)",7,Finished Goods/Household Items
FLEXI,13,"Finished Industrial Goods (Plastics, etc.)",7,Finished Goods/Household Items
FLOWER POT,13,"Finished Industrial Goods (Plastics, etc.)",7,Finished Goods/Household Items
FOAM,13,"Finished Industrial Goods (Plastics, etc.)",7,Finished Goods/Household Items
FOIT WAER,13,"Finished Industrial Goods (Plastics, etc.)",7,Finished Goods/Household Items
FOM,13,"Finished Industrial Goods (Plastics, etc.)",7,Finished Goods/Household Items
FOME,13,"Finished Industrial Goods (Plastics, etc.)",7,Finished Goods/Household Items
FOME SHEET,13,"Finished Industrial Goods (Plastics, etc.)",7,Finished Goods/Household Items
FOOT,13,"Finished Industrial Goods (Plastics, etc.)",7,Finished Goods/Household Items
FOOTS,13,"Finished Industrial Goods (Plastics, etc.)",7,Finished Goods/Household Items
FOOTWEAR,13,"Finished Industrial Goods (Plastics, etc.)",7,Finished Goods/Household Items
FUBBER,13,"Finished Industrial Goods (Plastics, etc.)",7,Finished Goods/Household Items
GALSS,13,"Finished Industrial Goods (Plastics, etc.)",7,Finished Goods/Household Items
GAS PIPE,13,"Finished Industrial Goods (Plastics, etc.)",7,Finished Goods/Household Items
GATA,13,"Finished Industrial Goods (Plastics, etc.)",7,Finished Goods/Household Items
GATAN,13,"Finished Industrial Goods (Plastics, etc.)",7,Finished Goods/Household Items
GATT,13,"Finished Industrial Goods (Plastics, etc.)",7,Finished Goods/Household Items
GATTA,13,"Finished Industrial Goods (Plastics, etc.)",7,Finished Goods/Household Items
GATTTA,13,"Finished Industrial Goods (Plastics, etc.)",7,Finished Goods/Household Items
GHATA,13,"Finished Industrial Goods (Plastics, etc.)",7,Finished Goods/Household Items
GHTA,13,"Finished Industrial Goods (Plastics, etc.)",7,Finished Goods/Household Items
GILAS,13,"Finished Industrial Goods (Plastics, etc.)",7,Finished Goods/Household Items
GLAS,13,"Finished Industrial Goods (Plastics, etc.)",7,Finished Goods/Household Items
GLASS,13,"Finished Industrial Goods (Plastics, etc.)",7,Finished Goods/Household Items
GLASS BOTTLES,13,"Finished Industrial Goods (Plastics, etc.)",7,Finished Goods/Household Items
GLASS ITEM,13,"Finished Industrial Goods (Plastics, etc.)",7,Finished Goods/Household Items
GLASS MATERIAL,13,"Finished Industrial Goods (Plastics, etc.)",7,Finished Goods/Household Items
GLASS PLATES,13,"Finished Industrial Goods (Plastics, etc.)",7,Finished Goods/Household Items
GLASS SAMAN,13,"Finished Industrial Goods (Plastics, etc.)",7,Finished Goods/Household Items
GODREJ ITEM,13,"Finished Industrial Goods (Plastics, etc.)",7,Finished Goods/Household Items
GYM ITEM,13,"Finished Industrial Goods (Plastics, etc.)",7,Finished Goods/Household Items
GYM SAMAN,13,"Finished Industrial Goods (Plastics, etc.)",7,Finished Goods/Household Items
HAGA,13,"Finished Industrial Goods (Plastics, etc.)",7,Finished Goods/Household Items
HAND BAG,13,"Finished Industrial Goods (Plastics, etc.)",7,Finished Goods/Household Items
HANDAL,13,"Finished Industrial Goods (Plastics, etc.)",7,Finished Goods/Household Items
HARDWARE ITEM,13,"Finished Industrial Goods (Plastics, etc.)",7,Finished Goods/Household Items
HARDWARE PRODUCTS,13,"Finished Industrial Goods (Plastics, etc.)",7,Finished Goods/Household Items
HELMET,13,"Finished Industrial Goods (Plastics, etc.)",7,Finished Goods/Household Items
HEN RACK,13,"Finished Industrial Goods (Plastics, etc.)",7,Finished Goods/Household Items
HOSPITALBED,13,"Finished Industrial Goods (Plastics, etc.)",7,Finished Goods/Household Items
HUB,13,"Finished Industrial Goods (Plastics, etc.)",7,Finished Goods/Household Items
ICE BOX,13,"Finished Industrial Goods (Plastics, etc.)",7,Finished Goods/Household Items
INDUSTRY MATERIAL,13,"Finished Industrial Goods (Plastics, etc.)",7,Finished Goods/Household Items
JAAL,13,"Finished Industrial Goods (Plastics, etc.)",7,Finished Goods/Household Items
JAALI,13,"Finished Industrial Goods (Plastics, etc.)",7,Finished Goods/Household Items
JAMBO BAG,13,"Finished Industrial Goods (Plastics, etc.)",7,Finished Goods/Household Items
JAMBOBAG,13,"Finished Industrial Goods (Plastics, etc.)",7,Finished Goods/Household Items
JAMBU BAG,13,"Finished Industrial Goods (Plastics, etc.)",7,Finished Goods/Household Items
JAR,13,"Finished Industrial Goods (Plastics, etc.)",7,Finished Goods/Household Items
JELLI,13,"Finished Industrial Goods (Plastics, etc.)",7,Finished Goods/Household Items
JIM,13,"Finished Industrial Goods (Plastics, etc.)",7,Finished Goods/Household Items
JIM GOODS,13,"Finished Industrial Goods (Plastics, etc.)",7,Finished Goods/Household Items
JIM ITEM,13,"Finished Industrial Goods (Plastics, etc.)",7,Finished Goods/Household Items
JOOTA,13,"Finished Industrial Goods (Plastics, etc.)",7,Finished Goods/Household Items
JUT BORI,13,"Finished Industrial Goods (Plastics, etc.)",7,Finished Goods/Household Items
JUT KA BORI,13,"Finished Industrial Goods (Plastics, etc.)",7,Finished Goods/Household Items
KACH,13,"Finished Industrial Goods (Plastics, etc.)",7,Finished Goods/Household Items
KAIRAT,13,"Finished Industrial Goods (Plastics, etc.)",7,Finished Goods/Household Items
KAMBA,13,"Finished Industrial Goods (Plastics, etc.)",7,Finished Goods/Household Items
KANCH,13,"Finished Industrial Goods (Plastics, etc.)",7,Finished Goods/Household Items
KARBEN,13,"Finished Industrial Goods (Plastics, etc.)",7,Finished Goods/Household Items
KARETAE,13,"Finished Industrial Goods (Plastics, etc.)",7,Finished Goods/Household Items
KARPET,13,"Finished Industrial Goods (Plastics, etc.)",7,Finished Goods/Household Items
KARTUS,13,"Finished Industrial Goods (Plastics, etc.)",7,Finished Goods/Household Items
KATTA,13,"Finished Industrial Goods (Plastics, etc.)",7,Finished Goods/Household Items
KATTE,13,"Finished Industrial Goods (Plastics, etc.)",7,Finished Goods/Household Items
KATUN,13,"Finished Industrial Goods (Plastics, etc.)",7,Finished Goods/Household Items
KEN,13,"Finished Industrial Goods (Plastics, etc.)",7,Finished Goods/Household Items
KERATE,13,"Finished Industrial Goods (Plastics, etc.)",7,Finished Goods/Household Items
KHALI BOTAL,13,"Finished Industrial Goods (Plastics, etc.)",7,Finished Goods/Household Items
KORBON,13,"Finished Industrial Goods (Plastics, etc.)",7,Finished Goods/Household Items
KORBON ,13,"Finished Industrial Goods (Plastics, etc.)",7,Finished Goods/Household Items
LADER BAG,13,"Finished Industrial Goods (Plastics, etc.)",7,Finished Goods/Household Items
LADIES PURSE,13,"Finished Industrial Goods (Plastics, etc.)",7,Finished Goods/Household Items
LAH CHUDI,13,"Finished Industrial Goods (Plastics, etc.)",7,Finished Goods/Household Items
LATHER,13,"Finished Industrial Goods (Plastics, etc.)",7,Finished Goods/Household Items
LATHER BAG,13,"Finished Industrial Goods (Plastics, etc.)",7,Finished Goods/Household Items
LEATHER,13,"Finished Industrial Goods (Plastics, etc.)",7,Finished Goods/Household Items
MACHIS BOX,13,"Finished Industrial Goods (Plastics, etc.)",7,Finished Goods/Household Items
MARK,13,"Finished Industrial Goods (Plastics, etc.)",7,Finished Goods/Household Items
MIRCO,13,"Finished Industrial Goods (Plastics, etc.)",7,Finished Goods/Household Items
MIRROR,13,"Finished Industrial Goods (Plastics, etc.)",7,Finished Goods/Household Items
MIRRORS,13,"Finished Industrial Goods (Plastics, etc.)",7,Finished Goods/Household Items
MOBAILE,13,"Finished Industrial Goods (Plastics, etc.)",7,Finished Goods/Household Items
MOM,13,"Finished Industrial Goods (Plastics, etc.)",7,Finished Goods/Household Items
MOME,13,"Finished Industrial Goods (Plastics, etc.)",7,Finished Goods/Household Items
MORA,13,"Finished Industrial Goods (Plastics, etc.)",7,Finished Goods/Household Items
NET,13,"Finished Industrial Goods (Plastics, etc.)",7,Finished Goods/Household Items
NEW CHECHIS,13,"Finished Industrial Goods (Plastics, etc.)",7,Finished Goods/Household Items
NEW CHES,13,"Finished Industrial Goods (Plastics, etc.)",7,Finished Goods/Household Items
OPTICS,13,"Finished Industrial Goods (Plastics, etc.)",7,Finished Goods/Household Items
PAINNAL,13,"Finished Industrial Goods (Plastics, etc.)",7,Finished Goods/Household Items
PAL,13,"Finished Industrial Goods (Plastics, etc.)",7,Finished Goods/Household Items
PALASTIC,13,"Finished Industrial Goods (Plastics, etc.)",7,Finished Goods/Household Items
PALASTIC DANA,13,"Finished Industrial Goods (Plastics, etc.)",7,Finished Goods/Household Items
PALSET,13,"Finished Industrial Goods (Plastics, etc.)",7,Finished Goods/Household Items
PALSTIC,13,"Finished Industrial Goods (Plastics, etc.)",7,Finished Goods/Household Items
PALSTIC BOTTEL,13,"Finished Industrial Goods (Plastics, etc.)",7,Finished Goods/Household Items
PAN,13,"Finished Industrial Goods (Plastics, etc.)",7,Finished Goods/Household Items
PANDA,13,"Finished Industrial Goods (Plastics, etc.)",7,Finished Goods/Household Items
PANDAL,13,"Finished Industrial Goods (Plastics, etc.)",7,Finished Goods/Household Items
PANEL,13,"Finished Industrial Goods (Plastics, etc.)",7,Finished Goods/Household Items
PANI BOTAL,13,"Finished Industrial Goods (Plastics, etc.)",7,Finished Goods/Household Items
PANI TANK,13,"Finished Industrial Goods (Plastics, etc.)",7,Finished Goods/Household Items
PANNAEL,13,"Finished Industrial Goods (Plastics, etc.)",7,Finished Goods/Household Items
PANNALE,13,"Finished Industrial Goods (Plastics, etc.)",7,Finished Goods/Household Items
PANNE,13,"Finished Industrial Goods (Plastics, etc.)",7,Finished Goods/Household Items
PANNEL,13,"Finished Industrial Goods (Plastics, etc.)",7,Finished Goods/Household Items
PANNI,13,"Finished Industrial Goods (Plastics, etc.)",7,Finished Goods/Household Items
PANNI ROL,13,"Finished Industrial Goods (Plastics, etc.)",7,Finished Goods/Household Items
PAPAR,13,"Finished Industrial Goods (Plastics, etc.)",7,Finished Goods/Household Items
PAPER,13,"Finished Industrial Goods (Plastics, etc.)",7,Finished Goods/Household Items
PAPER   ,13,"Finished Industrial Goods (Plastics, etc.)",7,Finished Goods/Household Items
Paper Box,13,"Finished Industrial Goods (Plastics, etc.)",7,Finished Goods/Household Items
PAPER BUNDLE,13,"Finished Industrial Goods (Plastics, etc.)",7,Finished Goods/Household Items
PAPER FINERA,13,"Finished Industrial Goods (Plastics, etc.)",7,Finished Goods/Household Items
PAPER PARCEL,13,"Finished Industrial Goods (Plastics, etc.)",7,Finished Goods/Household Items
PAPER ROL,13,"Finished Industrial Goods (Plastics, etc.)",7,Finished Goods/Household Items
PAPER ROLL,13,"Finished Industrial Goods (Plastics, etc.)",7,Finished Goods/Household Items
PAPER ROLLS,13,"Finished Industrial Goods (Plastics, etc.)",7,Finished Goods/Household Items
PAPER SHEET,13,"Finished Industrial Goods (Plastics, etc.)",7,Finished Goods/Household Items
PAPERROLL,13,"Finished Industrial Goods (Plastics, etc.)",7,Finished Goods/Household Items
PAPERS,13,"Finished Industrial Goods (Plastics, etc.)",7,Finished Goods/Household Items
PAPPER,13,"Finished Industrial Goods (Plastics, etc.)",7,Finished Goods/Household Items
PAPR,13,"Finished Industrial Goods (Plastics, etc.)",7,Finished Goods/Household Items
PASI,13,"Finished Industrial Goods (Plastics, etc.)",7,Finished Goods/Household Items
PASTIC,13,"Finished Industrial Goods (Plastics, etc.)",7,Finished Goods/Household Items
PATA,13,"Finished Industrial Goods (Plastics, etc.)",7,Finished Goods/Household Items
PATAKHA,13,"Finished Industrial Goods (Plastics, etc.)",7,Finished Goods/Household Items
PATHI,13,"Finished Industrial Goods (Plastics, etc.)",7,Finished Goods/Household Items
PATIYA,13,"Finished Industrial Goods (Plastics, etc.)",7,Finished Goods/Household Items
PATTA,13,"Finished Industrial Goods (Plastics, etc.)",7,Finished Goods/Household Items
PATTA THALI,13,"Finished Industrial Goods (Plastics, etc.)",7,Finished Goods/Household Items
PATTAL,13,"Finished Industrial Goods (Plastics, etc.)",7,Finished Goods/Household Items
PENS,13,"Finished Industrial Goods (Plastics, etc.)",7,Finished Goods/Household Items
PEPAR ROL,13,"Finished Industrial Goods (Plastics, etc.)",7,Finished Goods/Household Items
PEPER,13,"Finished Industrial Goods (Plastics, etc.)",7,Finished Goods/Household Items
PEPER ROL,13,"Finished Industrial Goods (Plastics, etc.)",7,Finished Goods/Household Items
PEPPER,13,"Finished Industrial Goods (Plastics, etc.)",7,Finished Goods/Household Items
PETAL,13,"Finished Industrial Goods (Plastics, etc.)",7,Finished Goods/Household Items
PETI,13,"Finished Industrial Goods (Plastics, etc.)",7,Finished Goods/Household Items
PIE,13,"Finished Industrial Goods (Plastics, etc.)",7,Finished Goods/Household Items
PIEP,13,"Finished Industrial Goods (Plastics, etc.)",7,Finished Goods/Household Items
PIOLET,13,"Finished Industrial Goods (Plastics, etc.)",7,Finished Goods/Household Items
PIPE,13,"Finished Industrial Goods (Plastics, etc.)",7,Finished Goods/Household Items
PIPE (PVC),13,"Finished Industrial Goods (Plastics, etc.)",7,Finished Goods/Household Items
PIPE PVC,13,"Finished Industrial Goods (Plastics, etc.)",7,Finished Goods/Household Items
PIPELINE,13,"Finished Industrial Goods (Plastics, etc.)",7,Finished Goods/Household Items
PIPIES,13,"Finished Industrial Goods (Plastics, etc.)",7,Finished Goods/Household Items
PLACSTIC BOX,13,"Finished Industrial Goods (Plastics, etc.)",7,Finished Goods/Household Items
PLASCTIC,13,"Finished Industrial Goods (Plastics, etc.)",7,Finished Goods/Household Items
PLASIC,13,"Finished Industrial Goods (Plastics, etc.)",7,Finished Goods/Household Items
PLASIC ITEM,13,"Finished Industrial Goods (Plastics, etc.)",7,Finished Goods/Household Items
PLASIC PIPE,13,"Finished Industrial Goods (Plastics, etc.)",7,Finished Goods/Household Items
PLASICK TUBS,13,"Finished Industrial Goods (Plastics, etc.)",7,Finished Goods/Household Items
PLASTC ,13,"Finished Industrial Goods (Plastics, etc.)",7,Finished Goods/Household Items
PLASTC PIPE,13,"Finished Industrial Goods (Plastics, etc.)",7,Finished Goods/Household Items
PLASTIC,13,"Finished Industrial Goods (Plastics, etc.)",7,Finished Goods/Household Items
PLASTIC ,13,"Finished Industrial Goods (Plastics, etc.)",7,Finished Goods/Household Items
PLASTIC  ,13,"Finished Industrial Goods (Plastics, etc.)",7,Finished Goods/Household Items
PLASTIC BAG,13,"Finished Industrial Goods (Plastics, etc.)",7,Finished Goods/Household Items
PLASTIC BAGS,13,"Finished Industrial Goods (Plastics, etc.)",7,Finished Goods/Household Items
PLASTIC BAGS ,13,"Finished Industrial Goods (Plastics, etc.)",7,Finished Goods/Household Items
PLASTIC BALTI,13,"Finished Industrial Goods (Plastics, etc.)",7,Finished Goods/Household Items
PLASTIC BOC,13,"Finished Industrial Goods (Plastics, etc.)",7,Finished Goods/Household Items
PLASTIC BORI,13,"Finished Industrial Goods (Plastics, etc.)",7,Finished Goods/Household Items
PLASTIC BOTTEL,13,"Finished Industrial Goods (Plastics, etc.)",7,Finished Goods/Household Items
PLASTIC BOTTLE,13,"Finished Industrial Goods (Plastics, etc.)",7,Finished Goods/Household Items
PLASTIC BOTTLES,13,"Finished Industrial Goods (Plastics, etc.)",7,Finished Goods/Household Items
PLASTIC BOX,13,"Finished Industrial Goods (Plastics, etc.)",7,Finished Goods/Household Items
PLASTIC BOXES,13,"Finished Industrial Goods (Plastics, etc.)",7,Finished Goods/Household Items
PLASTIC BUCKET ,13,"Finished Industrial Goods (Plastics, etc.)",7,Finished Goods/Household Items
PLASTIC BUCKETS,13,"Finished Industrial Goods (Plastics, etc.)",7,Finished Goods/Household Items
PLASTIC CHAIR,13,"Finished Industrial Goods (Plastics, etc.)",7,Finished Goods/Household Items
PLASTIC DANA,13,"Finished Industrial Goods (Plastics, etc.)",7,Finished Goods/Household Items
PLASTIC DANA POWDER,13,"Finished Industrial Goods (Plastics, etc.)",7,Finished Goods/Household Items
PLASTIC DRUM,13,"Finished Industrial Goods (Plastics, etc.)",7,Finished Goods/Household Items
PLASTIC DRUMS,13,"Finished Industrial Goods (Plastics, etc.)",7,Finished Goods/Household Items
PLASTIC GLASS,13,"Finished Industrial Goods (Plastics, etc.)",7,Finished Goods/Household Items
Plastic Granules,13,"Finished Industrial Goods (Plastics, etc.)",7,Finished Goods/Household Items
PLASTIC ITEM,13,"Finished Industrial Goods (Plastics, etc.)",7,Finished Goods/Household Items
PLASTIC MATERIAL,13,"Finished Industrial Goods (Plastics, etc.)",7,Finished Goods/Household Items
PLASTIC MATERIALS,13,"Finished Industrial Goods (Plastics, etc.)",7,Finished Goods/Household Items
PLASTIC PACK,13,"Finished Industrial Goods (Plastics, etc.)",7,Finished Goods/Household Items
PLASTIC PIPE,13,"Finished Industrial Goods (Plastics, etc.)",7,Finished Goods/Household Items
PLASTIC PIPE ,13,"Finished Industrial Goods (Plastics, etc.)",7,Finished Goods/Household Items
PLASTIC PIPES,13,"Finished Industrial Goods (Plastics, etc.)",7,Finished Goods/Household Items
PLASTIC PLATE,13,"Finished Industrial Goods (Plastics, etc.)",7,Finished Goods/Household Items
PLASTIC POL,13,"Finished Industrial Goods (Plastics, etc.)",7,Finished Goods/Household Items
PLASTIC RINGS,13,"Finished Industrial Goods (Plastics, etc.)",7,Finished Goods/Household Items
PLASTIC ROL,13,"Finished Industrial Goods (Plastics, etc.)",7,Finished Goods/Household Items
PLASTIC ROLL,13,"Finished Industrial Goods (Plastics, etc.)",7,Finished Goods/Household Items
PLASTIC SAMAN,13,"Finished Industrial Goods (Plastics, etc.)",7,Finished Goods/Household Items
PLASTIC SHEET,13,"Finished Industrial Goods (Plastics, etc.)",7,Finished Goods/Household Items
PLASTIC SHEETS,13,"Finished Industrial Goods (Plastics, etc.)",7,Finished Goods/Household Items
PLASTIC TANK,13,"Finished Industrial Goods (Plastics, etc.)",7,Finished Goods/Household Items
PLASTIC TRAY,13,"Finished Industrial Goods (Plastics, etc.)",7,Finished Goods/Household Items
PLASTIC TUB,13,"Finished Industrial Goods (Plastics, etc.)",7,Finished Goods/Household Items
PLASTICDANA,13,"Finished Industrial Goods (Plastics, etc.)",7,Finished Goods/Household Items
PLASTICDRUM,13,"Finished Industrial Goods (Plastics, etc.)",7,Finished Goods/Household Items
PLASTICK,13,"Finished Industrial Goods (Plastics, etc.)",7,Finished Goods/Household Items
PLASTICPAPER,13,"Finished Industrial Goods (Plastics, etc.)",7,Finished Goods/Household Items
PLASTIIC,13,"Finished Industrial Goods (Plastics, etc.)",7,Finished Goods/Household Items
PLAT,13,"Finished Industrial Goods (Plastics, etc.)",7,Finished Goods/Household Items
PLATC ITEM,13,"Finished Industrial Goods (Plastics, etc.)",7,Finished Goods/Household Items
PLATE THALI,13,"Finished Industrial Goods (Plastics, etc.)",7,Finished Goods/Household Items
PLATIC BOX,13,"Finished Industrial Goods (Plastics, etc.)",7,Finished Goods/Household Items
PLATIC TANKI,13,"Finished Industrial Goods (Plastics, etc.)",7,Finished Goods/Household Items
PLIX,13,"Finished Industrial Goods (Plastics, etc.)",7,Finished Goods/Household Items
PLSTIC ITEM,13,"Finished Industrial Goods (Plastics, etc.)",7,Finished Goods/Household Items
PLUMBERING GOODS,13,"Finished Industrial Goods (Plastics, etc.)",7,Finished Goods/Household Items
POCKET,13,"Finished Industrial Goods (Plastics, etc.)",7,Finished Goods/Household Items
POKER,13,"Finished Industrial Goods (Plastics, etc.)",7,Finished Goods/Household Items
POL,13,"Finished Industrial Goods (Plastics, etc.)",7,Finished Goods/Household Items
POLITHIN,13,"Finished Industrial Goods (Plastics, etc.)",7,Finished Goods/Household Items
POLITHIN ,13,"Finished Industrial Goods (Plastics, etc.)",7,Finished Goods/Household Items
POLL,13,"Finished Industrial Goods (Plastics, etc.)",7,Finished Goods/Household Items
POLLY BAG,13,"Finished Industrial Goods (Plastics, etc.)",7,Finished Goods/Household Items
POLTHANI,13,"Finished Industrial Goods (Plastics, etc.)",7,Finished Goods/Household Items
POLY,13,"Finished Industrial Goods (Plastics, etc.)",7,Finished Goods/Household Items
POLY BAG,13,"Finished Industrial Goods (Plastics, etc.)",7,Finished Goods/Household Items
POLYHIN,13,"Finished Industrial Goods (Plastics, etc.)",7,Finished Goods/Household Items
POLYTHENE,13,"Finished Industrial Goods (Plastics, etc.)",7,Finished Goods/Household Items
POLYTHIN,13,"Finished Industrial Goods (Plastics, etc.)",7,Finished Goods/Household Items
POLYTHIN ,13,"Finished Industrial Goods (Plastics, etc.)",7,Finished Goods/Household Items
POSTER,13,"Finished Industrial Goods (Plastics, etc.)",7,Finished Goods/Household Items
POYTHIN,13,"Finished Industrial Goods (Plastics, etc.)",7,Finished Goods/Household Items
PP DANA,13,"Finished Industrial Goods (Plastics, etc.)",7,Finished Goods/Household Items
PRAILERS,13,"Finished Industrial Goods (Plastics, etc.)",7,Finished Goods/Household Items
PUC,13,"Finished Industrial Goods (Plastics, etc.)",7,Finished Goods/Household Items
PUMA,13,"Finished Industrial Goods (Plastics, etc.)",7,Finished Goods/Household Items
PURFUME,13,"Finished Industrial Goods (Plastics, etc.)",7,Finished Goods/Household Items
PURSE,13,"Finished Industrial Goods (Plastics, etc.)",7,Finished Goods/Household Items
PVC,13,"Finished Industrial Goods (Plastics, etc.)",7,Finished Goods/Household Items
PVC DANA,13,"Finished Industrial Goods (Plastics, etc.)",7,Finished Goods/Household Items
PVC PIPE,13,"Finished Industrial Goods (Plastics, etc.)",7,Finished Goods/Household Items
Pvc Pipes,13,"Finished Industrial Goods (Plastics, etc.)",7,Finished Goods/Household Items
PVP PIPE,13,"Finished Industrial Goods (Plastics, etc.)",7,Finished Goods/Household Items
RAIL BOX,13,"Finished Industrial Goods (Plastics, etc.)",7,Finished Goods/Household Items
RASI,13,"Finished Industrial Goods (Plastics, etc.)",7,Finished Goods/Household Items
RASSI,13,"Finished Industrial Goods (Plastics, etc.)",7,Finished Goods/Household Items
RECYCLE BOTTLES,13,"Finished Industrial Goods (Plastics, etc.)",7,Finished Goods/Household Items
RECYCLE PAPER,13,"Finished Industrial Goods (Plastics, etc.)",7,Finished Goods/Household Items
REEL,13,"Finished Industrial Goods (Plastics, etc.)",7,Finished Goods/Household Items
RESSA,13,"Finished Industrial Goods (Plastics, etc.)",7,Finished Goods/Household Items
RICE PIPES,13,"Finished Industrial Goods (Plastics, etc.)",7,Finished Goods/Household Items
ROAD MARKER,13,"Finished Industrial Goods (Plastics, etc.)",7,Finished Goods/Household Items
ROL PEPAR,13,"Finished Industrial Goods (Plastics, etc.)",7,Finished Goods/Household Items
ROLL FEBRIC,13,"Finished Industrial Goods (Plastics, etc.)",7,Finished Goods/Household Items
ROLLER,13,"Finished Industrial Goods (Plastics, etc.)",7,Finished Goods/Household Items
ROOP,13,"Finished Industrial Goods (Plastics, etc.)",7,Finished Goods/Household Items
ROOPS,13,"Finished Industrial Goods (Plastics, etc.)",7,Finished Goods/Household Items
ROP,13,"Finished Industrial Goods (Plastics, etc.)",7,Finished Goods/Household Items
ROPE,13,"Finished Industrial Goods (Plastics, etc.)",7,Finished Goods/Household Items
ROPES,13,"Finished Industrial Goods (Plastics, etc.)",7,Finished Goods/Household Items
ROTTARY,13,"Finished Industrial Goods (Plastics, etc.)",7,Finished Goods/Household Items
SAMPOO,13,"Finished Industrial Goods (Plastics, etc.)",7,Finished Goods/Household Items
SANDAL,13,"Finished Industrial Goods (Plastics, etc.)",7,Finished Goods/Household Items
SANDEL,13,"Finished Industrial Goods (Plastics, etc.)",7,Finished Goods/Household Items
SANDLE,13,"Finished Industrial Goods (Plastics, etc.)",7,Finished Goods/Household Items
SARMAIKA,13,"Finished Industrial Goods (Plastics, etc.)",7,Finished Goods/Household Items
SATRING,13,"Finished Industrial Goods (Plastics, etc.)",7,Finished Goods/Household Items
SEAT,13,"Finished Industrial Goods (Plastics, etc.)",7,Finished Goods/Household Items
SEESA,13,"Finished Industrial Goods (Plastics, etc.)",7,Finished Goods/Household Items
SHED,13,"Finished Industrial Goods (Plastics, etc.)",7,Finished Goods/Household Items
SHET,13,"Finished Industrial Goods (Plastics, etc.)",7,Finished Goods/Household Items
SHOE,13,"Finished Industrial Goods (Plastics, etc.)",7,Finished Goods/Household Items
SHOES,13,"Finished Industrial Goods (Plastics, etc.)",7,Finished Goods/Household Items
SHOESE,13,"Finished Industrial Goods (Plastics, etc.)",7,Finished Goods/Household Items
SHOSE,13,"Finished Industrial Goods (Plastics, etc.)",7,Finished Goods/Household Items
SHUTTERING,13,"Finished Industrial Goods (Plastics, etc.)",7,Finished Goods/Household Items
SILICN,13,"Finished Industrial Goods (Plastics, etc.)",7,Finished Goods/Household Items
SINAEX,13,"Finished Industrial Goods (Plastics, etc.)",7,Finished Goods/Household Items
SINTEN,13,"Finished Industrial Goods (Plastics, etc.)",7,Finished Goods/Household Items
SINTEX,13,"Finished Industrial Goods (Plastics, etc.)",7,Finished Goods/Household Items
SIT COVER,13,"Finished Industrial Goods (Plastics, etc.)",7,Finished Goods/Household Items
SLEEPERS,13,"Finished Industrial Goods (Plastics, etc.)",7,Finished Goods/Household Items
SLIPER,13,"Finished Industrial Goods (Plastics, etc.)",7,Finished Goods/Household Items
SLIPPERS,13,"Finished Industrial Goods (Plastics, etc.)",7,Finished Goods/Household Items
SNKS,13,"Finished Industrial Goods (Plastics, etc.)",7,Finished Goods/Household Items
SPORT,13,"Finished Industrial Goods (Plastics, etc.)",7,Finished Goods/Household Items
SPORT ITEM,13,"Finished Industrial Goods (Plastics, etc.)",7,Finished Goods/Household Items
SPORT SAMAN,13,"Finished Industrial Goods (Plastics, etc.)",7,Finished Goods/Household Items
SPORTS ITEMS,13,"Finished Industrial Goods (Plastics, etc.)",7,Finished Goods/Household Items
SPORTS SAMAN,13,"Finished Industrial Goods (Plastics, etc.)",7,Finished Goods/Household Items
SPRAY,13,"Finished Industrial Goods (Plastics, etc.)",7,Finished Goods/Household Items
SPUNCH,13,"Finished Industrial Goods (Plastics, etc.)",7,Finished Goods/Household Items
SRACAPS,13,"Finished Industrial Goods (Plastics, etc.)",7,Finished Goods/Household Items
STAND,13,"Finished Industrial Goods (Plastics, etc.)",7,Finished Goods/Household Items
STATIONARI ITEMS,13,"Finished Industrial Goods (Plastics, etc.)",7,Finished Goods/Household Items
STEEKAR,13,"Finished Industrial Goods (Plastics, etc.)",7,Finished Goods/Household Items
STICKER,13,"Finished Industrial Goods (Plastics, etc.)",7,Finished Goods/Household Items
STRAW,13,"Finished Industrial Goods (Plastics, etc.)",7,Finished Goods/Household Items
SUITCASE,13,"Finished Industrial Goods (Plastics, etc.)",7,Finished Goods/Household Items
SUNTUI,13,"Finished Industrial Goods (Plastics, etc.)",7,Finished Goods/Household Items
SWEATER,13,"Finished Industrial Goods (Plastics, etc.)",7,Finished Goods/Household Items
TAINK,13,"Finished Industrial Goods (Plastics, etc.)",7,Finished Goods/Household Items
TAPE,13,"Finished Industrial Goods (Plastics, etc.)",7,Finished Goods/Household Items
TARPIN ,13,"Finished Industrial Goods (Plastics, etc.)",7,Finished Goods/Household Items
TAWER,13,"Finished Industrial Goods (Plastics, etc.)",7,Finished Goods/Household Items
TEEN CHADAR,13,"Finished Industrial Goods (Plastics, etc.)",7,Finished Goods/Household Items
TENN,13,"Finished Industrial Goods (Plastics, etc.)",7,Finished Goods/Household Items
TENNIS BALL,13,"Finished Industrial Goods (Plastics, etc.)",7,Finished Goods/Household Items
TENT GOODS,13,"Finished Industrial Goods (Plastics, etc.)",7,Finished Goods/Household Items
TENT MATEIALS,13,"Finished Industrial Goods (Plastics, etc.)",7,Finished Goods/Household Items
THARAKOL,13,"Finished Industrial Goods (Plastics, etc.)",7,Finished Goods/Household Items
THAREAD,13,"Finished Industrial Goods (Plastics, etc.)",7,Finished Goods/Household Items
THARMACOL,13,"Finished Industrial Goods (Plastics, etc.)",7,Finished Goods/Household Items
THARMAKAL,13,"Finished Industrial Goods (Plastics, etc.)",7,Finished Goods/Household Items
THARMAKOL,13,"Finished Industrial Goods (Plastics, etc.)",7,Finished Goods/Household Items
THEREAD,13,"Finished Industrial Goods (Plastics, etc.)",7,Finished Goods/Household Items
THERMACOAL,13,"Finished Industrial Goods (Plastics, etc.)",7,Finished Goods/Household Items
THERMACOL,13,"Finished Industrial Goods (Plastics, etc.)",7,Finished Goods/Household Items
THERMOCOL,13,"Finished Industrial Goods (Plastics, etc.)",7,Finished Goods/Household Items
THERMOKOL,13,"Finished Industrial Goods (Plastics, etc.)",7,Finished Goods/Household Items
THREAD,13,"Finished Industrial Goods (Plastics, etc.)",7,Finished Goods/Household Items
THREAD CONE,13,"Finished Industrial Goods (Plastics, etc.)",7,Finished Goods/Household Items
THREAD DHAGA,13,"Finished Industrial Goods (Plastics, etc.)",7,Finished Goods/Household Items
TIRPAL,13,"Finished Industrial Goods (Plastics, etc.)",7,Finished Goods/Household Items
TOLET,13,"Finished Industrial Goods (Plastics, etc.)",7,Finished Goods/Household Items
TOY,13,"Finished Industrial Goods (Plastics, etc.)",7,Finished Goods/Household Items
TOYITEM,13,"Finished Industrial Goods (Plastics, etc.)",7,Finished Goods/Household Items
TOYS,13,"Finished Industrial Goods (Plastics, etc.)",7,Finished Goods/Household Items
TRALI,13,"Finished Industrial Goods (Plastics, etc.)",7,Finished Goods/Household Items
TRAY,13,"Finished Industrial Goods (Plastics, etc.)",7,Finished Goods/Household Items
TREY,13,"Finished Industrial Goods (Plastics, etc.)",7,Finished Goods/Household Items
TRIPAL,13,"Finished Industrial Goods (Plastics, etc.)",7,Finished Goods/Household Items
TUBE,13,"Finished Industrial Goods (Plastics, etc.)",7,Finished Goods/Household Items
TUBE LIGHT,13,"Finished Industrial Goods (Plastics, etc.)",7,Finished Goods/Household Items
UAN DHAGA,13,"Finished Industrial Goods (Plastics, etc.)",7,Finished Goods/Household Items
URAM7,13,"Finished Industrial Goods (Plastics, etc.)",7,Finished Goods/Household Items
VHAIR,13,"Finished Industrial Goods (Plastics, etc.)",7,Finished Goods/Household Items
VIP,13,"Finished Industrial Goods (Plastics, etc.)",7,Finished Goods/Household Items
WAER BOTTEL,13,"Finished Industrial Goods (Plastics, etc.)",7,Finished Goods/Household Items
WAST PLASTIC,13,"Finished Industrial Goods (Plastics, etc.)",7,Finished Goods/Household Items
WASTE,13,"Finished Industrial Goods (Plastics, etc.)",7,Finished Goods/Household Items
WASTE PAPERS,13,"Finished Industrial Goods (Plastics, etc.)",7,Finished Goods/Household Items
WATER BOTEL,13,"Finished Industrial Goods (Plastics, etc.)",7,Finished Goods/Household Items
WATER BOTTEL,13,"Finished Industrial Goods (Plastics, etc.)",7,Finished Goods/Household Items
WATER BOTTELS,13,"Finished Industrial Goods (Plastics, etc.)",7,Finished Goods/Household Items
WATER BOTTLE,13,"Finished Industrial Goods (Plastics, etc.)",7,Finished Goods/Household Items
WATER CAMPER,13,"Finished Industrial Goods (Plastics, etc.)",7,Finished Goods/Household Items
WATER CANE,13,"Finished Industrial Goods (Plastics, etc.)",7,Finished Goods/Household Items
WATER JUG,13,"Finished Industrial Goods (Plastics, etc.)",7,Finished Goods/Household Items
WATER TANK,13,"Finished Industrial Goods (Plastics, etc.)",7,Finished Goods/Household Items
WATER TANKI,13,"Finished Industrial Goods (Plastics, etc.)",7,Finished Goods/Household Items
WATER TANLK,13,"Finished Industrial Goods (Plastics, etc.)",7,Finished Goods/Household Items
WATERBOTTLE,13,"Finished Industrial Goods (Plastics, etc.)",7,Finished Goods/Household Items
WATERTANK,13,"Finished Industrial Goods (Plastics, etc.)",7,Finished Goods/Household Items
WHEEL CHAIR,13,"Finished Industrial Goods (Plastics, etc.)",7,Finished Goods/Household Items
 CHAIRS,14,Household Items,7,Finished Goods/Household Items
AALMARI,14,Household Items,7,Finished Goods/Household Items
ALMARI,14,Household Items,7,Finished Goods/Household Items
ALMIRAH,14,Household Items,7,Finished Goods/Household Items
ARTIFICIALITEM,14,Household Items,7,Finished Goods/Household Items
BAGALE,14,Household Items,7,Finished Goods/Household Items
BAKSA,14,Household Items,7,Finished Goods/Household Items
BAL,14,Household Items,7,Finished Goods/Household Items
BALL,14,Household Items,7,Finished Goods/Household Items
BARDAN,14,Household Items,7,Finished Goods/Household Items
BARTAN,14,Household Items,7,Finished Goods/Household Items
BATHROOM SHEET,14,Household Items,7,Finished Goods/Household Items
BEANCH,14,Household Items,7,Finished Goods/Household Items
BED,14,Household Items,7,Finished Goods/Household Items
BED COVER,14,Household Items,7,Finished Goods/Household Items
BED FURNITURE,14,Household Items,7,Finished Goods/Household Items
BED SEET,14,Household Items,7,Finished Goods/Household Items
BED SHEET,14,Household Items,7,Finished Goods/Household Items
BED SHIT,14,Household Items,7,Finished Goods/Household Items
BEDHSEET,14,Household Items,7,Finished Goods/Household Items
BEDHSET,14,Household Items,7,Finished Goods/Household Items
BEDS,14,Household Items,7,Finished Goods/Household Items
BEED,14,Household Items,7,Finished Goods/Household Items
BEEDDI,14,Household Items,7,Finished Goods/Household Items
BHOJANTAL,14,Household Items,7,Finished Goods/Household Items
BINDI,14,Household Items,7,Finished Goods/Household Items
BLANKAETS,14,Household Items,7,Finished Goods/Household Items
BLANKET,14,Household Items,7,Finished Goods/Household Items
BOWL,14,Household Items,7,Finished Goods/Household Items
BROOM,14,Household Items,7,Finished Goods/Household Items
BROOM ,14,Household Items,7,Finished Goods/Household Items
BRUSH,14,Household Items,7,Finished Goods/Household Items
BULB,14,Household Items,7,Finished Goods/Household Items
CACHA SAMAN,14,Household Items,7,Finished Goods/Household Items
CAMOD,14,Household Items,7,Finished Goods/Household Items
CAMPER,14,Household Items,7,Finished Goods/Household Items
CANDAL,14,Household Items,7,Finished Goods/Household Items
CANDALE,14,Household Items,7,Finished Goods/Household Items
CANDLE,14,Household Items,7,Finished Goods/Household Items
CARPET,14,Household Items,7,Finished Goods/Household Items
CARPETS,14,Household Items,7,Finished Goods/Household Items
CARRET POTS,14,Household Items,7,Finished Goods/Household Items
CATERS,14,Household Items,7,Finished Goods/Household Items
CATRING,14,Household Items,7,Finished Goods/Household Items
CHADAR,14,Household Items,7,Finished Goods/Household Items
CHADARA,14,Household Items,7,Finished Goods/Household Items
CHADDAR,14,Household Items,7,Finished Goods/Household Items
CHADER,14,Household Items,7,Finished Goods/Household Items
CHAIR,14,Household Items,7,Finished Goods/Household Items
CHAIR ,14,Household Items,7,Finished Goods/Household Items
CHAIRE,14,Household Items,7,Finished Goods/Household Items
CHAIRS,14,Household Items,7,Finished Goods/Household Items
CHAR,14,Household Items,7,Finished Goods/Household Items
CHARPAI,14,Household Items,7,Finished Goods/Household Items
CHCHAPAL,14,Household Items,7,Finished Goods/Household Items
CHIAIR,14,Household Items,7,Finished Goods/Household Items
CHOPPER,14,Household Items,7,Finished Goods/Household Items
CLASS,14,Household Items,7,Finished Goods/Household Items
COKER,14,Household Items,7,Finished Goods/Household Items
COLLER GRASS,14,Household Items,7,Finished Goods/Household Items
COM,14,Household Items,7,Finished Goods/Household Items
COMBOD,14,Household Items,7,Finished Goods/Household Items
COOKER,14,Household Items,7,Finished Goods/Household Items
COOKER ,14,Household Items,7,Finished Goods/Household Items
COSMETIC,14,Household Items,7,Finished Goods/Household Items
COSMETIC ITEM,14,Household Items,7,Finished Goods/Household Items
COTON,14,Household Items,7,Finished Goods/Household Items
CUP PLATE,14,Household Items,7,Finished Goods/Household Items
CUPPLET,14,Household Items,7,Finished Goods/Household Items
CUPS,14,Household Items,7,Finished Goods/Household Items
CYLENDR,14,Household Items,7,Finished Goods/Household Items
DAHEJ,14,Household Items,7,Finished Goods/Household Items
DAKKAN PALANG KA,14,Household Items,7,Finished Goods/Household Items
DARI,14,Household Items,7,Finished Goods/Household Items
DARWAJA,14,Household Items,7,Finished Goods/Household Items
DECORATION ITEMS,14,Household Items,7,Finished Goods/Household Items
DIPAK,14,Household Items,7,Finished Goods/Household Items
DOAR,14,Household Items,7,Finished Goods/Household Items
DOOR,14,Household Items,7,Finished Goods/Household Items
DOORS,14,Household Items,7,Finished Goods/Household Items
DUNLOP,14,Household Items,7,Finished Goods/Household Items
FAAL,14,Household Items,7,Finished Goods/Household Items
FARNITUE,14,Household Items,7,Finished Goods/Household Items
FARNITURE,14,Household Items,7,Finished Goods/Household Items
FERI,14,Household Items,7,Finished Goods/Household Items
FIEVICOL,14,Household Items,7,Finished Goods/Household Items
FILTER,14,Household Items,7,Finished Goods/Household Items
FOM GADDA,14,Household Items,7,Finished Goods/Household Items
FOOL GAMLA,14,Household Items,7,Finished Goods/Household Items
FOOT WEAR,14,Household Items,7,Finished Goods/Household Items
FRAME,14,Household Items,7,Finished Goods/Household Items
FRNITURE,14,Household Items,7,Finished Goods/Household Items
FURINITURE,14,Household Items,7,Finished Goods/Household Items
FURNICHAR,14,Household Items,7,Finished Goods/Household Items
FURNITUE,14,Household Items,7,Finished Goods/Household Items
FURNITUR,14,Household Items,7,Finished Goods/Household Items
FURNITURE,14,Household Items,7,Finished Goods/Household Items
FURNITURE ,14,Household Items,7,Finished Goods/Household Items
FURTNITURE,14,Household Items,7,Finished Goods/Household Items
GADA,14,Household Items,7,Finished Goods/Household Items
GADDA,14,Household Items,7,Finished Goods/Household Items
GADDE,14,Household Items,7,Finished Goods/Household Items
GALA,14,Household Items,7,Finished Goods/Household Items
GAMLA,14,Household Items,7,Finished Goods/Household Items
GARMENT,14,Household Items,7,Finished Goods/Household Items
GAS CHULA,14,Household Items,7,Finished Goods/Household Items
GAS CHULHA,14,Household Items,7,Finished Goods/Household Items
GAS STOVES,14,Household Items,7,Finished Goods/Household Items
GHAR KA SAMAN,14,Household Items,7,Finished Goods/Household Items
GLASSES,14,Household Items,7,Finished Goods/Household Items
GLSS,14,Household Items,7,Finished Goods/Household Items
GODAR,14,Household Items,7,Finished Goods/Household Items
HAAT,14,Household Items,7,Finished Goods/Household Items
HANDI,14,Household Items,7,Finished Goods/Household Items
HOM EITEM,14,Household Items,7,Finished Goods/Household Items
HOM ITEM,14,Household Items,7,Finished Goods/Household Items
HOME,14,Household Items,7,Finished Goods/Household Items
HOME APLICANCE,14,Household Items,7,Finished Goods/Household Items
HOME APLICANE,14,Household Items,7,Finished Goods/Household Items
HOME APPLIANTS,14,Household Items,7,Finished Goods/Household Items
HOME APPLICANS,14,Household Items,7,Finished Goods/Household Items
HOME DECORAT GOODS,14,Household Items,7,Finished Goods/Household Items
HOME FURNITURE,14,Household Items,7,Finished Goods/Household Items
HOME GOODS,14,Household Items,7,Finished Goods/Household Items
HOME ITEM,14,Household Items,7,Finished Goods/Household Items
HOME ITEMS,14,Household Items,7,Finished Goods/Household Items
HOME LOAD,14,Household Items,7,Finished Goods/Household Items
HOME MATERIAL,14,Household Items,7,Finished Goods/Household Items
HOME METIREAL,14,Household Items,7,Finished Goods/Household Items
HOME PRODUCT,14,Household Items,7,Finished Goods/Household Items
HOME THINGS,14,Household Items,7,Finished Goods/Household Items
HOMETHINGS,14,Household Items,7,Finished Goods/Household Items
HOTPOT BARTAN,14,Household Items,7,Finished Goods/Household Items
HOUE HOLD ITEMS,14,Household Items,7,Finished Goods/Household Items
HOUS,14,Household Items,7,Finished Goods/Household Items
HOUSE,14,Household Items,7,Finished Goods/Household Items
HOUSE FURNITERS,14,Household Items,7,Finished Goods/Household Items
HOUSE HOD,14,Household Items,7,Finished Goods/Household Items
HOUSE HOLD,14,Household Items,7,Finished Goods/Household Items
HOUSE HOLD ITEM,14,Household Items,7,Finished Goods/Household Items
HOUSE HOLD ITEMS,14,Household Items,7,Finished Goods/Household Items
HOUSE ITEAM,14,Household Items,7,Finished Goods/Household Items
HOUSE ITEMS,14,Household Items,7,Finished Goods/Household Items
HOUSE MATERIAL,14,Household Items,7,Finished Goods/Household Items
HOUSE METAL,14,Household Items,7,Finished Goods/Household Items
HOUSE METRIAL,14,Household Items,7,Finished Goods/Household Items
HOUSE PARCEL,14,Household Items,7,Finished Goods/Household Items
HOUSE PRODUCT,14,Household Items,7,Finished Goods/Household Items
HOUSE WORK,14,Household Items,7,Finished Goods/Household Items
HOUSEHOLD,14,Household Items,7,Finished Goods/Household Items
HUGGY,14,Household Items,7,Finished Goods/Household Items
INTERIAR SAMAN,14,Household Items,7,Finished Goods/Household Items
JAIPURI RAJAI,14,Household Items,7,Finished Goods/Household Items
JHULA,14,Household Items,7,Finished Goods/Household Items
JHUMAR,14,Household Items,7,Finished Goods/Household Items
JUG,14,Household Items,7,Finished Goods/Household Items
JUNA,14,Household Items,7,Finished Goods/Household Items
JWELLERY,14,Household Items,7,Finished Goods/Household Items
KALIN,14,Household Items,7,Finished Goods/Household Items
KAMBAL,14,Household Items,7,Finished Goods/Household Items
KAMBL,14,Household Items,7,Finished Goods/Household Items
KAMBLE,14,Household Items,7,Finished Goods/Household Items
KHAS,14,Household Items,7,Finished Goods/Household Items
KHAT,14,Household Items,7,Finished Goods/Household Items
KICHEN SAMAN,14,Household Items,7,Finished Goods/Household Items
KITCHEN SAMAN,14,Household Items,7,Finished Goods/Household Items
KIWAR,14,Household Items,7,Finished Goods/Household Items
KOLZA,14,Household Items,7,Finished Goods/Household Items
KPN(BED),14,Household Items,7,Finished Goods/Household Items
KUKER,14,Household Items,7,Finished Goods/Household Items
KURSI,14,Household Items,7,Finished Goods/Household Items
LADER,14,Household Items,7,Finished Goods/Household Items
LADR,14,Household Items,7,Finished Goods/Household Items
LAMP,14,Household Items,7,Finished Goods/Household Items
LATRIN SET,14,Household Items,7,Finished Goods/Household Items
LEDAR,14,Household Items,7,Finished Goods/Household Items
LOCK,14,Household Items,7,Finished Goods/Household Items
LOCKERS,14,Household Items,7,Finished Goods/Household Items
LOTA,14,Household Items,7,Finished Goods/Household Items
MACHHAR DANI,14,Household Items,7,Finished Goods/Household Items
MASK,14,Household Items,7,Finished Goods/Household Items
MAT,14,Household Items,7,Finished Goods/Household Items
MATKA,14,Household Items,7,Finished Goods/Household Items
MATRESS,14,Household Items,7,Finished Goods/Household Items
MATS,14,Household Items,7,Finished Goods/Household Items
MATTRES,14,Household Items,7,Finished Goods/Household Items
Mattress,14,Household Items,7,Finished Goods/Household Items
METTERS,14,Household Items,7,Finished Goods/Household Items
MIROR,14,Household Items,7,Finished Goods/Household Items
MIRRO,14,Household Items,7,Finished Goods/Household Items
MITTI BARTAN,14,Household Items,7,Finished Goods/Household Items
NEW PAPER,14,Household Items,7,Finished Goods/Household Items
NEWA PAPER,14,Household Items,7,Finished Goods/Household Items
NEWPAPER,14,Household Items,7,Finished Goods/Household Items
NEWS PAPER,14,Household Items,7,Finished Goods/Household Items
NIRMA POWDER,14,Household Items,7,Finished Goods/Household Items
OUT HOLD MAT,14,Household Items,7,Finished Goods/Household Items
PALANG,14,Household Items,7,Finished Goods/Household Items
PALTE,14,Household Items,7,Finished Goods/Household Items
PANI KI TANKI,14,Household Items,7,Finished Goods/Household Items
PANI TANKI,14,Household Items,7,Finished Goods/Household Items
PAPER BAGS,14,Household Items,7,Finished Goods/Household Items
PAPER PLAT,14,Household Items,7,Finished Goods/Household Items
PAPER PLATE,14,Household Items,7,Finished Goods/Household Items
PAT,14,Household Items,7,Finished Goods/Household Items
PATRA,14,Household Items,7,Finished Goods/Household Items
PATUA,14,Household Items,7,Finished Goods/Household Items
PATWA,14,Household Items,7,Finished Goods/Household Items
PILLOW,14,Household Items,7,Finished Goods/Household Items
PLASTIC TANKI,14,Household Items,7,Finished Goods/Household Items
PLATE CUP,14,Household Items,7,Finished Goods/Household Items
PLET,14,Household Items,7,Finished Goods/Household Items
POT ,14,Household Items,7,Finished Goods/Household Items
POTS,14,Household Items,7,Finished Goods/Household Items
RAK,14,Household Items,7,Finished Goods/Household Items
RIBBON,14,Household Items,7,Finished Goods/Household Items
ROOM SHIFT GOODS,14,Household Items,7,Finished Goods/Household Items
SABAR,14,Household Items,7,Finished Goods/Household Items
SADI KA SAMAN,14,Household Items,7,Finished Goods/Household Items
SANKAL,14,Household Items,7,Finished Goods/Household Items
SELENDR,14,Household Items,7,Finished Goods/Household Items
SILAI MACHIN,14,Household Items,7,Finished Goods/Household Items
SILAI MACHINE,14,Household Items,7,Finished Goods/Household Items
SILCHAR,14,Household Items,7,Finished Goods/Household Items
SLIPPER,14,Household Items,7,Finished Goods/Household Items
SODA JHADU,14,Household Items,7,Finished Goods/Household Items
SOFA,14,Household Items,7,Finished Goods/Household Items
SOOFA,14,Household Items,7,Finished Goods/Household Items
SPONG,14,Household Items,7,Finished Goods/Household Items
SPONGE,14,Household Items,7,Finished Goods/Household Items
STOWE,14,Household Items,7,Finished Goods/Household Items
TABALE,14,Household Items,7,Finished Goods/Household Items
TABL,14,Household Items,7,Finished Goods/Household Items
TABLE,14,Household Items,7,Finished Goods/Household Items
TABLES,14,Household Items,7,Finished Goods/Household Items
TANDURI BHATI,14,Household Items,7,Finished Goods/Household Items
TANKI,14,Household Items,7,Finished Goods/Household Items
THSHIRT,14,Household Items,7,Finished Goods/Household Items
TOILET,14,Household Items,7,Finished Goods/Household Items
TOILET  SEET,14,Household Items,7,Finished Goods/Household Items
TOILET SEET,14,Household Items,7,Finished Goods/Household Items
TOILET SHEET,14,Household Items,7,Finished Goods/Household Items
TOLIET SHEET,14,Household Items,7,Finished Goods/Household Items
VESSEL,14,Household Items,7,Finished Goods/Household Items
WEDDING ITEM,14,Household Items,7,Finished Goods/Household Items
WIPER,14,Household Items,7,Finished Goods/Household Items
WTER,14,Household Items,7,Finished Goods/Household Items
BAALI,15,Wood and Forest Products,8,Wood and Forest Products
BAAS,15,Wood and Forest Products,8,Wood and Forest Products
BALI,15,Wood and Forest Products,8,Wood and Forest Products
BALLI,15,Wood and Forest Products,8,Wood and Forest Products
BAMBBU,15,Wood and Forest Products,8,Wood and Forest Products
BAMBOO,15,Wood and Forest Products,8,Wood and Forest Products
BAMBOO BAG,15,Wood and Forest Products,8,Wood and Forest Products
BAMBOO CRAFTS,15,Wood and Forest Products,8,Wood and Forest Products
BAMBOO STICKS,15,Wood and Forest Products,8,Wood and Forest Products
BAMBOOS ,15,Wood and Forest Products,8,Wood and Forest Products
BAMBU,15,Wood and Forest Products,8,Wood and Forest Products
BANANA TREE,15,Wood and Forest Products,8,Wood and Forest Products
BANS,15,Wood and Forest Products,8,Wood and Forest Products
BANSH,15,Wood and Forest Products,8,Wood and Forest Products
BAS,15,Wood and Forest Products,8,Wood and Forest Products
BATE,15,Wood and Forest Products,8,Wood and Forest Products
BATH,15,Wood and Forest Products,8,Wood and Forest Products
BEDIPATA,15,Wood and Forest Products,8,Wood and Forest Products
BELA,15,Wood and Forest Products,8,Wood and Forest Products
BHANS,15,Wood and Forest Products,8,Wood and Forest Products
BIDI PATTA,15,Wood and Forest Products,8,Wood and Forest Products
BOARD,15,Wood and Forest Products,8,Wood and Forest Products
BOKKS,15,Wood and Forest Products,8,Wood and Forest Products
BOMABU,15,Wood and Forest Products,8,Wood and Forest Products
BOMBO,15,Wood and Forest Products,8,Wood and Forest Products
BOMBU,15,Wood and Forest Products,8,Wood and Forest Products
BOOM,15,Wood and Forest Products,8,Wood and Forest Products
BORA0,15,Wood and Forest Products,8,Wood and Forest Products
BORD,15,Wood and Forest Products,8,Wood and Forest Products
BUARADA,15,Wood and Forest Products,8,Wood and Forest Products
CARD WORK,15,Wood and Forest Products,8,Wood and Forest Products
COMPOST,15,Wood and Forest Products,8,Wood and Forest Products
DAL FURNITURE,15,Wood and Forest Products,8,Wood and Forest Products
FERNITURE,15,Wood and Forest Products,8,Wood and Forest Products
FIREWOOD,15,Wood and Forest Products,8,Wood and Forest Products
FLYWOOD,15,Wood and Forest Products,8,Wood and Forest Products
KACCHA SAMAN,15,Wood and Forest Products,8,Wood and Forest Products
KAGAJ,15,Wood and Forest Products,8,Wood and Forest Products
KAGAJ ,15,Wood and Forest Products,8,Wood and Forest Products
KIKAR,15,Wood and Forest Products,8,Wood and Forest Products
KUT,15,Wood and Forest Products,8,Wood and Forest Products
LADDER,15,Wood and Forest Products,8,Wood and Forest Products
LADKI,15,Wood and Forest Products,8,Wood and Forest Products
LAKDI,15,Wood and Forest Products,8,Wood and Forest Products
LAKDI BAS,15,Wood and Forest Products,8,Wood and Forest Products
LEAF,15,Wood and Forest Products,8,Wood and Forest Products
LEAFES,15,Wood and Forest Products,8,Wood and Forest Products
MACHBOX,15,Wood and Forest Products,8,Wood and Forest Products
MANGO PLANT,15,Wood and Forest Products,8,Wood and Forest Products
MATCH STIC,15,Wood and Forest Products,8,Wood and Forest Products
MATCHBOX,15,Wood and Forest Products,8,Wood and Forest Products
NEEM,15,Wood and Forest Products,8,Wood and Forest Products
NEWSPAPER,15,Wood and Forest Products,8,Wood and Forest Products
NURSERY,15,Wood and Forest Products,8,Wood and Forest Products
NURSERY PLANTS,15,Wood and Forest Products,8,Wood and Forest Products
OTAS,15,Wood and Forest Products,8,Wood and Forest Products
PALANT,15,Wood and Forest Products,8,Wood and Forest Products
PALES,15,Wood and Forest Products,8,Wood and Forest Products
PALKI,15,Wood and Forest Products,8,Wood and Forest Products
PAPER ,15,Wood and Forest Products,8,Wood and Forest Products
PAPER  ,15,Wood and Forest Products,8,Wood and Forest Products
PAPERWOOD,15,Wood and Forest Products,8,Wood and Forest Products
PAWANWOOD,15,Wood and Forest Products,8,Wood and Forest Products
PEPAR,15,Wood and Forest Products,8,Wood and Forest Products
PEPAR ,15,Wood and Forest Products,8,Wood and Forest Products
PILAI,15,Wood and Forest Products,8,Wood and Forest Products
PKY,15,Wood and Forest Products,8,Wood and Forest Products
PLAI,15,Wood and Forest Products,8,Wood and Forest Products
PLAI BORD,15,Wood and Forest Products,8,Wood and Forest Products
PLAIWOOD,15,Wood and Forest Products,8,Wood and Forest Products
PLANYTS,15,Wood and Forest Products,8,Wood and Forest Products
PLARE,15,Wood and Forest Products,8,Wood and Forest Products
PLAY,15,Wood and Forest Products,8,Wood and Forest Products
PLAYWOOD,15,Wood and Forest Products,8,Wood and Forest Products
PLIUP,15,Wood and Forest Products,8,Wood and Forest Products
PLWOOD,15,Wood and Forest Products,8,Wood and Forest Products
PLY,15,Wood and Forest Products,8,Wood and Forest Products
PLY ,15,Wood and Forest Products,8,Wood and Forest Products
PLY BOARD,15,Wood and Forest Products,8,Wood and Forest Products
PLY WOOD,15,Wood and Forest Products,8,Wood and Forest Products
PLYBOARD,15,Wood and Forest Products,8,Wood and Forest Products
PLYBORD,15,Wood and Forest Products,8,Wood and Forest Products
PLYWOO,15,Wood and Forest Products,8,Wood and Forest Products
PLYWOOD,15,Wood and Forest Products,8,Wood and Forest Products
PLYWWOD,15,Wood and Forest Products,8,Wood and Forest Products
PLYY,15,Wood and Forest Products,8,Wood and Forest Products
RABAD,15,Wood and Forest Products,8,Wood and Forest Products
RABAR,15,Wood and Forest Products,8,Wood and Forest Products
RADDI PAPER,15,Wood and Forest Products,8,Wood and Forest Products
ROL SMATTER,15,Wood and Forest Products,8,Wood and Forest Products
ROLER,15,Wood and Forest Products,8,Wood and Forest Products
ROOLPAPER,15,Wood and Forest Products,8,Wood and Forest Products
ROOLSTERE,15,Wood and Forest Products,8,Wood and Forest Products
RUBBE,15,Wood and Forest Products,8,Wood and Forest Products
RUBBEER,15,Wood and Forest Products,8,Wood and Forest Products
RUBER,15,Wood and Forest Products,8,Wood and Forest Products
RUPE,15,Wood and Forest Products,8,Wood and Forest Products
SAGON WOOD,15,Wood and Forest Products,8,Wood and Forest Products
SARMIKA,15,Wood and Forest Products,8,Wood and Forest Products
STICK,15,Wood and Forest Products,8,Wood and Forest Products
STICKS,15,Wood and Forest Products,8,Wood and Forest Products
SUN MAIKA,15,Wood and Forest Products,8,Wood and Forest Products
SUPARI,15,Wood and Forest Products,8,Wood and Forest Products
SURMIKA,15,Wood and Forest Products,8,Wood and Forest Products
TIMBER,15,Wood and Forest Products,8,Wood and Forest Products
TOILET PIPE,15,Wood and Forest Products,8,Wood and Forest Products
TOKARI,15,Wood and Forest Products,8,Wood and Forest Products
TREE,15,Wood and Forest Products,8,Wood and Forest Products
TREE PLANT,15,Wood and Forest Products,8,Wood and Forest Products
TREEL PLANT,15,Wood and Forest Products,8,Wood and Forest Products
TREES,15,Wood and Forest Products,8,Wood and Forest Products
UTAS,15,Wood and Forest Products,8,Wood and Forest Products
W0OOD,15,Wood and Forest Products,8,Wood and Forest Products
WINDOW,15,Wood and Forest Products,8,Wood and Forest Products
WODD,15,Wood and Forest Products,8,Wood and Forest Products
WOMT,15,Wood and Forest Products,8,Wood and Forest Products
WOO,15,Wood and Forest Products,8,Wood and Forest Products
WOOD,15,Wood and Forest Products,8,Wood and Forest Products
WOOD ,15,Wood and Forest Products,8,Wood and Forest Products
Wood & Wood Products,15,Wood and Forest Products,8,Wood and Forest Products
WOOD BAG,15,Wood and Forest Products,8,Wood and Forest Products
WOOD BARS,15,Wood and Forest Products,8,Wood and Forest Products
WOOD BOX,15,Wood and Forest Products,8,Wood and Forest Products
WOOD CHAIR,15,Wood and Forest Products,8,Wood and Forest Products
WOOD CHAIRE,15,Wood and Forest Products,8,Wood and Forest Products
WOOD CHAIRS,15,Wood and Forest Products,8,Wood and Forest Products
WOOD ITEMS,15,Wood and Forest Products,8,Wood and Forest Products
WOOD KHIDKI,15,Wood and Forest Products,8,Wood and Forest Products
WOOD MATERIAL,15,Wood and Forest Products,8,Wood and Forest Products
WOOD PAPER,15,Wood and Forest Products,8,Wood and Forest Products
WOOD PLATES,15,Wood and Forest Products,8,Wood and Forest Products
WOOD STICKS,15,Wood and Forest Products,8,Wood and Forest Products
WOOD TOOLS,15,Wood and Forest Products,8,Wood and Forest Products
WOODEN,15,Wood and Forest Products,8,Wood and Forest Products
WOODS,15,Wood and Forest Products,8,Wood and Forest Products
WOOL,15,Wood and Forest Products,8,Wood and Forest Products
 INDUSTRIAL PARTS,16,"Machinery, Spare Parts, etc.",9,"Vehicles, Machinery, Spare Parts, etc."
 RAILWAY PARTS,16,"Machinery, Spare Parts, etc.",9,"Vehicles, Machinery, Spare Parts, etc."
 TYPRES,16,"Machinery, Spare Parts, etc.",9,"Vehicles, Machinery, Spare Parts, etc."
AATA CHAKKI,16,"Machinery, Spare Parts, etc.",9,"Vehicles, Machinery, Spare Parts, etc."
ACPL,16,"Machinery, Spare Parts, etc.",9,"Vehicles, Machinery, Spare Parts, etc."
AGGRICULTURE MECHINE,16,"Machinery, Spare Parts, etc.",9,"Vehicles, Machinery, Spare Parts, etc."
AIRFORCE PARTS,16,"Machinery, Spare Parts, etc.",9,"Vehicles, Machinery, Spare Parts, etc."
APPOLO,16,"Machinery, Spare Parts, etc.",9,"Vehicles, Machinery, Spare Parts, etc."
APPOLO TYRE,16,"Machinery, Spare Parts, etc.",9,"Vehicles, Machinery, Spare Parts, etc."
ARMY PARTS,16,"Machinery, Spare Parts, etc.",9,"Vehicles, Machinery, Spare Parts, etc."
AUTO PART,16,"Machinery, Spare Parts, etc.",9,"Vehicles, Machinery, Spare Parts, etc."
AUTO PARTS,16,"Machinery, Spare Parts, etc.",9,"Vehicles, Machinery, Spare Parts, etc."
AUTO PATS,16,"Machinery, Spare Parts, etc.",9,"Vehicles, Machinery, Spare Parts, etc."
AUTO SPARE,16,"Machinery, Spare Parts, etc.",9,"Vehicles, Machinery, Spare Parts, etc."
AUTOPART,16,"Machinery, Spare Parts, etc.",9,"Vehicles, Machinery, Spare Parts, etc."
AUTOPARTS,16,"Machinery, Spare Parts, etc.",9,"Vehicles, Machinery, Spare Parts, etc."
AUTOS,16,"Machinery, Spare Parts, etc.",9,"Vehicles, Machinery, Spare Parts, etc."
AUTOSPAREPARTS,16,"Machinery, Spare Parts, etc.",9,"Vehicles, Machinery, Spare Parts, etc."
AXLE MOTAR PARTS,16,"Machinery, Spare Parts, etc.",9,"Vehicles, Machinery, Spare Parts, etc."
BAJAJ PARTS,16,"Machinery, Spare Parts, etc.",9,"Vehicles, Machinery, Spare Parts, etc."
BARINGS,16,"Machinery, Spare Parts, etc.",9,"Vehicles, Machinery, Spare Parts, etc."
BIKE COVER,16,"Machinery, Spare Parts, etc.",9,"Vehicles, Machinery, Spare Parts, etc."
BIKE LIGHTS,16,"Machinery, Spare Parts, etc.",9,"Vehicles, Machinery, Spare Parts, etc."
BIKE MATERIAL,16,"Machinery, Spare Parts, etc.",9,"Vehicles, Machinery, Spare Parts, etc."
BIKE OIL,16,"Machinery, Spare Parts, etc.",9,"Vehicles, Machinery, Spare Parts, etc."
BIKE PART,16,"Machinery, Spare Parts, etc.",9,"Vehicles, Machinery, Spare Parts, etc."
BIKE PARTS,16,"Machinery, Spare Parts, etc.",9,"Vehicles, Machinery, Spare Parts, etc."
BIKE SPARES,16,"Machinery, Spare Parts, etc.",9,"Vehicles, Machinery, Spare Parts, etc."
BOALT,16,"Machinery, Spare Parts, etc.",9,"Vehicles, Machinery, Spare Parts, etc."
BOLT,16,"Machinery, Spare Parts, etc.",9,"Vehicles, Machinery, Spare Parts, etc."
BOLTS,16,"Machinery, Spare Parts, etc.",9,"Vehicles, Machinery, Spare Parts, etc."
BORE,16,"Machinery, Spare Parts, etc.",9,"Vehicles, Machinery, Spare Parts, etc."
BORE MACHINE,16,"Machinery, Spare Parts, etc.",9,"Vehicles, Machinery, Spare Parts, etc."
BORE WELL,16,"Machinery, Spare Parts, etc.",9,"Vehicles, Machinery, Spare Parts, etc."
BORING,16,"Machinery, Spare Parts, etc.",9,"Vehicles, Machinery, Spare Parts, etc."
BORING PIPE,16,"Machinery, Spare Parts, etc.",9,"Vehicles, Machinery, Spare Parts, etc."
BORWEL,16,"Machinery, Spare Parts, etc.",9,"Vehicles, Machinery, Spare Parts, etc."
BOWLER,16,"Machinery, Spare Parts, etc.",9,"Vehicles, Machinery, Spare Parts, etc."
"BUBAI ,MACHINE",16,"Machinery, Spare Parts, etc.",9,"Vehicles, Machinery, Spare Parts, etc."
BUSH,16,"Machinery, Spare Parts, etc.",9,"Vehicles, Machinery, Spare Parts, etc."
CAR MATERIAL,16,"Machinery, Spare Parts, etc.",9,"Vehicles, Machinery, Spare Parts, etc."
CAR PART,16,"Machinery, Spare Parts, etc.",9,"Vehicles, Machinery, Spare Parts, etc."
CAR SPARE PARTS,16,"Machinery, Spare Parts, etc.",9,"Vehicles, Machinery, Spare Parts, etc."
CAR SPARE PARTS ,16,"Machinery, Spare Parts, etc.",9,"Vehicles, Machinery, Spare Parts, etc."
CAR SPARES,16,"Machinery, Spare Parts, etc.",9,"Vehicles, Machinery, Spare Parts, etc."
CARPARTS,16,"Machinery, Spare Parts, etc.",9,"Vehicles, Machinery, Spare Parts, etc."
CHAIN ,16,"Machinery, Spare Parts, etc.",9,"Vehicles, Machinery, Spare Parts, etc."
CONCRITE MIXER,16,"Machinery, Spare Parts, etc.",9,"Vehicles, Machinery, Spare Parts, etc."
CRAIN,16,"Machinery, Spare Parts, etc.",9,"Vehicles, Machinery, Spare Parts, etc."
CRAINE,16,"Machinery, Spare Parts, etc.",9,"Vehicles, Machinery, Spare Parts, etc."
CRANE,16,"Machinery, Spare Parts, etc.",9,"Vehicles, Machinery, Spare Parts, etc."
CRANE PARTS,16,"Machinery, Spare Parts, etc.",9,"Vehicles, Machinery, Spare Parts, etc."
CRANES,16,"Machinery, Spare Parts, etc.",9,"Vehicles, Machinery, Spare Parts, etc."
CREAN,16,"Machinery, Spare Parts, etc.",9,"Vehicles, Machinery, Spare Parts, etc."
CREAN MACHINE,16,"Machinery, Spare Parts, etc.",9,"Vehicles, Machinery, Spare Parts, etc."
CREN,16,"Machinery, Spare Parts, etc.",9,"Vehicles, Machinery, Spare Parts, etc."
CREN BOOM,16,"Machinery, Spare Parts, etc.",9,"Vehicles, Machinery, Spare Parts, etc."
CRESAR,16,"Machinery, Spare Parts, etc.",9,"Vehicles, Machinery, Spare Parts, etc."
CUTTER,16,"Machinery, Spare Parts, etc.",9,"Vehicles, Machinery, Spare Parts, etc."
CUTTER MACHINE,16,"Machinery, Spare Parts, etc.",9,"Vehicles, Machinery, Spare Parts, etc."
CYCLE PARTS,16,"Machinery, Spare Parts, etc.",9,"Vehicles, Machinery, Spare Parts, etc."
DRILL MACHINE,16,"Machinery, Spare Parts, etc.",9,"Vehicles, Machinery, Spare Parts, etc."
ENGAN,16,"Machinery, Spare Parts, etc.",9,"Vehicles, Machinery, Spare Parts, etc."
ENGIN,16,"Machinery, Spare Parts, etc.",9,"Vehicles, Machinery, Spare Parts, etc."
ENGINE MACHINE,16,"Machinery, Spare Parts, etc.",9,"Vehicles, Machinery, Spare Parts, etc."
ENGINEPARTS,16,"Machinery, Spare Parts, etc.",9,"Vehicles, Machinery, Spare Parts, etc."
FACTORY MACHINE,16,"Machinery, Spare Parts, etc.",9,"Vehicles, Machinery, Spare Parts, etc."
FARNCE,16,"Machinery, Spare Parts, etc.",9,"Vehicles, Machinery, Spare Parts, etc."
FILTER ,16,"Machinery, Spare Parts, etc.",9,"Vehicles, Machinery, Spare Parts, etc."
FISH BOAT,16,"Machinery, Spare Parts, etc.",9,"Vehicles, Machinery, Spare Parts, etc."
GADI PARTS,16,"Machinery, Spare Parts, etc.",9,"Vehicles, Machinery, Spare Parts, etc."
GARREJ SAMAN,16,"Machinery, Spare Parts, etc.",9,"Vehicles, Machinery, Spare Parts, etc."
GCB,16,"Machinery, Spare Parts, etc.",9,"Vehicles, Machinery, Spare Parts, etc."
GEAR,16,"Machinery, Spare Parts, etc.",9,"Vehicles, Machinery, Spare Parts, etc."
GEAR BOX,16,"Machinery, Spare Parts, etc.",9,"Vehicles, Machinery, Spare Parts, etc."
GENERATERS,16,"Machinery, Spare Parts, etc.",9,"Vehicles, Machinery, Spare Parts, etc."
GRAINDERS,16,"Machinery, Spare Parts, etc.",9,"Vehicles, Machinery, Spare Parts, etc."
GREECE,16,"Machinery, Spare Parts, etc.",9,"Vehicles, Machinery, Spare Parts, etc."
GREES,16,"Machinery, Spare Parts, etc.",9,"Vehicles, Machinery, Spare Parts, etc."
GRIDE,16,"Machinery, Spare Parts, etc.",9,"Vehicles, Machinery, Spare Parts, etc."
GRINDER,16,"Machinery, Spare Parts, etc.",9,"Vehicles, Machinery, Spare Parts, etc."
HARDWARE ,16,"Machinery, Spare Parts, etc.",9,"Vehicles, Machinery, Spare Parts, etc."
HARDWARE GOODS,16,"Machinery, Spare Parts, etc.",9,"Vehicles, Machinery, Spare Parts, etc."
HARVEST MACHINE,16,"Machinery, Spare Parts, etc.",9,"Vehicles, Machinery, Spare Parts, etc."
HARVESTER,16,"Machinery, Spare Parts, etc.",9,"Vehicles, Machinery, Spare Parts, etc."
HARWARE ITEM,16,"Machinery, Spare Parts, etc.",9,"Vehicles, Machinery, Spare Parts, etc."
HEAVY MACHINERY,16,"Machinery, Spare Parts, etc.",9,"Vehicles, Machinery, Spare Parts, etc."
HEAVY PARTS,16,"Machinery, Spare Parts, etc.",9,"Vehicles, Machinery, Spare Parts, etc."
HERO HAND PARTS,16,"Machinery, Spare Parts, etc.",9,"Vehicles, Machinery, Spare Parts, etc."
HERO PARTS,16,"Machinery, Spare Parts, etc.",9,"Vehicles, Machinery, Spare Parts, etc."
HITACHI,16,"Machinery, Spare Parts, etc.",9,"Vehicles, Machinery, Spare Parts, etc."
HONDA,16,"Machinery, Spare Parts, etc.",9,"Vehicles, Machinery, Spare Parts, etc."
HONDA PART,16,"Machinery, Spare Parts, etc.",9,"Vehicles, Machinery, Spare Parts, etc."
HONDA PATS,16,"Machinery, Spare Parts, etc.",9,"Vehicles, Machinery, Spare Parts, etc."
HYDRA MACHINE,16,"Machinery, Spare Parts, etc.",9,"Vehicles, Machinery, Spare Parts, etc."
INDUSTRIAL MACHINE,16,"Machinery, Spare Parts, etc.",9,"Vehicles, Machinery, Spare Parts, etc."
INDUSTRIAL PARTS,16,"Machinery, Spare Parts, etc.",9,"Vehicles, Machinery, Spare Parts, etc."
INDUSTRICAL MATERIAL,16,"Machinery, Spare Parts, etc.",9,"Vehicles, Machinery, Spare Parts, etc."
INDUSTRITIAL PARTS,16,"Machinery, Spare Parts, etc.",9,"Vehicles, Machinery, Spare Parts, etc."
INDUSTRY PART,16,"Machinery, Spare Parts, etc.",9,"Vehicles, Machinery, Spare Parts, etc."
INDUSTRY PARTS,16,"Machinery, Spare Parts, etc.",9,"Vehicles, Machinery, Spare Parts, etc."
INDUSTRY SPARE PARTS,16,"Machinery, Spare Parts, etc.",9,"Vehicles, Machinery, Spare Parts, etc."
INGINE,16,"Machinery, Spare Parts, etc.",9,"Vehicles, Machinery, Spare Parts, etc."
INJEN,16,"Machinery, Spare Parts, etc.",9,"Vehicles, Machinery, Spare Parts, etc."
INJINE,16,"Machinery, Spare Parts, etc.",9,"Vehicles, Machinery, Spare Parts, etc."
JCB PART,16,"Machinery, Spare Parts, etc.",9,"Vehicles, Machinery, Spare Parts, etc."
JCB PARTS,16,"Machinery, Spare Parts, etc.",9,"Vehicles, Machinery, Spare Parts, etc."
JCB ROLLER,16,"Machinery, Spare Parts, etc.",9,"Vehicles, Machinery, Spare Parts, etc."
JETTY,16,"Machinery, Spare Parts, etc.",9,"Vehicles, Machinery, Spare Parts, etc."
KRESAR MACHINE,16,"Machinery, Spare Parts, etc.",9,"Vehicles, Machinery, Spare Parts, etc."
LEYLAND PARTS,16,"Machinery, Spare Parts, etc.",9,"Vehicles, Machinery, Spare Parts, etc."
LIFT,16,"Machinery, Spare Parts, etc.",9,"Vehicles, Machinery, Spare Parts, etc."
LIFT MACHINE,16,"Machinery, Spare Parts, etc.",9,"Vehicles, Machinery, Spare Parts, etc."
LIFT PARTS,16,"Machinery, Spare Parts, etc.",9,"Vehicles, Machinery, Spare Parts, etc."
LIGHT MACHINE,16,"Machinery, Spare Parts, etc.",9,"Vehicles, Machinery, Spare Parts, etc."
LITHEAM BATTERY,16,"Machinery, Spare Parts, etc.",9,"Vehicles, Machinery, Spare Parts, etc."
LOCKER,16,"Machinery, Spare Parts, etc.",9,"Vehicles, Machinery, Spare Parts, etc."
MACHIE,16,"Machinery, Spare Parts, etc.",9,"Vehicles, Machinery, Spare Parts, etc."
MACHIN,16,"Machinery, Spare Parts, etc.",9,"Vehicles, Machinery, Spare Parts, etc."
MACHIN PART,16,"Machinery, Spare Parts, etc.",9,"Vehicles, Machinery, Spare Parts, etc."
MACHIN PARTS,16,"Machinery, Spare Parts, etc.",9,"Vehicles, Machinery, Spare Parts, etc."
MACHINARY,16,"Machinery, Spare Parts, etc.",9,"Vehicles, Machinery, Spare Parts, etc."
MACHINE,16,"Machinery, Spare Parts, etc.",9,"Vehicles, Machinery, Spare Parts, etc."
MACHINE ,16,"Machinery, Spare Parts, etc.",9,"Vehicles, Machinery, Spare Parts, etc."
MACHINE BOALT,16,"Machinery, Spare Parts, etc.",9,"Vehicles, Machinery, Spare Parts, etc."
MACHINE PART,16,"Machinery, Spare Parts, etc.",9,"Vehicles, Machinery, Spare Parts, etc."
MACHINE PART ,16,"Machinery, Spare Parts, etc.",9,"Vehicles, Machinery, Spare Parts, etc."
MACHINE PARTS,16,"Machinery, Spare Parts, etc.",9,"Vehicles, Machinery, Spare Parts, etc."
Machine Parts ,16,"Machinery, Spare Parts, etc.",9,"Vehicles, Machinery, Spare Parts, etc."
MACHINE TRANSPORT,16,"Machinery, Spare Parts, etc.",9,"Vehicles, Machinery, Spare Parts, etc."
MACHINEPARTS,16,"Machinery, Spare Parts, etc.",9,"Vehicles, Machinery, Spare Parts, etc."
MACHINERI,16,"Machinery, Spare Parts, etc.",9,"Vehicles, Machinery, Spare Parts, etc."
MACHINERY,16,"Machinery, Spare Parts, etc.",9,"Vehicles, Machinery, Spare Parts, etc."
MACHINES,16,"Machinery, Spare Parts, etc.",9,"Vehicles, Machinery, Spare Parts, etc."
MACHIS,16,"Machinery, Spare Parts, etc.",9,"Vehicles, Machinery, Spare Parts, etc."
MACINE,16,"Machinery, Spare Parts, etc.",9,"Vehicles, Machinery, Spare Parts, etc."
MAHCINE,16,"Machinery, Spare Parts, etc.",9,"Vehicles, Machinery, Spare Parts, etc."
MAHINDRA PARTS,16,"Machinery, Spare Parts, etc.",9,"Vehicles, Machinery, Spare Parts, etc."
MAHINE,16,"Machinery, Spare Parts, etc.",9,"Vehicles, Machinery, Spare Parts, etc."
MARUTHI PARTS,16,"Machinery, Spare Parts, etc.",9,"Vehicles, Machinery, Spare Parts, etc."
MARUTI PARTS,16,"Machinery, Spare Parts, etc.",9,"Vehicles, Machinery, Spare Parts, etc."
MARUTI PATS,16,"Machinery, Spare Parts, etc.",9,"Vehicles, Machinery, Spare Parts, etc."
MASIN,16,"Machinery, Spare Parts, etc.",9,"Vehicles, Machinery, Spare Parts, etc."
MCHINE PART,16,"Machinery, Spare Parts, etc.",9,"Vehicles, Machinery, Spare Parts, etc."
MECHANICAL,16,"Machinery, Spare Parts, etc.",9,"Vehicles, Machinery, Spare Parts, etc."
MECHINARY,16,"Machinery, Spare Parts, etc.",9,"Vehicles, Machinery, Spare Parts, etc."
MECHINARY ITEMS,16,"Machinery, Spare Parts, etc.",9,"Vehicles, Machinery, Spare Parts, etc."
MECHINARY PARTS,16,"Machinery, Spare Parts, etc.",9,"Vehicles, Machinery, Spare Parts, etc."
MECHINE,16,"Machinery, Spare Parts, etc.",9,"Vehicles, Machinery, Spare Parts, etc."
MECHINE PARTS,16,"Machinery, Spare Parts, etc.",9,"Vehicles, Machinery, Spare Parts, etc."
MECHINES,16,"Machinery, Spare Parts, etc.",9,"Vehicles, Machinery, Spare Parts, etc."
MEICINE,16,"Machinery, Spare Parts, etc.",9,"Vehicles, Machinery, Spare Parts, etc."
MICEN,16,"Machinery, Spare Parts, etc.",9,"Vehicles, Machinery, Spare Parts, etc."
MINI FRANCE,16,"Machinery, Spare Parts, etc.",9,"Vehicles, Machinery, Spare Parts, etc."
MISSION,16,"Machinery, Spare Parts, etc.",9,"Vehicles, Machinery, Spare Parts, etc."
MISSION MATERIAL,16,"Machinery, Spare Parts, etc.",9,"Vehicles, Machinery, Spare Parts, etc."
MISSIONARY,16,"Machinery, Spare Parts, etc.",9,"Vehicles, Machinery, Spare Parts, etc."
MISSIONERY,16,"Machinery, Spare Parts, etc.",9,"Vehicles, Machinery, Spare Parts, etc."
MISSIONS,16,"Machinery, Spare Parts, etc.",9,"Vehicles, Machinery, Spare Parts, etc."
MISSOIN,16,"Machinery, Spare Parts, etc.",9,"Vehicles, Machinery, Spare Parts, etc."
MIXER,16,"Machinery, Spare Parts, etc.",9,"Vehicles, Machinery, Spare Parts, etc."
MIXTURE MACHINE,16,"Machinery, Spare Parts, etc.",9,"Vehicles, Machinery, Spare Parts, etc."
MIXURE MACHINE,16,"Machinery, Spare Parts, etc.",9,"Vehicles, Machinery, Spare Parts, etc."
MOBIL OIL,16,"Machinery, Spare Parts, etc.",9,"Vehicles, Machinery, Spare Parts, etc."
MOBILE PATS,16,"Machinery, Spare Parts, etc.",9,"Vehicles, Machinery, Spare Parts, etc."
MOTAR,16,"Machinery, Spare Parts, etc.",9,"Vehicles, Machinery, Spare Parts, etc."
MOTAR PARAT,16,"Machinery, Spare Parts, etc.",9,"Vehicles, Machinery, Spare Parts, etc."
MOTAR PART,16,"Machinery, Spare Parts, etc.",9,"Vehicles, Machinery, Spare Parts, etc."
MOTAR PARTS,16,"Machinery, Spare Parts, etc.",9,"Vehicles, Machinery, Spare Parts, etc."
MOTARPARTS,16,"Machinery, Spare Parts, etc.",9,"Vehicles, Machinery, Spare Parts, etc."
MOTER PART,16,"Machinery, Spare Parts, etc.",9,"Vehicles, Machinery, Spare Parts, etc."
MOTER PATS,16,"Machinery, Spare Parts, etc.",9,"Vehicles, Machinery, Spare Parts, etc."
MOTOR CYCLE PARTS,16,"Machinery, Spare Parts, etc.",9,"Vehicles, Machinery, Spare Parts, etc."
MOTOR PART,16,"Machinery, Spare Parts, etc.",9,"Vehicles, Machinery, Spare Parts, etc."
MOTOR PARTS,16,"Machinery, Spare Parts, etc.",9,"Vehicles, Machinery, Spare Parts, etc."
MOTORS,16,"Machinery, Spare Parts, etc.",9,"Vehicles, Machinery, Spare Parts, etc."
MOTORS PARTS,16,"Machinery, Spare Parts, etc.",9,"Vehicles, Machinery, Spare Parts, etc."
MOTTAR PARTS,16,"Machinery, Spare Parts, etc.",9,"Vehicles, Machinery, Spare Parts, etc."
MRF TYRES,16,"Machinery, Spare Parts, etc.",9,"Vehicles, Machinery, Spare Parts, etc."
NAAT,16,"Machinery, Spare Parts, etc.",9,"Vehicles, Machinery, Spare Parts, etc."
NAT BOALT,16,"Machinery, Spare Parts, etc.",9,"Vehicles, Machinery, Spare Parts, etc."
NURSARY,16,"Machinery, Spare Parts, etc.",9,"Vehicles, Machinery, Spare Parts, etc."
NUT BOALT,16,"Machinery, Spare Parts, etc.",9,"Vehicles, Machinery, Spare Parts, etc."
NUT BOLAT,16,"Machinery, Spare Parts, etc.",9,"Vehicles, Machinery, Spare Parts, etc."
NUT BOLT,16,"Machinery, Spare Parts, etc.",9,"Vehicles, Machinery, Spare Parts, etc."
NUTBOAL,16,"Machinery, Spare Parts, etc.",9,"Vehicles, Machinery, Spare Parts, etc."
NUTBOLT,16,"Machinery, Spare Parts, etc.",9,"Vehicles, Machinery, Spare Parts, etc."
OIL CRESAR MACHINE,16,"Machinery, Spare Parts, etc.",9,"Vehicles, Machinery, Spare Parts, etc."
PALSH,16,"Machinery, Spare Parts, etc.",9,"Vehicles, Machinery, Spare Parts, etc."
PART,16,"Machinery, Spare Parts, etc.",9,"Vehicles, Machinery, Spare Parts, etc."
PARTS,16,"Machinery, Spare Parts, etc.",9,"Vehicles, Machinery, Spare Parts, etc."
PARTS ,16,"Machinery, Spare Parts, etc.",9,"Vehicles, Machinery, Spare Parts, etc."
PARTS OF BIKES,16,"Machinery, Spare Parts, etc.",9,"Vehicles, Machinery, Spare Parts, etc."
PAWAN CHAKKI FAN,16,"Machinery, Spare Parts, etc.",9,"Vehicles, Machinery, Spare Parts, etc."
PAWAN CHAKKI MACHINE,16,"Machinery, Spare Parts, etc.",9,"Vehicles, Machinery, Spare Parts, etc."
PISTON MOTAR PARTS,16,"Machinery, Spare Parts, etc.",9,"Vehicles, Machinery, Spare Parts, etc."
PLANT MACHINE,16,"Machinery, Spare Parts, etc.",9,"Vehicles, Machinery, Spare Parts, etc."
PLANT MATERIAL,16,"Machinery, Spare Parts, etc.",9,"Vehicles, Machinery, Spare Parts, etc."
POPLON MACHINE,16,"Machinery, Spare Parts, etc.",9,"Vehicles, Machinery, Spare Parts, etc."
POWER PLANT,16,"Machinery, Spare Parts, etc.",9,"Vehicles, Machinery, Spare Parts, etc."
POWER PLANT GOODS,16,"Machinery, Spare Parts, etc.",9,"Vehicles, Machinery, Spare Parts, etc."
PUMP KA MATERIAL,16,"Machinery, Spare Parts, etc.",9,"Vehicles, Machinery, Spare Parts, etc."
RADIATOR,16,"Machinery, Spare Parts, etc.",9,"Vehicles, Machinery, Spare Parts, etc."
RAIILWAY ITTEM,16,"Machinery, Spare Parts, etc.",9,"Vehicles, Machinery, Spare Parts, etc."
RAIL MATERIAL,16,"Machinery, Spare Parts, etc.",9,"Vehicles, Machinery, Spare Parts, etc."
RAIL PARTS,16,"Machinery, Spare Parts, etc.",9,"Vehicles, Machinery, Spare Parts, etc."
RAIL SPAREPARTS,16,"Machinery, Spare Parts, etc.",9,"Vehicles, Machinery, Spare Parts, etc."
RAIL WHEEL,16,"Machinery, Spare Parts, etc.",9,"Vehicles, Machinery, Spare Parts, etc."
RAILS,16,"Machinery, Spare Parts, etc.",9,"Vehicles, Machinery, Spare Parts, etc."
RAILWAY PANNEL,16,"Machinery, Spare Parts, etc.",9,"Vehicles, Machinery, Spare Parts, etc."
RAILWAY WHEEL,16,"Machinery, Spare Parts, etc.",9,"Vehicles, Machinery, Spare Parts, etc."
RAILWAYSHEET,16,"Machinery, Spare Parts, etc.",9,"Vehicles, Machinery, Spare Parts, etc."
RAILWHEE,16,"Machinery, Spare Parts, etc.",9,"Vehicles, Machinery, Spare Parts, etc."
RAILWHEEL,16,"Machinery, Spare Parts, etc.",9,"Vehicles, Machinery, Spare Parts, etc."
RAW MATERIAL,16,"Machinery, Spare Parts, etc.",9,"Vehicles, Machinery, Spare Parts, etc."
REAM,16,"Machinery, Spare Parts, etc.",9,"Vehicles, Machinery, Spare Parts, etc."
RELAINCE PARTS,16,"Machinery, Spare Parts, etc.",9,"Vehicles, Machinery, Spare Parts, etc."
REPAIR,16,"Machinery, Spare Parts, etc.",9,"Vehicles, Machinery, Spare Parts, etc."
RICE MACHINE,16,"Machinery, Spare Parts, etc.",9,"Vehicles, Machinery, Spare Parts, etc."
RIM,16,"Machinery, Spare Parts, etc.",9,"Vehicles, Machinery, Spare Parts, etc."
RO MACHINE,16,"Machinery, Spare Parts, etc.",9,"Vehicles, Machinery, Spare Parts, etc."
ROAD ROLLER,16,"Machinery, Spare Parts, etc.",9,"Vehicles, Machinery, Spare Parts, etc."
ROADS,16,"Machinery, Spare Parts, etc.",9,"Vehicles, Machinery, Spare Parts, etc."
ROTAWETAR,16,"Machinery, Spare Parts, etc.",9,"Vehicles, Machinery, Spare Parts, etc."
SEL BATTARY,16,"Machinery, Spare Parts, etc.",9,"Vehicles, Machinery, Spare Parts, etc."
SOAIR PARTS,16,"Machinery, Spare Parts, etc.",9,"Vehicles, Machinery, Spare Parts, etc."
SOLAR ,16,"Machinery, Spare Parts, etc.",9,"Vehicles, Machinery, Spare Parts, etc."
SPAIR PARTS,16,"Machinery, Spare Parts, etc.",9,"Vehicles, Machinery, Spare Parts, etc."
SPAIRPARTS,16,"Machinery, Spare Parts, etc.",9,"Vehicles, Machinery, Spare Parts, etc."
SPARE,16,"Machinery, Spare Parts, etc.",9,"Vehicles, Machinery, Spare Parts, etc."
SPARE PART,16,"Machinery, Spare Parts, etc.",9,"Vehicles, Machinery, Spare Parts, etc."
SPARE PARTS,16,"Machinery, Spare Parts, etc.",9,"Vehicles, Machinery, Spare Parts, etc."
SPAREPARTS,16,"Machinery, Spare Parts, etc.",9,"Vehicles, Machinery, Spare Parts, etc."
SPARSH,16,"Machinery, Spare Parts, etc.",9,"Vehicles, Machinery, Spare Parts, etc."
SPEARE PATS,16,"Machinery, Spare Parts, etc.",9,"Vehicles, Machinery, Spare Parts, etc."
STICHING MECHINE,16,"Machinery, Spare Parts, etc.",9,"Vehicles, Machinery, Spare Parts, etc."
TATA ITEM,16,"Machinery, Spare Parts, etc.",9,"Vehicles, Machinery, Spare Parts, etc."
TATA MOTAR,16,"Machinery, Spare Parts, etc.",9,"Vehicles, Machinery, Spare Parts, etc."
TAYAR,16,"Machinery, Spare Parts, etc.",9,"Vehicles, Machinery, Spare Parts, etc."
THARESAR,16,"Machinery, Spare Parts, etc.",9,"Vehicles, Machinery, Spare Parts, etc."
THRESAR,16,"Machinery, Spare Parts, etc.",9,"Vehicles, Machinery, Spare Parts, etc."
TIRE,16,"Machinery, Spare Parts, etc.",9,"Vehicles, Machinery, Spare Parts, etc."
TIRES,16,"Machinery, Spare Parts, etc.",9,"Vehicles, Machinery, Spare Parts, etc."
TOOLS,16,"Machinery, Spare Parts, etc.",9,"Vehicles, Machinery, Spare Parts, etc."
TOWER GOODS,16,"Machinery, Spare Parts, etc.",9,"Vehicles, Machinery, Spare Parts, etc."
TOWER ITEM,16,"Machinery, Spare Parts, etc.",9,"Vehicles, Machinery, Spare Parts, etc."
TOWER ITEMS,16,"Machinery, Spare Parts, etc.",9,"Vehicles, Machinery, Spare Parts, etc."
TOWER PART,16,"Machinery, Spare Parts, etc.",9,"Vehicles, Machinery, Spare Parts, etc."
TOYTA PARCEL,16,"Machinery, Spare Parts, etc.",9,"Vehicles, Machinery, Spare Parts, etc."
TRACKS,16,"Machinery, Spare Parts, etc.",9,"Vehicles, Machinery, Spare Parts, etc."
TRACKTOR PARTS,16,"Machinery, Spare Parts, etc.",9,"Vehicles, Machinery, Spare Parts, etc."
TRACTOR PARTS,16,"Machinery, Spare Parts, etc.",9,"Vehicles, Machinery, Spare Parts, etc."
TRACTOR ROL,16,"Machinery, Spare Parts, etc.",9,"Vehicles, Machinery, Spare Parts, etc."
TRAIN PARTS,16,"Machinery, Spare Parts, etc.",9,"Vehicles, Machinery, Spare Parts, etc."
TRAIN WHEEL,16,"Machinery, Spare Parts, etc.",9,"Vehicles, Machinery, Spare Parts, etc."
TRAINWHEEL,16,"Machinery, Spare Parts, etc.",9,"Vehicles, Machinery, Spare Parts, etc."
TRAINWHEELER,16,"Machinery, Spare Parts, etc.",9,"Vehicles, Machinery, Spare Parts, etc."
TRNSPORT,16,"Machinery, Spare Parts, etc.",9,"Vehicles, Machinery, Spare Parts, etc."
TROLLY,16,"Machinery, Spare Parts, etc.",9,"Vehicles, Machinery, Spare Parts, etc."
TVS BIKE PARTS,16,"Machinery, Spare Parts, etc.",9,"Vehicles, Machinery, Spare Parts, etc."
TVS PART,16,"Machinery, Spare Parts, etc.",9,"Vehicles, Machinery, Spare Parts, etc."
TVS PARTS,16,"Machinery, Spare Parts, etc.",9,"Vehicles, Machinery, Spare Parts, etc."
TVS TYRES,16,"Machinery, Spare Parts, etc.",9,"Vehicles, Machinery, Spare Parts, etc."
TYER,16,"Machinery, Spare Parts, etc.",9,"Vehicles, Machinery, Spare Parts, etc."
TYERS,16,"Machinery, Spare Parts, etc.",9,"Vehicles, Machinery, Spare Parts, etc."
TYRE,16,"Machinery, Spare Parts, etc.",9,"Vehicles, Machinery, Spare Parts, etc."
TYRE LOAD,16,"Machinery, Spare Parts, etc.",9,"Vehicles, Machinery, Spare Parts, etc."
TYRES,16,"Machinery, Spare Parts, etc.",9,"Vehicles, Machinery, Spare Parts, etc."
VEHICLE PARTS,16,"Machinery, Spare Parts, etc.",9,"Vehicles, Machinery, Spare Parts, etc."
VELDING ROD,16,"Machinery, Spare Parts, etc.",9,"Vehicles, Machinery, Spare Parts, etc."
Weight Machine,16,"Machinery, Spare Parts, etc.",9,"Vehicles, Machinery, Spare Parts, etc."
WELDDIN RO,16,"Machinery, Spare Parts, etc.",9,"Vehicles, Machinery, Spare Parts, etc."
WELDIN ITEM,16,"Machinery, Spare Parts, etc.",9,"Vehicles, Machinery, Spare Parts, etc."
WHEEL,16,"Machinery, Spare Parts, etc.",9,"Vehicles, Machinery, Spare Parts, etc."
WHEEL TYRE,16,"Machinery, Spare Parts, etc.",9,"Vehicles, Machinery, Spare Parts, etc."
WHEELS,16,"Machinery, Spare Parts, etc.",9,"Vehicles, Machinery, Spare Parts, etc."
WIND FAN,16,"Machinery, Spare Parts, etc.",9,"Vehicles, Machinery, Spare Parts, etc."
WIND PIPE,16,"Machinery, Spare Parts, etc.",9,"Vehicles, Machinery, Spare Parts, etc."
WINDMILL,16,"Machinery, Spare Parts, etc.",9,"Vehicles, Machinery, Spare Parts, etc."
 BIKE,17,Automobiles (Vehicles),9,"Vehicles, Machinery, Spare Parts, etc."
 CAR TRANSPORT,17,Automobiles (Vehicles),9,"Vehicles, Machinery, Spare Parts, etc."
 VECHILES,17,Automobiles (Vehicles),9,"Vehicles, Machinery, Spare Parts, etc."
(JCB) LOAD,17,Automobiles (Vehicles),9,"Vehicles, Machinery, Spare Parts, etc."
ACTIVE HONDA,17,Automobiles (Vehicles),9,"Vehicles, Machinery, Spare Parts, etc."
AILWAY ITEM,17,Automobiles (Vehicles),9,"Vehicles, Machinery, Spare Parts, etc."
ARMY VELHICLE,17,Automobiles (Vehicles),9,"Vehicles, Machinery, Spare Parts, etc."
AUTO,17,Automobiles (Vehicles),9,"Vehicles, Machinery, Spare Parts, etc."
AUTO ,17,Automobiles (Vehicles),9,"Vehicles, Machinery, Spare Parts, etc."
AUTO BAJAJ,17,Automobiles (Vehicles),9,"Vehicles, Machinery, Spare Parts, etc."
AUTO MOBILE,17,Automobiles (Vehicles),9,"Vehicles, Machinery, Spare Parts, etc."
AUTO MOBILES,17,Automobiles (Vehicles),9,"Vehicles, Machinery, Spare Parts, etc."
AUTO MOBILES ,17,Automobiles (Vehicles),9,"Vehicles, Machinery, Spare Parts, etc."
AUTO RICKSHAW,17,Automobiles (Vehicles),9,"Vehicles, Machinery, Spare Parts, etc."
AUTO RIKASA,17,Automobiles (Vehicles),9,"Vehicles, Machinery, Spare Parts, etc."
AUTO RIKSA,17,Automobiles (Vehicles),9,"Vehicles, Machinery, Spare Parts, etc."
AUTO RISKA,17,Automobiles (Vehicles),9,"Vehicles, Machinery, Spare Parts, etc."
AUTOMOBILE,17,Automobiles (Vehicles),9,"Vehicles, Machinery, Spare Parts, etc."
AUTOMOBILES,17,Automobiles (Vehicles),9,"Vehicles, Machinery, Spare Parts, etc."
BALERO,17,Automobiles (Vehicles),9,"Vehicles, Machinery, Spare Parts, etc."
BICYCLE,17,Automobiles (Vehicles),9,"Vehicles, Machinery, Spare Parts, etc."
BIKE,17,Automobiles (Vehicles),9,"Vehicles, Machinery, Spare Parts, etc."
BIKE LOLAD,17,Automobiles (Vehicles),9,"Vehicles, Machinery, Spare Parts, etc."
BIKE PARCEL,17,Automobiles (Vehicles),9,"Vehicles, Machinery, Spare Parts, etc."
BIKE PATS,17,Automobiles (Vehicles),9,"Vehicles, Machinery, Spare Parts, etc."
BIKE SPAREPARTS,17,Automobiles (Vehicles),9,"Vehicles, Machinery, Spare Parts, etc."
BIKE TRANSPORT,17,Automobiles (Vehicles),9,"Vehicles, Machinery, Spare Parts, etc."
BIKES,17,Automobiles (Vehicles),9,"Vehicles, Machinery, Spare Parts, etc."
BIKES (HYUNDAI),17,Automobiles (Vehicles),9,"Vehicles, Machinery, Spare Parts, etc."
BIKES TRANSPORT,17,Automobiles (Vehicles),9,"Vehicles, Machinery, Spare Parts, etc."
BIKESPARE,17,Automobiles (Vehicles),9,"Vehicles, Machinery, Spare Parts, etc."
BOR MACHINE,17,Automobiles (Vehicles),9,"Vehicles, Machinery, Spare Parts, etc."
BULLET,17,Automobiles (Vehicles),9,"Vehicles, Machinery, Spare Parts, etc."
BULLETS,17,Automobiles (Vehicles),9,"Vehicles, Machinery, Spare Parts, etc."
BUMFUR,17,Automobiles (Vehicles),9,"Vehicles, Machinery, Spare Parts, etc."
BUS,17,Automobiles (Vehicles),9,"Vehicles, Machinery, Spare Parts, etc."
BYCYCLE,17,Automobiles (Vehicles),9,"Vehicles, Machinery, Spare Parts, etc."
CAR,17,Automobiles (Vehicles),9,"Vehicles, Machinery, Spare Parts, etc."
CAR ,17,Automobiles (Vehicles),9,"Vehicles, Machinery, Spare Parts, etc."
CAR BMW TOE,17,Automobiles (Vehicles),9,"Vehicles, Machinery, Spare Parts, etc."
CAR LOAD,17,Automobiles (Vehicles),9,"Vehicles, Machinery, Spare Parts, etc."
CAR PARTS,17,Automobiles (Vehicles),9,"Vehicles, Machinery, Spare Parts, etc."
CAR PATS,17,Automobiles (Vehicles),9,"Vehicles, Machinery, Spare Parts, etc."
CAR TANK,17,Automobiles (Vehicles),9,"Vehicles, Machinery, Spare Parts, etc."
CAR TRANSPORT,17,Automobiles (Vehicles),9,"Vehicles, Machinery, Spare Parts, etc."
CARS,17,Automobiles (Vehicles),9,"Vehicles, Machinery, Spare Parts, etc."
CARS PARCEL,17,Automobiles (Vehicles),9,"Vehicles, Machinery, Spare Parts, etc."
CCAR,17,Automobiles (Vehicles),9,"Vehicles, Machinery, Spare Parts, etc."
CEAT TYRE,17,Automobiles (Vehicles),9,"Vehicles, Machinery, Spare Parts, etc."
CRANE PART,17,Automobiles (Vehicles),9,"Vehicles, Machinery, Spare Parts, etc."
CYCLE,17,Automobiles (Vehicles),9,"Vehicles, Machinery, Spare Parts, etc."
CYCLES,17,Automobiles (Vehicles),9,"Vehicles, Machinery, Spare Parts, etc."
CYLCLE,17,Automobiles (Vehicles),9,"Vehicles, Machinery, Spare Parts, etc."
DAMFAR,17,Automobiles (Vehicles),9,"Vehicles, Machinery, Spare Parts, etc."
DEFINE VEHICLE,17,Automobiles (Vehicles),9,"Vehicles, Machinery, Spare Parts, etc."
DUKE,17,Automobiles (Vehicles),9,"Vehicles, Machinery, Spare Parts, etc."
DUMFAR,17,Automobiles (Vehicles),9,"Vehicles, Machinery, Spare Parts, etc."
E RIKSA,17,Automobiles (Vehicles),9,"Vehicles, Machinery, Spare Parts, etc."
ELECTRIC SCOOTY,17,Automobiles (Vehicles),9,"Vehicles, Machinery, Spare Parts, etc."
ENGINE,17,Automobiles (Vehicles),9,"Vehicles, Machinery, Spare Parts, etc."
E-RICKSHAW,17,Automobiles (Vehicles),9,"Vehicles, Machinery, Spare Parts, etc."
ERIKSA,17,Automobiles (Vehicles),9,"Vehicles, Machinery, Spare Parts, etc."
FORTUNER,17,Automobiles (Vehicles),9,"Vehicles, Machinery, Spare Parts, etc."
GADI,17,Automobiles (Vehicles),9,"Vehicles, Machinery, Spare Parts, etc."
GADIA,17,Automobiles (Vehicles),9,"Vehicles, Machinery, Spare Parts, etc."
HAIRO,17,Automobiles (Vehicles),9,"Vehicles, Machinery, Spare Parts, etc."
HERO,17,Automobiles (Vehicles),9,"Vehicles, Machinery, Spare Parts, etc."
HUNDAI PARTS,17,Automobiles (Vehicles),9,"Vehicles, Machinery, Spare Parts, etc."
HUNDI,17,Automobiles (Vehicles),9,"Vehicles, Machinery, Spare Parts, etc."
HYDRA,17,Automobiles (Vehicles),9,"Vehicles, Machinery, Spare Parts, etc."
HYUNDAI,17,Automobiles (Vehicles),9,"Vehicles, Machinery, Spare Parts, etc."
HYUNDAI CAR,17,Automobiles (Vehicles),9,"Vehicles, Machinery, Spare Parts, etc."
INDIGO BUS,17,Automobiles (Vehicles),9,"Vehicles, Machinery, Spare Parts, etc."
INOVA,17,Automobiles (Vehicles),9,"Vehicles, Machinery, Spare Parts, etc."
JCB,17,Automobiles (Vehicles),9,"Vehicles, Machinery, Spare Parts, etc."
JCB ,17,Automobiles (Vehicles),9,"Vehicles, Machinery, Spare Parts, etc."
JCB TRANSPORT,17,Automobiles (Vehicles),9,"Vehicles, Machinery, Spare Parts, etc."
JCD,17,Automobiles (Vehicles),9,"Vehicles, Machinery, Spare Parts, etc."
JCV,17,Automobiles (Vehicles),9,"Vehicles, Machinery, Spare Parts, etc."
JERB,17,Automobiles (Vehicles),9,"Vehicles, Machinery, Spare Parts, etc."
JON,17,Automobiles (Vehicles),9,"Vehicles, Machinery, Spare Parts, etc."
JOP,17,Automobiles (Vehicles),9,"Vehicles, Machinery, Spare Parts, etc."
KHER,17,Automobiles (Vehicles),9,"Vehicles, Machinery, Spare Parts, etc."
MAHENDRA,17,Automobiles (Vehicles),9,"Vehicles, Machinery, Spare Parts, etc."
MAHINDRA,17,Automobiles (Vehicles),9,"Vehicles, Machinery, Spare Parts, etc."
MARUTI,17,Automobiles (Vehicles),9,"Vehicles, Machinery, Spare Parts, etc."
MARUTI CAR,17,Automobiles (Vehicles),9,"Vehicles, Machinery, Spare Parts, etc."
MOTAR CYCKE,17,Automobiles (Vehicles),9,"Vehicles, Machinery, Spare Parts, etc."
MOTAR CYCLE,17,Automobiles (Vehicles),9,"Vehicles, Machinery, Spare Parts, etc."
MOTARCYCLE,17,Automobiles (Vehicles),9,"Vehicles, Machinery, Spare Parts, etc."
MOTER BIKE,17,Automobiles (Vehicles),9,"Vehicles, Machinery, Spare Parts, etc."
MOTOR BIKE,17,Automobiles (Vehicles),9,"Vehicles, Machinery, Spare Parts, etc."
MOTOR CYCLES,17,Automobiles (Vehicles),9,"Vehicles, Machinery, Spare Parts, etc."
MOTORS BIKES,17,Automobiles (Vehicles),9,"Vehicles, Machinery, Spare Parts, etc."
MRF TYRE,17,Automobiles (Vehicles),9,"Vehicles, Machinery, Spare Parts, etc."
M-Scooter,17,Automobiles (Vehicles),9,"Vehicles, Machinery, Spare Parts, etc."
NEW CAR,17,Automobiles (Vehicles),9,"Vehicles, Machinery, Spare Parts, etc."
NEW CARS,17,Automobiles (Vehicles),9,"Vehicles, Machinery, Spare Parts, etc."
NEW CARS TRANSPORT,17,Automobiles (Vehicles),9,"Vehicles, Machinery, Spare Parts, etc."
NEW SB,17,Automobiles (Vehicles),9,"Vehicles, Machinery, Spare Parts, etc."
NEW VAN,17,Automobiles (Vehicles),9,"Vehicles, Machinery, Spare Parts, etc."
NEW VEHICLES,17,Automobiles (Vehicles),9,"Vehicles, Machinery, Spare Parts, etc."
NEWDUMFER,17,Automobiles (Vehicles),9,"Vehicles, Machinery, Spare Parts, etc."
NEWTRUCK,17,Automobiles (Vehicles),9,"Vehicles, Machinery, Spare Parts, etc."
NEWVEHICLE,17,Automobiles (Vehicles),9,"Vehicles, Machinery, Spare Parts, etc."
OLA,17,Automobiles (Vehicles),9,"Vehicles, Machinery, Spare Parts, etc."
OLA BIKE,17,Automobiles (Vehicles),9,"Vehicles, Machinery, Spare Parts, etc."
OLA SCOOTY,17,Automobiles (Vehicles),9,"Vehicles, Machinery, Spare Parts, etc."
OLD BIKE,17,Automobiles (Vehicles),9,"Vehicles, Machinery, Spare Parts, etc."
OTC VEHICLE,17,Automobiles (Vehicles),9,"Vehicles, Machinery, Spare Parts, etc."
PARCEL BIKES,17,Automobiles (Vehicles),9,"Vehicles, Machinery, Spare Parts, etc."
RAIL,17,Automobiles (Vehicles),9,"Vehicles, Machinery, Spare Parts, etc."
RICKSHAW,17,Automobiles (Vehicles),9,"Vehicles, Machinery, Spare Parts, etc."
RICSHAW,17,Automobiles (Vehicles),9,"Vehicles, Machinery, Spare Parts, etc."
RIKS,17,Automobiles (Vehicles),9,"Vehicles, Machinery, Spare Parts, etc."
RIKSA,17,Automobiles (Vehicles),9,"Vehicles, Machinery, Spare Parts, etc."
ROAD ROLAR,17,Automobiles (Vehicles),9,"Vehicles, Machinery, Spare Parts, etc."
ROD ROLLING,17,Automobiles (Vehicles),9,"Vehicles, Machinery, Spare Parts, etc."
ROLAR,17,Automobiles (Vehicles),9,"Vehicles, Machinery, Spare Parts, etc."
ROYAL ENFILED,17,Automobiles (Vehicles),9,"Vehicles, Machinery, Spare Parts, etc."
SCHOOL VAN,17,Automobiles (Vehicles),9,"Vehicles, Machinery, Spare Parts, etc."
SCOOTER,17,Automobiles (Vehicles),9,"Vehicles, Machinery, Spare Parts, etc."
SCOOTOR,17,Automobiles (Vehicles),9,"Vehicles, Machinery, Spare Parts, etc."
SCOOTY,17,Automobiles (Vehicles),9,"Vehicles, Machinery, Spare Parts, etc."
SCOOTY PARCEL,17,Automobiles (Vehicles),9,"Vehicles, Machinery, Spare Parts, etc."
SERVICE VEHICLE,17,Automobiles (Vehicles),9,"Vehicles, Machinery, Spare Parts, etc."
SILENDRA ,17,Automobiles (Vehicles),9,"Vehicles, Machinery, Spare Parts, etc."
STERING MOTAR PARTS,17,Automobiles (Vehicles),9,"Vehicles, Machinery, Spare Parts, etc."
TAMPO,17,Automobiles (Vehicles),9,"Vehicles, Machinery, Spare Parts, etc."
TAMPU,17,Automobiles (Vehicles),9,"Vehicles, Machinery, Spare Parts, etc."
TEMPO,17,Automobiles (Vehicles),9,"Vehicles, Machinery, Spare Parts, etc."
TEMPU,17,Automobiles (Vehicles),9,"Vehicles, Machinery, Spare Parts, etc."
THREE WHEELER,17,Automobiles (Vehicles),9,"Vehicles, Machinery, Spare Parts, etc."
TOTO,17,Automobiles (Vehicles),9,"Vehicles, Machinery, Spare Parts, etc."
TOTO BATTARY RICKSHA,17,Automobiles (Vehicles),9,"Vehicles, Machinery, Spare Parts, etc."
TRACRTOR,17,Automobiles (Vehicles),9,"Vehicles, Machinery, Spare Parts, etc."
TRACTAR,17,Automobiles (Vehicles),9,"Vehicles, Machinery, Spare Parts, etc."
TRACTER,17,Automobiles (Vehicles),9,"Vehicles, Machinery, Spare Parts, etc."
TRACTO,17,Automobiles (Vehicles),9,"Vehicles, Machinery, Spare Parts, etc."
TRACTOR,17,Automobiles (Vehicles),9,"Vehicles, Machinery, Spare Parts, etc."
TRACTOR TRANSPORT,17,Automobiles (Vehicles),9,"Vehicles, Machinery, Spare Parts, etc."
TRACTORS,17,Automobiles (Vehicles),9,"Vehicles, Machinery, Spare Parts, etc."
TRAKTER,17,Automobiles (Vehicles),9,"Vehicles, Machinery, Spare Parts, etc."
TRANPORT,17,Automobiles (Vehicles),9,"Vehicles, Machinery, Spare Parts, etc."
TRUCK,17,Automobiles (Vehicles),9,"Vehicles, Machinery, Spare Parts, etc."
TUCK,17,Automobiles (Vehicles),9,"Vehicles, Machinery, Spare Parts, etc."
TVC,17,Automobiles (Vehicles),9,"Vehicles, Machinery, Spare Parts, etc."
TVS,17,Automobiles (Vehicles),9,"Vehicles, Machinery, Spare Parts, etc."
TVS BIKE,17,Automobiles (Vehicles),9,"Vehicles, Machinery, Spare Parts, etc."
TVS GOODS,17,Automobiles (Vehicles),9,"Vehicles, Machinery, Spare Parts, etc."
TWO WHEELER,17,Automobiles (Vehicles),9,"Vehicles, Machinery, Spare Parts, etc."
TWOWHEELER,17,Automobiles (Vehicles),9,"Vehicles, Machinery, Spare Parts, etc."
VAHAN,17,Automobiles (Vehicles),9,"Vehicles, Machinery, Spare Parts, etc."
VAIKOL,17,Automobiles (Vehicles),9,"Vehicles, Machinery, Spare Parts, etc."
VAN,17,Automobiles (Vehicles),9,"Vehicles, Machinery, Spare Parts, etc."
VEHICLE,17,Automobiles (Vehicles),9,"Vehicles, Machinery, Spare Parts, etc."
VEHICLE TRANSPORT,17,Automobiles (Vehicles),9,"Vehicles, Machinery, Spare Parts, etc."
VEHICLES,17,Automobiles (Vehicles),9,"Vehicles, Machinery, Spare Parts, etc."
 ELECTRIC PILLERS,18,Electrical and Electronic Items,10,Electrical and Electronic Items
A C,18,Electrical and Electronic Items,10,Electrical and Electronic Items
A/C,18,Electrical and Electronic Items,10,Electrical and Electronic Items
A/C MATERIAL,18,Electrical and Electronic Items,10,Electrical and Electronic Items
AC,18,Electrical and Electronic Items,10,Electrical and Electronic Items
AC ,18,Electrical and Electronic Items,10,Electrical and Electronic Items
AC ITEM,18,Electrical and Electronic Items,10,Electrical and Electronic Items
AC PART,18,Electrical and Electronic Items,10,Electrical and Electronic Items
AC PARTS,18,Electrical and Electronic Items,10,Electrical and Electronic Items
AC PIPES,18,Electrical and Electronic Items,10,Electrical and Electronic Items
AC PRT,18,Electrical and Electronic Items,10,Electrical and Electronic Items
AC SHEET,18,Electrical and Electronic Items,10,Electrical and Electronic Items
AIR,18,Electrical and Electronic Items,10,Electrical and Electronic Items
AIR CONDITIONER,18,Electrical and Electronic Items,10,Electrical and Electronic Items
AIR COOLER,18,Electrical and Electronic Items,10,Electrical and Electronic Items
AIRTEL,18,Electrical and Electronic Items,10,Electrical and Electronic Items
AIRTEL TOWER GOODS,18,Electrical and Electronic Items,10,Electrical and Electronic Items
AIRTELSIMS,18,Electrical and Electronic Items,10,Electrical and Electronic Items
ALIVATOR,18,Electrical and Electronic Items,10,Electrical and Electronic Items
ALTINATER,18,Electrical and Electronic Items,10,Electrical and Electronic Items
AMRAN,18,Electrical and Electronic Items,10,Electrical and Electronic Items
ARMONY,18,Electrical and Electronic Items,10,Electrical and Electronic Items
ATM,18,Electrical and Electronic Items,10,Electrical and Electronic Items
ATM MACHINE,18,Electrical and Electronic Items,10,Electrical and Electronic Items
BAITRI,18,Electrical and Electronic Items,10,Electrical and Electronic Items
BAITRY,18,Electrical and Electronic Items,10,Electrical and Electronic Items
BATARY,18,Electrical and Electronic Items,10,Electrical and Electronic Items
BATTARY,18,Electrical and Electronic Items,10,Electrical and Electronic Items
BATTER,18,Electrical and Electronic Items,10,Electrical and Electronic Items
BATTERIES,18,Electrical and Electronic Items,10,Electrical and Electronic Items
BATTERY,18,Electrical and Electronic Items,10,Electrical and Electronic Items
BATTEY,18,Electrical and Electronic Items,10,Electrical and Electronic Items
BATTRY,18,Electrical and Electronic Items,10,Electrical and Electronic Items
BATTRY RICKSA,18,Electrical and Electronic Items,10,Electrical and Electronic Items
BEL,18,Electrical and Electronic Items,10,Electrical and Electronic Items
BELL,18,Electrical and Electronic Items,10,Electrical and Electronic Items
BETTERI,18,Electrical and Electronic Items,10,Electrical and Electronic Items
BETTERY,18,Electrical and Electronic Items,10,Electrical and Electronic Items
BIJLI SAMAN,18,Electrical and Electronic Items,10,Electrical and Electronic Items
BINDAL,18,Electrical and Electronic Items,10,Electrical and Electronic Items
BLUESTAR AC,18,Electrical and Electronic Items,10,Electrical and Electronic Items
BOREVAIL,18,Electrical and Electronic Items,10,Electrical and Electronic Items
BOREWELL,18,Electrical and Electronic Items,10,Electrical and Electronic Items
BORING ITEM,18,Electrical and Electronic Items,10,Electrical and Electronic Items
BORWALLS,18,Electrical and Electronic Items,10,Electrical and Electronic Items
BREACH,18,Electrical and Electronic Items,10,Electrical and Electronic Items
BTTERY,18,Electrical and Electronic Items,10,Electrical and Electronic Items
BULB HOLDER,18,Electrical and Electronic Items,10,Electrical and Electronic Items
BULBS,18,Electrical and Electronic Items,10,Electrical and Electronic Items
BYAR,18,Electrical and Electronic Items,10,Electrical and Electronic Items
CABALE,18,Electrical and Electronic Items,10,Electrical and Electronic Items
CABALE WIRE,18,Electrical and Electronic Items,10,Electrical and Electronic Items
CABEL,18,Electrical and Electronic Items,10,Electrical and Electronic Items
CABLE,18,Electrical and Electronic Items,10,Electrical and Electronic Items
CABLE ,18,Electrical and Electronic Items,10,Electrical and Electronic Items
CABLE WIRE,18,Electrical and Electronic Items,10,Electrical and Electronic Items
CABLES,18,Electrical and Electronic Items,10,Electrical and Electronic Items
CAMERA,18,Electrical and Electronic Items,10,Electrical and Electronic Items
CAULAR,18,Electrical and Electronic Items,10,Electrical and Electronic Items
CHIP,18,Electrical and Electronic Items,10,Electrical and Electronic Items
COAIL,18,Electrical and Electronic Items,10,Electrical and Electronic Items
COILE,18,Electrical and Electronic Items,10,Electrical and Electronic Items
COLLER,18,Electrical and Electronic Items,10,Electrical and Electronic Items
COMPUER,18,Electrical and Electronic Items,10,Electrical and Electronic Items
COMPUTER,18,Electrical and Electronic Items,10,Electrical and Electronic Items
COMPUTERS,18,Electrical and Electronic Items,10,Electrical and Electronic Items
COOLAR,18,Electrical and Electronic Items,10,Electrical and Electronic Items
COOLER,18,Electrical and Electronic Items,10,Electrical and Electronic Items
COPER WIRE,18,Electrical and Electronic Items,10,Electrical and Electronic Items
COPPER WIRE,18,Electrical and Electronic Items,10,Electrical and Electronic Items
CORBAN WIRE,18,Electrical and Electronic Items,10,Electrical and Electronic Items
COUMPTER,18,Electrical and Electronic Items,10,Electrical and Electronic Items
CULLER,18,Electrical and Electronic Items,10,Electrical and Electronic Items
CURRENT,18,Electrical and Electronic Items,10,Electrical and Electronic Items
CURRENT POTS,18,Electrical and Electronic Items,10,Electrical and Electronic Items
D J SOUND SYSTEM,18,Electrical and Electronic Items,10,Electrical and Electronic Items
D.J,18,Electrical and Electronic Items,10,Electrical and Electronic Items
DAKAN,18,Electrical and Electronic Items,10,Electrical and Electronic Items
DC BATTARY,18,Electrical and Electronic Items,10,Electrical and Electronic Items
DG,18,Electrical and Electronic Items,10,Electrical and Electronic Items
DJ,18,Electrical and Electronic Items,10,Electrical and Electronic Items
DJ PRODUCTS,18,Electrical and Electronic Items,10,Electrical and Electronic Items
DJ SOUND,18,Electrical and Electronic Items,10,Electrical and Electronic Items
DJ SPEAKERS,18,Electrical and Electronic Items,10,Electrical and Electronic Items
DJ SPPEKER,18,Electrical and Electronic Items,10,Electrical and Electronic Items
E B TOOLS,18,Electrical and Electronic Items,10,Electrical and Electronic Items
ELCTRIC PATS,18,Electrical and Electronic Items,10,Electrical and Electronic Items
ELCTRIC SAMAN,18,Electrical and Electronic Items,10,Electrical and Electronic Items
ELECCTRIC ITEM,18,Electrical and Electronic Items,10,Electrical and Electronic Items
ELECRTIC,18,Electrical and Electronic Items,10,Electrical and Electronic Items
ELECTIC ITEM,18,Electrical and Electronic Items,10,Electrical and Electronic Items
ELECTICAL ITEM,18,Electrical and Electronic Items,10,Electrical and Electronic Items
ELECTICALS,18,Electrical and Electronic Items,10,Electrical and Electronic Items
ELECTONIC ITEM,18,Electrical and Electronic Items,10,Electrical and Electronic Items
ELECTORONIC,18,Electrical and Electronic Items,10,Electrical and Electronic Items
ELECTRAL,18,Electrical and Electronic Items,10,Electrical and Electronic Items
ELECTRI ITEM,18,Electrical and Electronic Items,10,Electrical and Electronic Items
ELECTRIAL,18,Electrical and Electronic Items,10,Electrical and Electronic Items
ELECTRIC,18,Electrical and Electronic Items,10,Electrical and Electronic Items
ELECTRIC BIKE,18,Electrical and Electronic Items,10,Electrical and Electronic Items
ELECTRIC BOARD,18,Electrical and Electronic Items,10,Electrical and Electronic Items
ELECTRIC BORD,18,Electrical and Electronic Items,10,Electrical and Electronic Items
ELECTRIC BOX,18,Electrical and Electronic Items,10,Electrical and Electronic Items
ELECTRIC BULB,18,Electrical and Electronic Items,10,Electrical and Electronic Items
ELECTRIC FANS,18,Electrical and Electronic Items,10,Electrical and Electronic Items
ELECTRIC GENETRAS,18,Electrical and Electronic Items,10,Electrical and Electronic Items
ELECTRIC GOODS,18,Electrical and Electronic Items,10,Electrical and Electronic Items
ELECTRIC ITEM,18,Electrical and Electronic Items,10,Electrical and Electronic Items
ELECTRIC ITEMS,18,Electrical and Electronic Items,10,Electrical and Electronic Items
ELECTRIC LIGHT,18,Electrical and Electronic Items,10,Electrical and Electronic Items
ELECTRIC MATERIAL,18,Electrical and Electronic Items,10,Electrical and Electronic Items
ELECTRIC METER,18,Electrical and Electronic Items,10,Electrical and Electronic Items
ELECTRIC MOTER,18,Electrical and Electronic Items,10,Electrical and Electronic Items
ELECTRIC PANNAL,18,Electrical and Electronic Items,10,Electrical and Electronic Items
ELECTRIC PARCEL,18,Electrical and Electronic Items,10,Electrical and Electronic Items
ELECTRIC PART,18,Electrical and Electronic Items,10,Electrical and Electronic Items
ELECTRIC PARTS,18,Electrical and Electronic Items,10,Electrical and Electronic Items
ELECTRIC PILLERS,18,Electrical and Electronic Items,10,Electrical and Electronic Items
ELECTRIC PIPE,18,Electrical and Electronic Items,10,Electrical and Electronic Items
ELECTRIC POL,18,Electrical and Electronic Items,10,Electrical and Electronic Items
ELECTRIC POLES,18,Electrical and Electronic Items,10,Electrical and Electronic Items
ELECTRIC POLL,18,Electrical and Electronic Items,10,Electrical and Electronic Items
ELECTRIC SAMAN,18,Electrical and Electronic Items,10,Electrical and Electronic Items
ELECTRIC WIRE,18,Electrical and Electronic Items,10,Electrical and Electronic Items
ELECTRICAL,18,Electrical and Electronic Items,10,Electrical and Electronic Items
ELECTRICAL ,18,Electrical and Electronic Items,10,Electrical and Electronic Items
ELECTRICAL IETMS,18,Electrical and Electronic Items,10,Electrical and Electronic Items
ELECTRICAL ITEM,18,Electrical and Electronic Items,10,Electrical and Electronic Items
ELECTRICAL ITEMS,18,Electrical and Electronic Items,10,Electrical and Electronic Items
ELECTRICAL ITEMS ,18,Electrical and Electronic Items,10,Electrical and Electronic Items
ELECTRICAL ITMES,18,Electrical and Electronic Items,10,Electrical and Electronic Items
ELECTRICAL MATERIAL,18,Electrical and Electronic Items,10,Electrical and Electronic Items
ELECTRICAL PARTS,18,Electrical and Electronic Items,10,Electrical and Electronic Items
ELECTRICAL WIRES,18,Electrical and Electronic Items,10,Electrical and Electronic Items
ELECTRICALLY,18,Electrical and Electronic Items,10,Electrical and Electronic Items
ELECTRICALS,18,Electrical and Electronic Items,10,Electrical and Electronic Items
ELECTRICAN,18,Electrical and Electronic Items,10,Electrical and Electronic Items
ELECTRICIAN,18,Electrical and Electronic Items,10,Electrical and Electronic Items
ELECTRICITY,18,Electrical and Electronic Items,10,Electrical and Electronic Items
ELECTRO,18,Electrical and Electronic Items,10,Electrical and Electronic Items
ELECTRONIC,18,Electrical and Electronic Items,10,Electrical and Electronic Items
ELECTRONIC ITEM,18,Electrical and Electronic Items,10,Electrical and Electronic Items
Electronic Items,18,Electrical and Electronic Items,10,Electrical and Electronic Items
ELECTRONICS,18,Electrical and Electronic Items,10,Electrical and Electronic Items
ELETRONICS,18,Electrical and Electronic Items,10,Electrical and Electronic Items
ERICKSHAW,18,Electrical and Electronic Items,10,Electrical and Electronic Items
EXCIDE,18,Electrical and Electronic Items,10,Electrical and Electronic Items
FAN,18,Electrical and Electronic Items,10,Electrical and Electronic Items
FANS,18,Electrical and Electronic Items,10,Electrical and Electronic Items
FAST TRACK,18,Electrical and Electronic Items,10,Electrical and Electronic Items
FEFRIDGERATOR,18,Electrical and Electronic Items,10,Electrical and Electronic Items
FEN,18,Electrical and Electronic Items,10,Electrical and Electronic Items
FIH,18,Electrical and Electronic Items,10,Electrical and Electronic Items
FILIPS GOODS,18,Electrical and Electronic Items,10,Electrical and Electronic Items
FOUNTAIN,18,Electrical and Electronic Items,10,Electrical and Electronic Items
FREAM,18,Electrical and Electronic Items,10,Electrical and Electronic Items
FREEDGE,18,Electrical and Electronic Items,10,Electrical and Electronic Items
FREEJ,18,Electrical and Electronic Items,10,Electrical and Electronic Items
FREEZ,18,Electrical and Electronic Items,10,Electrical and Electronic Items
FREEZE,18,Electrical and Electronic Items,10,Electrical and Electronic Items
FREEZE/GODREJ,18,Electrical and Electronic Items,10,Electrical and Electronic Items
FRIDGE,18,Electrical and Electronic Items,10,Electrical and Electronic Items
FRIDGER,18,Electrical and Electronic Items,10,Electrical and Electronic Items
FRIDGES,18,Electrical and Electronic Items,10,Electrical and Electronic Items
FRIDZE,18,Electrical and Electronic Items,10,Electrical and Electronic Items
FRIGE,18,Electrical and Electronic Items,10,Electrical and Electronic Items
FRIJ,18,Electrical and Electronic Items,10,Electrical and Electronic Items
FRIZ,18,Electrical and Electronic Items,10,Electrical and Electronic Items
FRIZE,18,Electrical and Electronic Items,10,Electrical and Electronic Items
FUSE,18,Electrical and Electronic Items,10,Electrical and Electronic Items
GANRATER,18,Electrical and Electronic Items,10,Electrical and Electronic Items
GARNETOR,18,Electrical and Electronic Items,10,Electrical and Electronic Items
GENARATOR,18,Electrical and Electronic Items,10,Electrical and Electronic Items
GENERATOR,18,Electrical and Electronic Items,10,Electrical and Electronic Items
GENERATOR ,18,Electrical and Electronic Items,10,Electrical and Electronic Items
GENERTOR,18,Electrical and Electronic Items,10,Electrical and Electronic Items
GENETOR,18,Electrical and Electronic Items,10,Electrical and Electronic Items
GENRATER,18,Electrical and Electronic Items,10,Electrical and Electronic Items
GENRATOR,18,Electrical and Electronic Items,10,Electrical and Electronic Items
GENRETOR,18,Electrical and Electronic Items,10,Electrical and Electronic Items
GENROTOR,18,Electrical and Electronic Items,10,Electrical and Electronic Items
GIZER,18,Electrical and Electronic Items,10,Electrical and Electronic Items
GLANDER,18,Electrical and Electronic Items,10,Electrical and Electronic Items
GODREJ,18,Electrical and Electronic Items,10,Electrical and Electronic Items
GOREJ ITEM,18,Electrical and Electronic Items,10,Electrical and Electronic Items
HEAVY ELECTRICAL MATERIAL,18,Electrical and Electronic Items,10,Electrical and Electronic Items
HITAR,18,Electrical and Electronic Items,10,Electrical and Electronic Items
HITER,18,Electrical and Electronic Items,10,Electrical and Electronic Items
IMVERTOR,18,Electrical and Electronic Items,10,Electrical and Electronic Items
INVERTOR,18,Electrical and Electronic Items,10,Electrical and Electronic Items
INVITER,18,Electrical and Electronic Items,10,Electrical and Electronic Items
JANRATER,18,Electrical and Electronic Items,10,Electrical and Electronic Items
JANRETAR,18,Electrical and Electronic Items,10,Electrical and Electronic Items
JARNETAR,18,Electrical and Electronic Items,10,Electrical and Electronic Items
JARNETOR,18,Electrical and Electronic Items,10,Electrical and Electronic Items
JENERATOR,18,Electrical and Electronic Items,10,Electrical and Electronic Items
JIO TOWER,18,Electrical and Electronic Items,10,Electrical and Electronic Items
JIO TOWER GOODS,18,Electrical and Electronic Items,10,Electrical and Electronic Items
KABON,18,Electrical and Electronic Items,10,Electrical and Electronic Items
KEBAL,18,Electrical and Electronic Items,10,Electrical and Electronic Items
KOOLER,18,Electrical and Electronic Items,10,Electrical and Electronic Items
KULAR,18,Electrical and Electronic Items,10,Electrical and Electronic Items
L.E.D. LIGHT,18,Electrical and Electronic Items,10,Electrical and Electronic Items
LAPTOP,18,Electrical and Electronic Items,10,Electrical and Electronic Items
LCD,18,Electrical and Electronic Items,10,Electrical and Electronic Items
LED,18,Electrical and Electronic Items,10,Electrical and Electronic Items
LED LIGHTS,18,Electrical and Electronic Items,10,Electrical and Electronic Items
LED TV,18,Electrical and Electronic Items,10,Electrical and Electronic Items
LG,18,Electrical and Electronic Items,10,Electrical and Electronic Items
LG ITEM,18,Electrical and Electronic Items,10,Electrical and Electronic Items
LG PART,18,Electrical and Electronic Items,10,Electrical and Electronic Items
LIFT PART,18,Electrical and Electronic Items,10,Electrical and Electronic Items
LIGHT,18,Electrical and Electronic Items,10,Electrical and Electronic Items
LIGHT BOARD,18,Electrical and Electronic Items,10,Electrical and Electronic Items
LIGHT FITTING,18,Electrical and Electronic Items,10,Electrical and Electronic Items
LIGHT KA SAMAN,18,Electrical and Electronic Items,10,Electrical and Electronic Items
LIGHT KEPANEL,18,Electrical and Electronic Items,10,Electrical and Electronic Items
LIGHT SAMAN,18,Electrical and Electronic Items,10,Electrical and Electronic Items
LIGHTING,18,Electrical and Electronic Items,10,Electrical and Electronic Items
LIGHTS,18,Electrical and Electronic Items,10,Electrical and Electronic Items
LINE,18,Electrical and Electronic Items,10,Electrical and Electronic Items
LOHA AC,18,Electrical and Electronic Items,10,Electrical and Electronic Items
MANGET,18,Electrical and Electronic Items,10,Electrical and Electronic Items
MEXR MACHINE,18,Electrical and Electronic Items,10,Electrical and Electronic Items
MIXER MACHINE,18,Electrical and Electronic Items,10,Electrical and Electronic Items
MIXER MACHINE ,18,Electrical and Electronic Items,10,Electrical and Electronic Items
MOBIELS,18,Electrical and Electronic Items,10,Electrical and Electronic Items
MOBILE,18,Electrical and Electronic Items,10,Electrical and Electronic Items
MOBILE ACCESSORIES,18,Electrical and Electronic Items,10,Electrical and Electronic Items
MOBILE ITEM,18,Electrical and Electronic Items,10,Electrical and Electronic Items
MOBILE PART,18,Electrical and Electronic Items,10,Electrical and Electronic Items
MOBILES,18,Electrical and Electronic Items,10,Electrical and Electronic Items
MOBILES PHONES,18,Electrical and Electronic Items,10,Electrical and Electronic Items
MOBIOIL,18,Electrical and Electronic Items,10,Electrical and Electronic Items
MOTAR PUMP,18,Electrical and Electronic Items,10,Electrical and Electronic Items
MOTER,18,Electrical and Electronic Items,10,Electrical and Electronic Items
MOTERS,18,Electrical and Electronic Items,10,Electrical and Electronic Items
MOTOR,18,Electrical and Electronic Items,10,Electrical and Electronic Items
MRGI,18,Electrical and Electronic Items,10,Electrical and Electronic Items
MURTI,18,Electrical and Electronic Items,10,Electrical and Electronic Items
NOKIA,18,Electrical and Electronic Items,10,Electrical and Electronic Items
PAKHI KHETA,18,Electrical and Electronic Items,10,Electrical and Electronic Items
PANASONIC TV,18,Electrical and Electronic Items,10,Electrical and Electronic Items
PANIL,18,Electrical and Electronic Items,10,Electrical and Electronic Items
PANKH,18,Electrical and Electronic Items,10,Electrical and Electronic Items
PANKHA,18,Electrical and Electronic Items,10,Electrical and Electronic Items
PANNAL,18,Electrical and Electronic Items,10,Electrical and Electronic Items
PANNE;,18,Electrical and Electronic Items,10,Electrical and Electronic Items
PAWAN CHAKKI,18,Electrical and Electronic Items,10,Electrical and Electronic Items
PAWAN CHAKKI PIPE,18,Electrical and Electronic Items,10,Electrical and Electronic Items
PAWANCHAKKI,18,Electrical and Electronic Items,10,Electrical and Electronic Items
PHILIPS,18,Electrical and Electronic Items,10,Electrical and Electronic Items
PHONE,18,Electrical and Electronic Items,10,Electrical and Electronic Items
PILAR,18,Electrical and Electronic Items,10,Electrical and Electronic Items
POLE,18,Electrical and Electronic Items,10,Electrical and Electronic Items
POLYCAB,18,Electrical and Electronic Items,10,Electrical and Electronic Items
POWER ITEMS,18,Electrical and Electronic Items,10,Electrical and Electronic Items
POWER PANELS,18,Electrical and Electronic Items,10,Electrical and Electronic Items
POWER PANNELS,18,Electrical and Electronic Items,10,Electrical and Electronic Items
PRESS,18,Electrical and Electronic Items,10,Electrical and Electronic Items
PRESSURE COOKER,18,Electrical and Electronic Items,10,Electrical and Electronic Items
PRINTER,18,Electrical and Electronic Items,10,Electrical and Electronic Items
PUMP,18,Electrical and Electronic Items,10,Electrical and Electronic Items
R O CANE,18,Electrical and Electronic Items,10,Electrical and Electronic Items
REFRIDGERATOR,18,Electrical and Electronic Items,10,Electrical and Electronic Items
REFRIDGERATOR PARTS,18,Electrical and Electronic Items,10,Electrical and Electronic Items
RELIANCETV,18,Electrical and Electronic Items,10,Electrical and Electronic Items
RICKSWA BATTRY,18,Electrical and Electronic Items,10,Electrical and Electronic Items
RIDGE,18,Electrical and Electronic Items,10,Electrical and Electronic Items
RLY  FANS,18,Electrical and Electronic Items,10,Electrical and Electronic Items
RO,18,Electrical and Electronic Items,10,Electrical and Electronic Items
ROLL TAAR,18,Electrical and Electronic Items,10,Electrical and Electronic Items
SAMSAM,18,Electrical and Electronic Items,10,Electrical and Electronic Items
SAMSUNG,18,Electrical and Electronic Items,10,Electrical and Electronic Items
SAMSUNG ITEM,18,Electrical and Electronic Items,10,Electrical and Electronic Items
SAMSUNG TV,18,Electrical and Electronic Items,10,Electrical and Electronic Items
SASUNG ITEM,18,Electrical and Electronic Items,10,Electrical and Electronic Items
SCAPE,18,Electrical and Electronic Items,10,Electrical and Electronic Items
SHOUND,18,Electrical and Electronic Items,10,Electrical and Electronic Items
SILLING WIRE,18,Electrical and Electronic Items,10,Electrical and Electronic Items
SOLA PLATE,18,Electrical and Electronic Items,10,Electrical and Electronic Items
SOLAM,18,Electrical and Electronic Items,10,Electrical and Electronic Items
SOLAN,18,Electrical and Electronic Items,10,Electrical and Electronic Items
SOLAR,18,Electrical and Electronic Items,10,Electrical and Electronic Items
SOLAR LIGHT,18,Electrical and Electronic Items,10,Electrical and Electronic Items
SOLAR PALATE,18,Electrical and Electronic Items,10,Electrical and Electronic Items
SOLAR PALTE,18,Electrical and Electronic Items,10,Electrical and Electronic Items
SOLAR PANEL,18,Electrical and Electronic Items,10,Electrical and Electronic Items
SOLAR PANNALE,18,Electrical and Electronic Items,10,Electrical and Electronic Items
SOLAR PANNEL,18,Electrical and Electronic Items,10,Electrical and Electronic Items
SOLAR PLATE,18,Electrical and Electronic Items,10,Electrical and Electronic Items
SOLAR PLATES,18,Electrical and Electronic Items,10,Electrical and Electronic Items
SOLAR PRODUCTS,18,Electrical and Electronic Items,10,Electrical and Electronic Items
SOLARFANS,18,Electrical and Electronic Items,10,Electrical and Electronic Items
SOLARPALTE,18,Electrical and Electronic Items,10,Electrical and Electronic Items
SOLARPLATE,18,Electrical and Electronic Items,10,Electrical and Electronic Items
SOLAT LIGHTS,18,Electrical and Electronic Items,10,Electrical and Electronic Items
SOLLER PANNEL,18,Electrical and Electronic Items,10,Electrical and Electronic Items
SOLR,18,Electrical and Electronic Items,10,Electrical and Electronic Items
SONE,18,Electrical and Electronic Items,10,Electrical and Electronic Items
SONY TV,18,Electrical and Electronic Items,10,Electrical and Electronic Items
SOUND,18,Electrical and Electronic Items,10,Electrical and Electronic Items
SOUND BOX,18,Electrical and Electronic Items,10,Electrical and Electronic Items
SOUNDS,18,Electrical and Electronic Items,10,Electrical and Electronic Items
SOUNDS DJ,18,Electrical and Electronic Items,10,Electrical and Electronic Items
SPEAKERS,18,Electrical and Electronic Items,10,Electrical and Electronic Items
SUN FLATE,18,Electrical and Electronic Items,10,Electrical and Electronic Items
SWICTH BOX,18,Electrical and Electronic Items,10,Electrical and Electronic Items
TAAR,18,Electrical and Electronic Items,10,Electrical and Electronic Items
TAAR BUNDAL,18,Electrical and Electronic Items,10,Electrical and Electronic Items
TAAR BUNDLE,18,Electrical and Electronic Items,10,Electrical and Electronic Items
TAR BUNDLE,18,Electrical and Electronic Items,10,Electrical and Electronic Items
TARI,18,Electrical and Electronic Items,10,Electrical and Electronic Items
TATA,18,Electrical and Electronic Items,10,Electrical and Electronic Items
TELEVISION,18,Electrical and Electronic Items,10,Electrical and Electronic Items
THAR,18,Electrical and Electronic Items,10,Electrical and Electronic Items
TOWER,18,Electrical and Electronic Items,10,Electrical and Electronic Items
TOWER GOOD,18,Electrical and Electronic Items,10,Electrical and Electronic Items
TRANFARMER,18,Electrical and Electronic Items,10,Electrical and Electronic Items
TRANSFARMAR,18,Electrical and Electronic Items,10,Electrical and Electronic Items
TRANSFARMER,18,Electrical and Electronic Items,10,Electrical and Electronic Items
TRANSFOMER,18,Electrical and Electronic Items,10,Electrical and Electronic Items
TRANSFORM,18,Electrical and Electronic Items,10,Electrical and Electronic Items
TRANSFORMAR,18,Electrical and Electronic Items,10,Electrical and Electronic Items
TRANSFORMARS,18,Electrical and Electronic Items,10,Electrical and Electronic Items
TRANSFORMER,18,Electrical and Electronic Items,10,Electrical and Electronic Items
TRANSFORMEWR,18,Electrical and Electronic Items,10,Electrical and Electronic Items
TRANSFROMER,18,Electrical and Electronic Items,10,Electrical and Electronic Items
TRANSMARMER,18,Electrical and Electronic Items,10,Electrical and Electronic Items
TRANSPER,18,Electrical and Electronic Items,10,Electrical and Electronic Items
TUBELLITE,18,Electrical and Electronic Items,10,Electrical and Electronic Items
TV,18,Electrical and Electronic Items,10,Electrical and Electronic Items
TV ,18,Electrical and Electronic Items,10,Electrical and Electronic Items
TV ACCESSORIES,18,Electrical and Electronic Items,10,Electrical and Electronic Items
TV LOAD,18,Electrical and Electronic Items,10,Electrical and Electronic Items
TV MATERIAL,18,Electrical and Electronic Items,10,Electrical and Electronic Items
TV TRANSPORT,18,Electrical and Electronic Items,10,Electrical and Electronic Items
VINT,18,Electrical and Electronic Items,10,Electrical and Electronic Items
WAS,18,Electrical and Electronic Items,10,Electrical and Electronic Items
WASHING,18,Electrical and Electronic Items,10,Electrical and Electronic Items
WASHING MACHIN,18,Electrical and Electronic Items,10,Electrical and Electronic Items
WASHING MACHINE,18,Electrical and Electronic Items,10,Electrical and Electronic Items
WASHING MACHINE ,18,Electrical and Electronic Items,10,Electrical and Electronic Items
WASHING MACHINES,18,Electrical and Electronic Items,10,Electrical and Electronic Items
WASHING MMACHINE,18,Electrical and Electronic Items,10,Electrical and Electronic Items
WASHINGMACHINE,18,Electrical and Electronic Items,10,Electrical and Electronic Items
WASING MACHINE,18,Electrical and Electronic Items,10,Electrical and Electronic Items
WATCH,18,Electrical and Electronic Items,10,Electrical and Electronic Items
WATER COOLER,18,Electrical and Electronic Items,10,Electrical and Electronic Items
WIE,18,Electrical and Electronic Items,10,Electrical and Electronic Items
WIND,18,Electrical and Electronic Items,10,Electrical and Electronic Items
WIND MILL,18,Electrical and Electronic Items,10,Electrical and Electronic Items
WIRE BANDAL,18,Electrical and Electronic Items,10,Electrical and Electronic Items
WIRE BANDLE,18,Electrical and Electronic Items,10,Electrical and Electronic Items
WIRE BONDLE,18,Electrical and Electronic Items,10,Electrical and Electronic Items
WIRE BUNDLE,18,Electrical and Electronic Items,10,Electrical and Electronic Items
WIRE IRON,18,Electrical and Electronic Items,10,Electrical and Electronic Items
WIRE ROLL,18,Electrical and Electronic Items,10,Electrical and Electronic Items
WIRE WANDAL,18,Electrical and Electronic Items,10,Electrical and Electronic Items
WIRES,18,Electrical and Electronic Items,10,Electrical and Electronic Items
ALBESTER,19,"Minerals  (Iron Ore, Bauxite, Gypsum, Limestone, Silica, etc.)",11,"Minerals, Chemicals, and Fertilizers"
ALMUNIUM,19,"Minerals  (Iron Ore, Bauxite, Gypsum, Limestone, Silica, etc.)",11,"Minerals, Chemicals, and Fertilizers"
ALMUNIYM,19,"Minerals  (Iron Ore, Bauxite, Gypsum, Limestone, Silica, etc.)",11,"Minerals, Chemicals, and Fertilizers"
ALUMINIUM,19,"Minerals  (Iron Ore, Bauxite, Gypsum, Limestone, Silica, etc.)",11,"Minerals, Chemicals, and Fertilizers"
BARUD,19,"Minerals  (Iron Ore, Bauxite, Gypsum, Limestone, Silica, etc.)",11,"Minerals, Chemicals, and Fertilizers"
BOXIDE,19,"Minerals  (Iron Ore, Bauxite, Gypsum, Limestone, Silica, etc.)",11,"Minerals, Chemicals, and Fertilizers"
BOXISIDE,19,"Minerals  (Iron Ore, Bauxite, Gypsum, Limestone, Silica, etc.)",11,"Minerals, Chemicals, and Fertilizers"
CALCIUM,19,"Minerals  (Iron Ore, Bauxite, Gypsum, Limestone, Silica, etc.)",11,"Minerals, Chemicals, and Fertilizers"
CARBEN,19,"Minerals  (Iron Ore, Bauxite, Gypsum, Limestone, Silica, etc.)",11,"Minerals, Chemicals, and Fertilizers"
CARBON,19,"Minerals  (Iron Ore, Bauxite, Gypsum, Limestone, Silica, etc.)",11,"Minerals, Chemicals, and Fertilizers"
CHUNA,19,"Minerals  (Iron Ore, Bauxite, Gypsum, Limestone, Silica, etc.)",11,"Minerals, Chemicals, and Fertilizers"
CHURA MITTI,19,"Minerals  (Iron Ore, Bauxite, Gypsum, Limestone, Silica, etc.)",11,"Minerals, Chemicals, and Fertilizers"
COPPER ,19,"Minerals  (Iron Ore, Bauxite, Gypsum, Limestone, Silica, etc.)",11,"Minerals, Chemicals, and Fertilizers"
CORBON,19,"Minerals  (Iron Ore, Bauxite, Gypsum, Limestone, Silica, etc.)",11,"Minerals, Chemicals, and Fertilizers"
CRBON,19,"Minerals  (Iron Ore, Bauxite, Gypsum, Limestone, Silica, etc.)",11,"Minerals, Chemicals, and Fertilizers"
DOLOMITE,19,"Minerals  (Iron Ore, Bauxite, Gypsum, Limestone, Silica, etc.)",11,"Minerals, Chemicals, and Fertilizers"
GIPSAM,19,"Minerals  (Iron Ore, Bauxite, Gypsum, Limestone, Silica, etc.)",11,"Minerals, Chemicals, and Fertilizers"
GIPSAM POWDER,19,"Minerals  (Iron Ore, Bauxite, Gypsum, Limestone, Silica, etc.)",11,"Minerals, Chemicals, and Fertilizers"
GIPSAN,19,"Minerals  (Iron Ore, Bauxite, Gypsum, Limestone, Silica, etc.)",11,"Minerals, Chemicals, and Fertilizers"
GIPSUM,19,"Minerals  (Iron Ore, Bauxite, Gypsum, Limestone, Silica, etc.)",11,"Minerals, Chemicals, and Fertilizers"
GRANITE POWDER,19,"Minerals  (Iron Ore, Bauxite, Gypsum, Limestone, Silica, etc.)",11,"Minerals, Chemicals, and Fertilizers"
GYPSAM,19,"Minerals  (Iron Ore, Bauxite, Gypsum, Limestone, Silica, etc.)",11,"Minerals, Chemicals, and Fertilizers"
GYPSUM,19,"Minerals  (Iron Ore, Bauxite, Gypsum, Limestone, Silica, etc.)",11,"Minerals, Chemicals, and Fertilizers"
GYSUM,19,"Minerals  (Iron Ore, Bauxite, Gypsum, Limestone, Silica, etc.)",11,"Minerals, Chemicals, and Fertilizers"
IRON DUST,19,"Minerals  (Iron Ore, Bauxite, Gypsum, Limestone, Silica, etc.)",11,"Minerals, Chemicals, and Fertilizers"
IRON ORE,19,"Minerals  (Iron Ore, Bauxite, Gypsum, Limestone, Silica, etc.)",11,"Minerals, Chemicals, and Fertilizers"
IRON POWDER,19,"Minerals  (Iron Ore, Bauxite, Gypsum, Limestone, Silica, etc.)",11,"Minerals, Chemicals, and Fertilizers"
IRON SAND,19,"Minerals  (Iron Ore, Bauxite, Gypsum, Limestone, Silica, etc.)",11,"Minerals, Chemicals, and Fertilizers"
IRON STONE,19,"Minerals  (Iron Ore, Bauxite, Gypsum, Limestone, Silica, etc.)",11,"Minerals, Chemicals, and Fertilizers"
JINK,19,"Minerals  (Iron Ore, Bauxite, Gypsum, Limestone, Silica, etc.)",11,"Minerals, Chemicals, and Fertilizers"
JIPSAM,19,"Minerals  (Iron Ore, Bauxite, Gypsum, Limestone, Silica, etc.)",11,"Minerals, Chemicals, and Fertilizers"
JIPSEM,19,"Minerals  (Iron Ore, Bauxite, Gypsum, Limestone, Silica, etc.)",11,"Minerals, Chemicals, and Fertilizers"
JIPSEN,19,"Minerals  (Iron Ore, Bauxite, Gypsum, Limestone, Silica, etc.)",11,"Minerals, Chemicals, and Fertilizers"
JIPSON,19,"Minerals  (Iron Ore, Bauxite, Gypsum, Limestone, Silica, etc.)",11,"Minerals, Chemicals, and Fertilizers"
JIPSUM,19,"Minerals  (Iron Ore, Bauxite, Gypsum, Limestone, Silica, etc.)",11,"Minerals, Chemicals, and Fertilizers"
JIPSUM POWDER,19,"Minerals  (Iron Ore, Bauxite, Gypsum, Limestone, Silica, etc.)",11,"Minerals, Chemicals, and Fertilizers"
JISPAS,19,"Minerals  (Iron Ore, Bauxite, Gypsum, Limestone, Silica, etc.)",11,"Minerals, Chemicals, and Fertilizers"
JPSAM POWDER,19,"Minerals  (Iron Ore, Bauxite, Gypsum, Limestone, Silica, etc.)",11,"Minerals, Chemicals, and Fertilizers"
KARBAN,19,"Minerals  (Iron Ore, Bauxite, Gypsum, Limestone, Silica, etc.)",11,"Minerals, Chemicals, and Fertilizers"
KARBON,19,"Minerals  (Iron Ore, Bauxite, Gypsum, Limestone, Silica, etc.)",11,"Minerals, Chemicals, and Fertilizers"
KHANI,19,"Minerals  (Iron Ore, Bauxite, Gypsum, Limestone, Silica, etc.)",11,"Minerals, Chemicals, and Fertilizers"
LIME POWDER,19,"Minerals  (Iron Ore, Bauxite, Gypsum, Limestone, Silica, etc.)",11,"Minerals, Chemicals, and Fertilizers"
LIMESTONE,19,"Minerals  (Iron Ore, Bauxite, Gypsum, Limestone, Silica, etc.)",11,"Minerals, Chemicals, and Fertilizers"
LIMESTONE POWDER,19,"Minerals  (Iron Ore, Bauxite, Gypsum, Limestone, Silica, etc.)",11,"Minerals, Chemicals, and Fertilizers"
LIMSTONE,19,"Minerals  (Iron Ore, Bauxite, Gypsum, Limestone, Silica, etc.)",11,"Minerals, Chemicals, and Fertilizers"
LIPSUM,19,"Minerals  (Iron Ore, Bauxite, Gypsum, Limestone, Silica, etc.)",11,"Minerals, Chemicals, and Fertilizers"
LIVESTONE,19,"Minerals  (Iron Ore, Bauxite, Gypsum, Limestone, Silica, etc.)",11,"Minerals, Chemicals, and Fertilizers"
MAGNET,19,"Minerals  (Iron Ore, Bauxite, Gypsum, Limestone, Silica, etc.)",11,"Minerals, Chemicals, and Fertilizers"
MEGNISIAM,19,"Minerals  (Iron Ore, Bauxite, Gypsum, Limestone, Silica, etc.)",11,"Minerals, Chemicals, and Fertilizers"
MINE,19,"Minerals  (Iron Ore, Bauxite, Gypsum, Limestone, Silica, etc.)",11,"Minerals, Chemicals, and Fertilizers"
Minerals & Ores,19,"Minerals  (Iron Ore, Bauxite, Gypsum, Limestone, Silica, etc.)",11,"Minerals, Chemicals, and Fertilizers"
MINES,19,"Minerals  (Iron Ore, Bauxite, Gypsum, Limestone, Silica, etc.)",11,"Minerals, Chemicals, and Fertilizers"
PITAL,19,"Minerals  (Iron Ore, Bauxite, Gypsum, Limestone, Silica, etc.)",11,"Minerals, Chemicals, and Fertilizers"
ROE MATERIAL,19,"Minerals  (Iron Ore, Bauxite, Gypsum, Limestone, Silica, etc.)",11,"Minerals, Chemicals, and Fertilizers"
SILICCA,19,"Minerals  (Iron Ore, Bauxite, Gypsum, Limestone, Silica, etc.)",11,"Minerals, Chemicals, and Fertilizers"
SILICON,19,"Minerals  (Iron Ore, Bauxite, Gypsum, Limestone, Silica, etc.)",11,"Minerals, Chemicals, and Fertilizers"
SODIAM,19,"Minerals  (Iron Ore, Bauxite, Gypsum, Limestone, Silica, etc.)",11,"Minerals, Chemicals, and Fertilizers"
SODIUM,19,"Minerals  (Iron Ore, Bauxite, Gypsum, Limestone, Silica, etc.)",11,"Minerals, Chemicals, and Fertilizers"
TARKOK DRUM,19,"Minerals  (Iron Ore, Bauxite, Gypsum, Limestone, Silica, etc.)",11,"Minerals, Chemicals, and Fertilizers"
WHITE LIME,19,"Minerals  (Iron Ore, Bauxite, Gypsum, Limestone, Silica, etc.)",11,"Minerals, Chemicals, and Fertilizers"
ZINK,19,"Minerals  (Iron Ore, Bauxite, Gypsum, Limestone, Silica, etc.)",11,"Minerals, Chemicals, and Fertilizers"
ZIPSAM,19,"Minerals  (Iron Ore, Bauxite, Gypsum, Limestone, Silica, etc.)",11,"Minerals, Chemicals, and Fertilizers"
ZIPSUM,19,"Minerals  (Iron Ore, Bauxite, Gypsum, Limestone, Silica, etc.)",11,"Minerals, Chemicals, and Fertilizers"
ZYPSUM,19,"Minerals  (Iron Ore, Bauxite, Gypsum, Limestone, Silica, etc.)",11,"Minerals, Chemicals, and Fertilizers"
 CHEMICAL,20,Chemicals ,11,"Minerals, Chemicals, and Fertilizers"
ACID,20,Chemicals ,11,"Minerals, Chemicals, and Fertilizers"
ACID ,20,Chemicals ,11,"Minerals, Chemicals, and Fertilizers"
ACID OIL,20,Chemicals ,11,"Minerals, Chemicals, and Fertilizers"
ACID TANK,20,Chemicals ,11,"Minerals, Chemicals, and Fertilizers"
ACIDS,20,Chemicals ,11,"Minerals, Chemicals, and Fertilizers"
ALKATRA,20,Chemicals ,11,"Minerals, Chemicals, and Fertilizers"
AMMONIAOIL,20,Chemicals ,11,"Minerals, Chemicals, and Fertilizers"
ASIAIN PAINTS,20,Chemicals ,11,"Minerals, Chemicals, and Fertilizers"
ASIAN PAINET,20,Chemicals ,11,"Minerals, Chemicals, and Fertilizers"
ASIAN PAINT,20,Chemicals ,11,"Minerals, Chemicals, and Fertilizers"
ATHNOL,20,Chemicals ,11,"Minerals, Chemicals, and Fertilizers"
BAIREL DRUM,20,Chemicals ,11,"Minerals, Chemicals, and Fertilizers"
BARGER,20,Chemicals ,11,"Minerals, Chemicals, and Fertilizers"
BATTERY WATER,20,Chemicals ,11,"Minerals, Chemicals, and Fertilizers"
BATTRY WATER,20,Chemicals ,11,"Minerals, Chemicals, and Fertilizers"
BIO HAZARD,20,Chemicals ,11,"Minerals, Chemicals, and Fertilizers"
BITUMIN,20,Chemicals ,11,"Minerals, Chemicals, and Fertilizers"
CAMICAL,20,Chemicals ,11,"Minerals, Chemicals, and Fertilizers"
CAMKAL,20,Chemicals ,11,"Minerals, Chemicals, and Fertilizers"
CAR PAINT,20,Chemicals ,11,"Minerals, Chemicals, and Fertilizers"
CARBONOIL,20,Chemicals ,11,"Minerals, Chemicals, and Fertilizers"
CASTIC SODA,20,Chemicals ,11,"Minerals, Chemicals, and Fertilizers"
CEHMICAL,20,Chemicals ,11,"Minerals, Chemicals, and Fertilizers"
CEMECAL POWDER,20,Chemicals ,11,"Minerals, Chemicals, and Fertilizers"
CEMICAL,20,Chemicals ,11,"Minerals, Chemicals, and Fertilizers"
CEMICAL ,20,Chemicals ,11,"Minerals, Chemicals, and Fertilizers"
CEMICAL DRUM,20,Chemicals ,11,"Minerals, Chemicals, and Fertilizers"
CEMICAL OIL,20,Chemicals ,11,"Minerals, Chemicals, and Fertilizers"
CEMICAL OIL ,20,Chemicals ,11,"Minerals, Chemicals, and Fertilizers"
CEMICAL POWDER,20,Chemicals ,11,"Minerals, Chemicals, and Fertilizers"
CEMICAL TANK,20,Chemicals ,11,"Minerals, Chemicals, and Fertilizers"
CEMICALOIL,20,Chemicals ,11,"Minerals, Chemicals, and Fertilizers"
CEMICL,20,Chemicals ,11,"Minerals, Chemicals, and Fertilizers"
CEMICL OIL,20,Chemicals ,11,"Minerals, Chemicals, and Fertilizers"
CEMIKAL,20,Chemicals ,11,"Minerals, Chemicals, and Fertilizers"
CHEMCIAL,20,Chemicals ,11,"Minerals, Chemicals, and Fertilizers"
CHEMICAIL,20,Chemicals ,11,"Minerals, Chemicals, and Fertilizers"
CHEMICAL,20,Chemicals ,11,"Minerals, Chemicals, and Fertilizers"
CHEMICAL ,20,Chemicals ,11,"Minerals, Chemicals, and Fertilizers"
CHEMICAL ATF,20,Chemicals ,11,"Minerals, Chemicals, and Fertilizers"
CHEMICAL DRUM,20,Chemicals ,11,"Minerals, Chemicals, and Fertilizers"
CHEMICAL POWDER,20,Chemicals ,11,"Minerals, Chemicals, and Fertilizers"
CHEMICALPOWDER,20,Chemicals ,11,"Minerals, Chemicals, and Fertilizers"
CHEMICALS,20,Chemicals ,11,"Minerals, Chemicals, and Fertilizers"
CHEMIKAL,20,Chemicals ,11,"Minerals, Chemicals, and Fertilizers"
CHUNA ,20,Chemicals ,11,"Minerals, Chemicals, and Fertilizers"
CHUNAA,20,Chemicals ,11,"Minerals, Chemicals, and Fertilizers"
CIMENT  KAMIKAL,20,Chemicals ,11,"Minerals, Chemicals, and Fertilizers"
CLOLUR,20,Chemicals ,11,"Minerals, Chemicals, and Fertilizers"
CMICAL OIL,20,Chemicals ,11,"Minerals, Chemicals, and Fertilizers"
CO2,20,Chemicals ,11,"Minerals, Chemicals, and Fertilizers"
COLOUR,20,Chemicals ,11,"Minerals, Chemicals, and Fertilizers"
COSMATICS,20,Chemicals ,11,"Minerals, Chemicals, and Fertilizers"
COSMOTICS,20,Chemicals ,11,"Minerals, Chemicals, and Fertilizers"
CRACERS,20,Chemicals ,11,"Minerals, Chemicals, and Fertilizers"
CRAKARS,20,Chemicals ,11,"Minerals, Chemicals, and Fertilizers"
DABUR,20,Chemicals ,11,"Minerals, Chemicals, and Fertilizers"
DAMA,20,Chemicals ,11,"Minerals, Chemicals, and Fertilizers"
DIWALI BOMBS,20,Chemicals ,11,"Minerals, Chemicals, and Fertilizers"
DIWALI PATAKS,20,Chemicals ,11,"Minerals, Chemicals, and Fertilizers"
ENTHOL,20,Chemicals ,11,"Minerals, Chemicals, and Fertilizers"
ETHANOL,20,Chemicals ,11,"Minerals, Chemicals, and Fertilizers"
ETHENOL,20,Chemicals ,11,"Minerals, Chemicals, and Fertilizers"
ETHINOL,20,Chemicals ,11,"Minerals, Chemicals, and Fertilizers"
ETHNOL,20,Chemicals ,11,"Minerals, Chemicals, and Fertilizers"
EXPLOSIVES,20,Chemicals ,11,"Minerals, Chemicals, and Fertilizers"
FACE CREAMS,20,Chemicals ,11,"Minerals, Chemicals, and Fertilizers"
FAVICOAL,20,Chemicals ,11,"Minerals, Chemicals, and Fertilizers"
FAVICOL,20,Chemicals ,11,"Minerals, Chemicals, and Fertilizers"
FIRE,20,Chemicals ,11,"Minerals, Chemicals, and Fertilizers"
FIRE EXPLOSSIVE,20,Chemicals ,11,"Minerals, Chemicals, and Fertilizers"
FIRE PRODUCTS,20,Chemicals ,11,"Minerals, Chemicals, and Fertilizers"
FIRE TRUCK,20,Chemicals ,11,"Minerals, Chemicals, and Fertilizers"
FIRE WORK,20,Chemicals ,11,"Minerals, Chemicals, and Fertilizers"
FLUD,20,Chemicals ,11,"Minerals, Chemicals, and Fertilizers"
FOSPHORIC ACID,20,Chemicals ,11,"Minerals, Chemicals, and Fertilizers"
GUM,20,Chemicals ,11,"Minerals, Chemicals, and Fertilizers"
KACHI TAR,20,Chemicals ,11,"Minerals, Chemicals, and Fertilizers"
KITNASAK ,20,Chemicals ,11,"Minerals, Chemicals, and Fertilizers"
LAB CHEMICAL,20,Chemicals ,11,"Minerals, Chemicals, and Fertilizers"
MENTHOL,20,Chemicals ,11,"Minerals, Chemicals, and Fertilizers"
METHENOL,20,Chemicals ,11,"Minerals, Chemicals, and Fertilizers"
METHNOL,20,Chemicals ,11,"Minerals, Chemicals, and Fertilizers"
NITRIC ACID,20,Chemicals ,11,"Minerals, Chemicals, and Fertilizers"
NITROGEN,20,Chemicals ,11,"Minerals, Chemicals, and Fertilizers"
OENT,20,Chemicals ,11,"Minerals, Chemicals, and Fertilizers"
ORGANIC,20,Chemicals ,11,"Minerals, Chemicals, and Fertilizers"
OXIOIN,20,Chemicals ,11,"Minerals, Chemicals, and Fertilizers"
OXION,20,Chemicals ,11,"Minerals, Chemicals, and Fertilizers"
PAIENT,20,Chemicals ,11,"Minerals, Chemicals, and Fertilizers"
PAINT,20,Chemicals ,11,"Minerals, Chemicals, and Fertilizers"
PAINT ,20,Chemicals ,11,"Minerals, Chemicals, and Fertilizers"
PAINT  ,20,Chemicals ,11,"Minerals, Chemicals, and Fertilizers"
PAINT BALTI,20,Chemicals ,11,"Minerals, Chemicals, and Fertilizers"
PAINT BOX,20,Chemicals ,11,"Minerals, Chemicals, and Fertilizers"
PAINT BUKETS,20,Chemicals ,11,"Minerals, Chemicals, and Fertilizers"
PAINTING,20,Chemicals ,11,"Minerals, Chemicals, and Fertilizers"
PAINTS,20,Chemicals ,11,"Minerals, Chemicals, and Fertilizers"
PATAKHE,20,Chemicals ,11,"Minerals, Chemicals, and Fertilizers"
PENDING,20,Chemicals ,11,"Minerals, Chemicals, and Fertilizers"
PENT,20,Chemicals ,11,"Minerals, Chemicals, and Fertilizers"
PENTA,20,Chemicals ,11,"Minerals, Chemicals, and Fertilizers"
PENTS,20,Chemicals ,11,"Minerals, Chemicals, and Fertilizers"
POMAIL,20,Chemicals ,11,"Minerals, Chemicals, and Fertilizers"
POTASIUM,20,Chemicals ,11,"Minerals, Chemicals, and Fertilizers"
PUTTY,20,Chemicals ,11,"Minerals, Chemicals, and Fertilizers"
SALFET,20,Chemicals ,11,"Minerals, Chemicals, and Fertilizers"
SILCON,20,Chemicals ,11,"Minerals, Chemicals, and Fertilizers"
SILKON,20,Chemicals ,11,"Minerals, Chemicals, and Fertilizers"
SOLAMINE,20,Chemicals ,11,"Minerals, Chemicals, and Fertilizers"
SOLOMINE,20,Chemicals ,11,"Minerals, Chemicals, and Fertilizers"
SULFAR ACID,20,Chemicals ,11,"Minerals, Chemicals, and Fertilizers"
SULPER,20,Chemicals ,11,"Minerals, Chemicals, and Fertilizers"
SULPHUR,20,Chemicals ,11,"Minerals, Chemicals, and Fertilizers"
TARCOAL,20,Chemicals ,11,"Minerals, Chemicals, and Fertilizers"
TARCOIL,20,Chemicals ,11,"Minerals, Chemicals, and Fertilizers"
TARCOL,20,Chemicals ,11,"Minerals, Chemicals, and Fertilizers"
TARKAL,20,Chemicals ,11,"Minerals, Chemicals, and Fertilizers"
TARKOL,20,Chemicals ,11,"Minerals, Chemicals, and Fertilizers"
THINAR,20,Chemicals ,11,"Minerals, Chemicals, and Fertilizers"
THINNER,20,Chemicals ,11,"Minerals, Chemicals, and Fertilizers"
TILES CEMICAL,20,Chemicals ,11,"Minerals, Chemicals, and Fertilizers"
WASH CEMICAL,20,Chemicals ,11,"Minerals, Chemicals, and Fertilizers"
WATER CHEMICAL,20,Chemicals ,11,"Minerals, Chemicals, and Fertilizers"
WHITE WASH,20,Chemicals ,11,"Minerals, Chemicals, and Fertilizers"
WHITEPAINT,20,Chemicals ,11,"Minerals, Chemicals, and Fertilizers"
 Fertilizers/ Chemicals,21,Fertilizers,11,"Minerals, Chemicals, and Fertilizers"
COSS,21,Fertilizers,11,"Minerals, Chemicals, and Fertilizers"
COW DUNG,21,Fertilizers,11,"Minerals, Chemicals, and Fertilizers"
DAP KHAD,21,Fertilizers,11,"Minerals, Chemicals, and Fertilizers"
DAP UREA,21,Fertilizers,11,"Minerals, Chemicals, and Fertilizers"
DHOP,21,Fertilizers,11,"Minerals, Chemicals, and Fertilizers"
DUNG,21,Fertilizers,11,"Minerals, Chemicals, and Fertilizers"
FARTILIZER,21,Fertilizers,11,"Minerals, Chemicals, and Fertilizers"
FARTIZER,21,Fertilizers,11,"Minerals, Chemicals, and Fertilizers"
FERTILISER,21,Fertilizers,11,"Minerals, Chemicals, and Fertilizers"
FERTILIZER,21,Fertilizers,11,"Minerals, Chemicals, and Fertilizers"
FERTILIZERS,21,Fertilizers,11,"Minerals, Chemicals, and Fertilizers"
FIRTILIZER,21,Fertilizers,11,"Minerals, Chemicals, and Fertilizers"
GEHU DWAI,21,Fertilizers,11,"Minerals, Chemicals, and Fertilizers"
KAHD,21,Fertilizers,11,"Minerals, Chemicals, and Fertilizers"
KHAAD,21,Fertilizers,11,"Minerals, Chemicals, and Fertilizers"
KHAD,21,Fertilizers,11,"Minerals, Chemicals, and Fertilizers"
KHAD POWDER,21,Fertilizers,11,"Minerals, Chemicals, and Fertilizers"
KIT NASAK,21,Fertilizers,11,"Minerals, Chemicals, and Fertilizers"
PESTICIDES,21,Fertilizers,11,"Minerals, Chemicals, and Fertilizers"
UREA,21,Fertilizers,11,"Minerals, Chemicals, and Fertilizers"
UREA KHAD,21,Fertilizers,11,"Minerals, Chemicals, and Fertilizers"
URIA,21,Fertilizers,11,"Minerals, Chemicals, and Fertilizers"
URIYA,21,Fertilizers,11,"Minerals, Chemicals, and Fertilizers"
BOGGU,22,Coal,12,Coal
BOOGU,22,Coal,12,Coal
CAOL,22,Coal,12,Coal
CCOAL,22,Coal,12,Coal
CHARCAL,22,Coal,12,Coal
CHARCOAL,22,Coal,12,Coal
CHARCOL,22,Coal,12,Coal
CHARKOL,22,Coal,12,Coal
COAK,22,Coal,12,Coal
COAL,22,Coal,12,Coal
COAL DUST,22,Coal,12,Coal
COAL POWDER,22,Coal,12,Coal
COAT,22,Coal,12,Coal
COIL DUST,22,Coal,12,Coal
COL METER,22,Coal,12,Coal
COLA,22,Coal,12,Coal
COLE,22,Coal,12,Coal
COO,22,Coal,12,Coal
COOL,22,Coal,12,Coal
COYLA,22,Coal,12,Coal
CURRY,22,Coal,12,Coal
KARI STONE CHIPS,22,Coal,12,Coal
KOILA,22,Coal,12,Coal
KOYALA,22,Coal,12,Coal
KOYALA RAKH,22,Coal,12,Coal
KOYELA,22,Coal,12,Coal
KOYLA,22,Coal,12,Coal
KOYLA ,22,Coal,12,Coal
AFIM,23,Medicines,13,Medicines
AMBULANCE,23,Medicines,13,Medicines
AYURVEDIC MEDICINE,23,Medicines,13,Medicines
BMP,23,Medicines,13,Medicines
BTEX MEDICINE,23,Medicines,13,Medicines
CANDOM,23,Medicines,13,Medicines
CENETARY PAD,23,Medicines,13,Medicines
CHEMIST,23,Medicines,13,Medicines
CINETERY,23,Medicines,13,Medicines
CONDOM,23,Medicines,13,Medicines
CONOM,23,Medicines,13,Medicines
DABAI,23,Medicines,13,Medicines
DAWAI,23,Medicines,13,Medicines
DIAPER,23,Medicines,13,Medicines
DIPER,23,Medicines,13,Medicines
DIPPER,23,Medicines,13,Medicines
DIVY,23,Medicines,13,Medicines
DRUGS,23,Medicines,13,Medicines
DWA,23,Medicines,13,Medicines
DWAI,23,Medicines,13,Medicines
GLUKOJ,23,Medicines,13,Medicines
GULUKON D,23,Medicines,13,Medicines
HOSPITAL,23,Medicines,13,Medicines
HUGGIES,23,Medicines,13,Medicines
KANDOM,23,Medicines,13,Medicines
LEVOSEN,23,Medicines,13,Medicines
MADECINE,23,Medicines,13,Medicines
MADICINE,23,Medicines,13,Medicines
MANFORCE,23,Medicines,13,Medicines
MEDCICINE,23,Medicines,13,Medicines
MEDCIN,23,Medicines,13,Medicines
MEDICAL,23,Medicines,13,Medicines
MEDICAL LINE,23,Medicines,13,Medicines
MEDICAL OXYGEN,23,Medicines,13,Medicines
MEDICAL PROPERTY,23,Medicines,13,Medicines
MEDICANS,23,Medicines,13,Medicines
MEDICENE,23,Medicines,13,Medicines
MEDICIAN,23,Medicines,13,Medicines
MEDICIE,23,Medicines,13,Medicines
MEDICIN,23,Medicines,13,Medicines
MEDICINE,23,Medicines,13,Medicines
MEDICINE ,23,Medicines,13,Medicines
MEDICINES,23,Medicines,13,Medicines
MEDIICNE,23,Medicines,13,Medicines
MEDINCE,23,Medicines,13,Medicines
MEDINE,23,Medicines,13,Medicines
MOVE,23,Medicines,13,Medicines
NIRODH,23,Medicines,13,Medicines
ORS JUICE,23,Medicines,13,Medicines
ORS POWDER,23,Medicines,13,Medicines
PADARY,23,Medicines,13,Medicines
PADES,23,Medicines,13,Medicines
PAID,23,Medicines,13,Medicines
PAMPAS,23,Medicines,13,Medicines
PAMPER,23,Medicines,13,Medicines
PAMPERS,23,Medicines,13,Medicines
PANDAGE,23,Medicines,13,Medicines
PATANJALI MEDICINE,23,Medicines,13,Medicines
PATTI,23,Medicines,13,Medicines
PETTI,23,Medicines,13,Medicines
SANETRI,23,Medicines,13,Medicines
SANITARY,23,Medicines,13,Medicines
SANTY,23,Medicines,13,Medicines
SEARP,23,Medicines,13,Medicines
SEERENJ,23,Medicines,13,Medicines
SENETARY,23,Medicines,13,Medicines
SENETARY PAD,23,Medicines,13,Medicines
SENETRY,23,Medicines,13,Medicines
SENITARY PAD,23,Medicines,13,Medicines
SERAP,23,Medicines,13,Medicines
SOFFI,23,Medicines,13,Medicines
Stationery Items,23,Medicines,13,Medicines
TABLET,23,Medicines,13,Medicines
VACCINE,23,Medicines,13,Medicines
VITAMIN,23,Medicines,13,Medicines
VITAMIN ,23,Medicines,13,Medicines
ARMYVARDI,24,Clothes,14,Clothes
BAG LOAD,24,Clothes,14,Clothes
BAGG,24,Clothes,14,Clothes
BAGGS,24,Clothes,14,Clothes
BAGSD,24,Clothes,14,Clothes
BALNKET,24,Clothes,14,Clothes
BANIYAN,24,Clothes,14,Clothes
BAR DANA,24,Clothes,14,Clothes
BED SHEETS,24,Clothes,14,Clothes
BED SHHET,24,Clothes,14,Clothes
BEDSHEET,24,Clothes,14,Clothes
BEDSHEETS,24,Clothes,14,Clothes
BEDSHIT,24,Clothes,14,Clothes
BELTS,24,Clothes,14,Clothes
CAP,24,Clothes,14,Clothes
CHOLI,24,Clothes,14,Clothes
CHUNARI,24,Clothes,14,Clothes
CHUNNI,24,Clothes,14,Clothes
CLOHE,24,Clothes,14,Clothes
CLOTH,24,Clothes,14,Clothes
CLOTH ITEMS,24,Clothes,14,Clothes
CLOTH ROL,24,Clothes,14,Clothes
CLOTHE,24,Clothes,14,Clothes
CLOTHES,24,Clothes,14,Clothes
CLOTHS,24,Clothes,14,Clothes
COT,24,Clothes,14,Clothes
COTS,24,Clothes,14,Clothes
COTTON,24,Clothes,14,Clothes
COTTON CLOTHES,24,Clothes,14,Clothes
DAGA,24,Clothes,14,Clothes
DHAGA,24,Clothes,14,Clothes
DOLONETH,24,Clothes,14,Clothes
DRESS,24,Clothes,14,Clothes
DRESS PARCLE,24,Clothes,14,Clothes
DRESSES,24,Clothes,14,Clothes
FABRIC,24,Clothes,14,Clothes
FLAGS,24,Clothes,14,Clothes
GARMENTS,24,Clothes,14,Clothes
GARMENTS SAMAN,24,Clothes,14,Clothes
HAT,24,Clothes,14,Clothes
HOSIERY CLOTH,24,Clothes,14,Clothes
INNER,24,Clothes,14,Clothes
JARKIN,24,Clothes,14,Clothes
JINS,24,Clothes,14,Clothes
KAPDA,24,Clothes,14,Clothes
KURTA,24,Clothes,14,Clothes
LYNING,24,Clothes,14,Clothes
NAPKINS,24,Clothes,14,Clothes
NYLON,24,Clothes,14,Clothes
PARDE,24,Clothes,14,Clothes
RAIN COAT,24,Clothes,14,Clothes
ROPPER,24,Clothes,14,Clothes
SANDALE,24,Clothes,14,Clothes
SAREE,24,Clothes,14,Clothes
SARI,24,Clothes,14,Clothes
SHIRT,24,Clothes,14,Clothes
SOCKS,24,Clothes,14,Clothes
T SHIRT,24,Clothes,14,Clothes
TEXTILE,24,Clothes,14,Clothes
TEXTILES,24,Clothes,14,Clothes
Textiles & Clothing,24,Clothes,14,Clothes
THARED DHAGA,24,Clothes,14,Clothes
THERMAL,24,Clothes,14,Clothes
TOWEL,24,Clothes,14,Clothes
TRENDS CLOTH,24,Clothes,14,Clothes
TRES,24,Clothes,14,Clothes
TRESS,24,Clothes,14,Clothes
TSHIRT,24,Clothes,14,Clothes
WASTAGE CLOTH,24,Clothes,14,Clothes
WOOLAN,24,Clothes,14,Clothes
5 PIG,25,Cattle and Livestock,15,Cattle and Livestock
AIMAL,25,Cattle and Livestock,15,Cattle and Livestock
ANI,25,Cattle and Livestock,15,Cattle and Livestock
ANIAL,25,Cattle and Livestock,15,Cattle and Livestock
ANIAMAL,25,Cattle and Livestock,15,Cattle and Livestock
ANIAML,25,Cattle and Livestock,15,Cattle and Livestock
ANIMAK,25,Cattle and Livestock,15,Cattle and Livestock
ANIMAL,25,Cattle and Livestock,15,Cattle and Livestock
ANIMAL ,25,Cattle and Livestock,15,Cattle and Livestock
ANIMAL  ,25,Cattle and Livestock,15,Cattle and Livestock
ANIMAL.,25,Cattle and Livestock,15,Cattle and Livestock
ANIMALFEED,25,Cattle and Livestock,15,Cattle and Livestock
ANIMALFOOD,25,Cattle and Livestock,15,Cattle and Livestock
ANIMALS,25,Cattle and Livestock,15,Cattle and Livestock
ANLMAL,25,Cattle and Livestock,15,Cattle and Livestock
ANMAL,25,Cattle and Livestock,15,Cattle and Livestock
BACHADA,25,Cattle and Livestock,15,Cattle and Livestock
BAFFALOS,25,Cattle and Livestock,15,Cattle and Livestock
BAKRA,25,Cattle and Livestock,15,Cattle and Livestock
BAKRE,25,Cattle and Livestock,15,Cattle and Livestock
BAKRI,25,Cattle and Livestock,15,Cattle and Livestock
BEBBLO,25,Cattle and Livestock,15,Cattle and Livestock
BHAES,25,Cattle and Livestock,15,Cattle and Livestock
BHAINS,25,Cattle and Livestock,15,Cattle and Livestock
BHAIS,25,Cattle and Livestock,15,Cattle and Livestock
BHENS,25,Cattle and Livestock,15,Cattle and Livestock
BOFFELLOWS,25,Cattle and Livestock,15,Cattle and Livestock
BUFALO,25,Cattle and Livestock,15,Cattle and Livestock
BUFELLOW,25,Cattle and Livestock,15,Cattle and Livestock
BUFELO,25,Cattle and Livestock,15,Cattle and Livestock
BUFFALO,25,Cattle and Livestock,15,Cattle and Livestock
BUFFALO TRANSPORT,25,Cattle and Livestock,15,Cattle and Livestock
BUFFALOS,25,Cattle and Livestock,15,Cattle and Livestock
BUFFELO,25,Cattle and Livestock,15,Cattle and Livestock
CATTLE,25,Cattle and Livestock,15,Cattle and Livestock
CATTLE ,25,Cattle and Livestock,15,Cattle and Livestock
CHCIKEN,25,Cattle and Livestock,15,Cattle and Livestock
CHICAN,25,Cattle and Livestock,15,Cattle and Livestock
CHICKEN,25,Cattle and Livestock,15,Cattle and Livestock
CHICKEN VAN,25,Cattle and Livestock,15,Cattle and Livestock
CHIKAN,25,Cattle and Livestock,15,Cattle and Livestock
CHIKEN,25,Cattle and Livestock,15,Cattle and Livestock
CHUJA,25,Cattle and Livestock,15,Cattle and Livestock
CLIENT,25,Cattle and Livestock,15,Cattle and Livestock
COW,25,Cattle and Livestock,15,Cattle and Livestock
COW LOAD,25,Cattle and Livestock,15,Cattle and Livestock
COWS,25,Cattle and Livestock,15,Cattle and Livestock
DOGVAN,25,Cattle and Livestock,15,Cattle and Livestock
DUCK,25,Cattle and Livestock,15,Cattle and Livestock
DUCKS,25,Cattle and Livestock,15,Cattle and Livestock
GOAT,25,Cattle and Livestock,15,Cattle and Livestock
GOAT TRANSPORT,25,Cattle and Livestock,15,Cattle and Livestock
GOATS,25,Cattle and Livestock,15,Cattle and Livestock
GOT,25,Cattle and Livestock,15,Cattle and Livestock
HEB,25,Cattle and Livestock,15,Cattle and Livestock
HEN,25,Cattle and Livestock,15,Cattle and Livestock
HEN ,25,Cattle and Livestock,15,Cattle and Livestock
HEN  ,25,Cattle and Livestock,15,Cattle and Livestock
HEN BABY'S ,25,Cattle and Livestock,15,Cattle and Livestock
HEN BIRD,25,Cattle and Livestock,15,Cattle and Livestock
HEN LOAD,25,Cattle and Livestock,15,Cattle and Livestock
HENCE,25,Cattle and Livestock,15,Cattle and Livestock
HENS,25,Cattle and Livestock,15,Cattle and Livestock
HN,25,Cattle and Livestock,15,Cattle and Livestock
HORSE,25,Cattle and Livestock,15,Cattle and Livestock
KATTLE,25,Cattle and Livestock,15,Cattle and Livestock
KORKOSH,25,Cattle and Livestock,15,Cattle and Livestock
LABOR,25,Cattle and Livestock,15,Cattle and Livestock
LABOUR,25,Cattle and Livestock,15,Cattle and Livestock
LEBOUR,25,Cattle and Livestock,15,Cattle and Livestock
LIVE STOCK,25,Cattle and Livestock,15,Cattle and Livestock
MACHLI,25,Cattle and Livestock,15,Cattle and Livestock
MADHUMAKHI,25,Cattle and Livestock,15,Cattle and Livestock
MADHUMAKKHI,25,Cattle and Livestock,15,Cattle and Livestock
MAN,25,Cattle and Livestock,15,Cattle and Livestock
MANPOWER,25,Cattle and Livestock,15,Cattle and Livestock
MAVESHI,25,Cattle and Livestock,15,Cattle and Livestock
MURESHI,25,Cattle and Livestock,15,Cattle and Livestock
MURGA,25,Cattle and Livestock,15,Cattle and Livestock
MURGI,25,Cattle and Livestock,15,Cattle and Livestock
MURGI ,25,Cattle and Livestock,15,Cattle and Livestock
MURGI BACHCHE,25,Cattle and Livestock,15,Cattle and Livestock
MURGIBACHHA,25,Cattle and Livestock,15,Cattle and Livestock
PACKING,25,Cattle and Livestock,15,Cattle and Livestock
PARASITE,25,Cattle and Livestock,15,Cattle and Livestock
PARROT,25,Cattle and Livestock,15,Cattle and Livestock
PASSANGER,25,Cattle and Livestock,15,Cattle and Livestock
PASSENGER,25,Cattle and Livestock,15,Cattle and Livestock
PATS ,25,Cattle and Livestock,15,Cattle and Livestock
PET,25,Cattle and Livestock,15,Cattle and Livestock
PIG,25,Cattle and Livestock,15,Cattle and Livestock
PIGS,25,Cattle and Livestock,15,Cattle and Livestock
SHEEP,25,Cattle and Livestock,15,Cattle and Livestock
SHEEPS,25,Cattle and Livestock,15,Cattle and Livestock
SHIP,25,Cattle and Livestock,15,Cattle and Livestock
SUAR,25,Cattle and Livestock,15,Cattle and Livestock
 PARCEL,26,"Miscellaneous (Parcels, Couriers, etc.)",16,"Miscellaneous (Parcels, Couriers, etc.)"
 PARCELS,26,"Miscellaneous (Parcels, Couriers, etc.)",16,"Miscellaneous (Parcels, Couriers, etc.)"
 WASTEAGE ,26,"Miscellaneous (Parcels, Couriers, etc.)",16,"Miscellaneous (Parcels, Couriers, etc.)"
AAJ,26,"Miscellaneous (Parcels, Couriers, etc.)",16,"Miscellaneous (Parcels, Couriers, etc.)"
AIRFORCE GOOD,26,"Miscellaneous (Parcels, Couriers, etc.)",16,"Miscellaneous (Parcels, Couriers, etc.)"
AIRFORCE GOODS,26,"Miscellaneous (Parcels, Couriers, etc.)",16,"Miscellaneous (Parcels, Couriers, etc.)"
AIRPORT,26,"Miscellaneous (Parcels, Couriers, etc.)",16,"Miscellaneous (Parcels, Couriers, etc.)"
AIRPORT ITEM,26,"Miscellaneous (Parcels, Couriers, etc.)",16,"Miscellaneous (Parcels, Couriers, etc.)"
AIRPORT MATERIAL,26,"Miscellaneous (Parcels, Couriers, etc.)",16,"Miscellaneous (Parcels, Couriers, etc.)"
AMAZON,26,"Miscellaneous (Parcels, Couriers, etc.)",16,"Miscellaneous (Parcels, Couriers, etc.)"
AMAZON COURIER,26,"Miscellaneous (Parcels, Couriers, etc.)",16,"Miscellaneous (Parcels, Couriers, etc.)"
AMAZON PARCEL,26,"Miscellaneous (Parcels, Couriers, etc.)",16,"Miscellaneous (Parcels, Couriers, etc.)"
AMAZON PARCLE,26,"Miscellaneous (Parcels, Couriers, etc.)",16,"Miscellaneous (Parcels, Couriers, etc.)"
AMAZON SAMAN,26,"Miscellaneous (Parcels, Couriers, etc.)",16,"Miscellaneous (Parcels, Couriers, etc.)"
AMAZONE,26,"Miscellaneous (Parcels, Couriers, etc.)",16,"Miscellaneous (Parcels, Couriers, etc.)"
AMBALA,26,"Miscellaneous (Parcels, Couriers, etc.)",16,"Miscellaneous (Parcels, Couriers, etc.)"
AMEZON,26,"Miscellaneous (Parcels, Couriers, etc.)",16,"Miscellaneous (Parcels, Couriers, etc.)"
AMEZONE,26,"Miscellaneous (Parcels, Couriers, etc.)",16,"Miscellaneous (Parcels, Couriers, etc.)"
AMEZONE PARCEL,26,"Miscellaneous (Parcels, Couriers, etc.)",16,"Miscellaneous (Parcels, Couriers, etc.)"
AMOZONE,26,"Miscellaneous (Parcels, Couriers, etc.)",16,"Miscellaneous (Parcels, Couriers, etc.)"
AMZON,26,"Miscellaneous (Parcels, Couriers, etc.)",16,"Miscellaneous (Parcels, Couriers, etc.)"
AMZON ,26,"Miscellaneous (Parcels, Couriers, etc.)",16,"Miscellaneous (Parcels, Couriers, etc.)"
AMZON PARCEL,26,"Miscellaneous (Parcels, Couriers, etc.)",16,"Miscellaneous (Parcels, Couriers, etc.)"
AMZON PARSEL,26,"Miscellaneous (Parcels, Couriers, etc.)",16,"Miscellaneous (Parcels, Couriers, etc.)"
AMZON PARSER,26,"Miscellaneous (Parcels, Couriers, etc.)",16,"Miscellaneous (Parcels, Couriers, etc.)"
ARMY,26,"Miscellaneous (Parcels, Couriers, etc.)",16,"Miscellaneous (Parcels, Couriers, etc.)"
ARMY ,26,"Miscellaneous (Parcels, Couriers, etc.)",16,"Miscellaneous (Parcels, Couriers, etc.)"
ARMY GOODS,26,"Miscellaneous (Parcels, Couriers, etc.)",16,"Miscellaneous (Parcels, Couriers, etc.)"
ARMY ITEM,26,"Miscellaneous (Parcels, Couriers, etc.)",16,"Miscellaneous (Parcels, Couriers, etc.)"
ARMY ITEMS,26,"Miscellaneous (Parcels, Couriers, etc.)",16,"Miscellaneous (Parcels, Couriers, etc.)"
ARMY ITEN,26,"Miscellaneous (Parcels, Couriers, etc.)",16,"Miscellaneous (Parcels, Couriers, etc.)"
ARMY MATERIAL,26,"Miscellaneous (Parcels, Couriers, etc.)",16,"Miscellaneous (Parcels, Couriers, etc.)"
ARMY PARCEL,26,"Miscellaneous (Parcels, Couriers, etc.)",16,"Miscellaneous (Parcels, Couriers, etc.)"
ARMY PARCLE,26,"Miscellaneous (Parcels, Couriers, etc.)",16,"Miscellaneous (Parcels, Couriers, etc.)"
ARMY PARSAL,26,"Miscellaneous (Parcels, Couriers, etc.)",16,"Miscellaneous (Parcels, Couriers, etc.)"
ARMY SAMAN,26,"Miscellaneous (Parcels, Couriers, etc.)",16,"Miscellaneous (Parcels, Couriers, etc.)"
ARMY THINGS,26,"Miscellaneous (Parcels, Couriers, etc.)",16,"Miscellaneous (Parcels, Couriers, etc.)"
ARMY WEAPONS,26,"Miscellaneous (Parcels, Couriers, etc.)",16,"Miscellaneous (Parcels, Couriers, etc.)"
ARMY WORKING,26,"Miscellaneous (Parcels, Couriers, etc.)",16,"Miscellaneous (Parcels, Couriers, etc.)"
ARMYGOODS,26,"Miscellaneous (Parcels, Couriers, etc.)",16,"Miscellaneous (Parcels, Couriers, etc.)"
ARMYMATERIAL,26,"Miscellaneous (Parcels, Couriers, etc.)",16,"Miscellaneous (Parcels, Couriers, etc.)"
ASK,26,"Miscellaneous (Parcels, Couriers, etc.)",16,"Miscellaneous (Parcels, Couriers, etc.)"
ATM CASH,26,"Miscellaneous (Parcels, Couriers, etc.)",16,"Miscellaneous (Parcels, Couriers, etc.)"
BAAJ,26,"Miscellaneous (Parcels, Couriers, etc.)",16,"Miscellaneous (Parcels, Couriers, etc.)"
BAGS,26,"Miscellaneous (Parcels, Couriers, etc.)",16,"Miscellaneous (Parcels, Couriers, etc.)"
BAND PARTY,26,"Miscellaneous (Parcels, Couriers, etc.)",16,"Miscellaneous (Parcels, Couriers, etc.)"
BANK GOODS,26,"Miscellaneous (Parcels, Couriers, etc.)",16,"Miscellaneous (Parcels, Couriers, etc.)"
BARAT,26,"Miscellaneous (Parcels, Couriers, etc.)",16,"Miscellaneous (Parcels, Couriers, etc.)"
BATTNA,26,"Miscellaneous (Parcels, Couriers, etc.)",16,"Miscellaneous (Parcels, Couriers, etc.)"
BELLS,26,"Miscellaneous (Parcels, Couriers, etc.)",16,"Miscellaneous (Parcels, Couriers, etc.)"
BIGBASKET,26,"Miscellaneous (Parcels, Couriers, etc.)",16,"Miscellaneous (Parcels, Couriers, etc.)"
BINGO,26,"Miscellaneous (Parcels, Couriers, etc.)",16,"Miscellaneous (Parcels, Couriers, etc.)"
BLACK,26,"Miscellaneous (Parcels, Couriers, etc.)",16,"Miscellaneous (Parcels, Couriers, etc.)"
BLUE DART,26,"Miscellaneous (Parcels, Couriers, etc.)",16,"Miscellaneous (Parcels, Couriers, etc.)"
BLUM,26,"Miscellaneous (Parcels, Couriers, etc.)",16,"Miscellaneous (Parcels, Couriers, etc.)"
BOTTLE SCREP,26,"Miscellaneous (Parcels, Couriers, etc.)",16,"Miscellaneous (Parcels, Couriers, etc.)"
BOX,26,"Miscellaneous (Parcels, Couriers, etc.)",16,"Miscellaneous (Parcels, Couriers, etc.)"
BOXES,26,"Miscellaneous (Parcels, Couriers, etc.)",16,"Miscellaneous (Parcels, Couriers, etc.)"
BREAD PARCEL,26,"Miscellaneous (Parcels, Couriers, etc.)",16,"Miscellaneous (Parcels, Couriers, etc.)"
CARGO,26,"Miscellaneous (Parcels, Couriers, etc.)",16,"Miscellaneous (Parcels, Couriers, etc.)"
CARGO PARCEL,26,"Miscellaneous (Parcels, Couriers, etc.)",16,"Miscellaneous (Parcels, Couriers, etc.)"
CARGO PARTS,26,"Miscellaneous (Parcels, Couriers, etc.)",16,"Miscellaneous (Parcels, Couriers, etc.)"
CARRIAGE,26,"Miscellaneous (Parcels, Couriers, etc.)",16,"Miscellaneous (Parcels, Couriers, etc.)"
CARRIER,26,"Miscellaneous (Parcels, Couriers, etc.)",16,"Miscellaneous (Parcels, Couriers, etc.)"
CARRY BAG,26,"Miscellaneous (Parcels, Couriers, etc.)",16,"Miscellaneous (Parcels, Couriers, etc.)"
CARRY BAGS,26,"Miscellaneous (Parcels, Couriers, etc.)",16,"Miscellaneous (Parcels, Couriers, etc.)"
CARTOON,26,"Miscellaneous (Parcels, Couriers, etc.)",16,"Miscellaneous (Parcels, Couriers, etc.)"
CARTOOR,26,"Miscellaneous (Parcels, Couriers, etc.)",16,"Miscellaneous (Parcels, Couriers, etc.)"
CARTUN,26,"Miscellaneous (Parcels, Couriers, etc.)",16,"Miscellaneous (Parcels, Couriers, etc.)"
CARTUN ,26,"Miscellaneous (Parcels, Couriers, etc.)",16,"Miscellaneous (Parcels, Couriers, etc.)"
CATERING THINGS,26,"Miscellaneous (Parcels, Couriers, etc.)",16,"Miscellaneous (Parcels, Couriers, etc.)"
CATOON BOX,26,"Miscellaneous (Parcels, Couriers, etc.)",16,"Miscellaneous (Parcels, Couriers, etc.)"
CATUN,26,"Miscellaneous (Parcels, Couriers, etc.)",16,"Miscellaneous (Parcels, Couriers, etc.)"
CATUN BOX,26,"Miscellaneous (Parcels, Couriers, etc.)",16,"Miscellaneous (Parcels, Couriers, etc.)"
CENTRING GOOD,26,"Miscellaneous (Parcels, Couriers, etc.)",16,"Miscellaneous (Parcels, Couriers, etc.)"
CENTRING MATERIAL,26,"Miscellaneous (Parcels, Couriers, etc.)",16,"Miscellaneous (Parcels, Couriers, etc.)"
COCORIER,26,"Miscellaneous (Parcels, Couriers, etc.)",16,"Miscellaneous (Parcels, Couriers, etc.)"
COMPANY,26,"Miscellaneous (Parcels, Couriers, etc.)",16,"Miscellaneous (Parcels, Couriers, etc.)"
COMPANY BOX,26,"Miscellaneous (Parcels, Couriers, etc.)",16,"Miscellaneous (Parcels, Couriers, etc.)"
COMPANY ITEM,26,"Miscellaneous (Parcels, Couriers, etc.)",16,"Miscellaneous (Parcels, Couriers, etc.)"
COMPANY PART,26,"Miscellaneous (Parcels, Couriers, etc.)",16,"Miscellaneous (Parcels, Couriers, etc.)"
COMPANY TRANSPORT,26,"Miscellaneous (Parcels, Couriers, etc.)",16,"Miscellaneous (Parcels, Couriers, etc.)"
CONTINER,26,"Miscellaneous (Parcels, Couriers, etc.)",16,"Miscellaneous (Parcels, Couriers, etc.)"
CORIER,26,"Miscellaneous (Parcels, Couriers, etc.)",16,"Miscellaneous (Parcels, Couriers, etc.)"
CORIYAR,26,"Miscellaneous (Parcels, Couriers, etc.)",16,"Miscellaneous (Parcels, Couriers, etc.)"
CORRIER,26,"Miscellaneous (Parcels, Couriers, etc.)",16,"Miscellaneous (Parcels, Couriers, etc.)"
CORTUN,26,"Miscellaneous (Parcels, Couriers, etc.)",16,"Miscellaneous (Parcels, Couriers, etc.)"
COTTO,26,"Miscellaneous (Parcels, Couriers, etc.)",16,"Miscellaneous (Parcels, Couriers, etc.)"
COTTON BOX,26,"Miscellaneous (Parcels, Couriers, etc.)",16,"Miscellaneous (Parcels, Couriers, etc.)"
COTTOON,26,"Miscellaneous (Parcels, Couriers, etc.)",16,"Miscellaneous (Parcels, Couriers, etc.)"
COUN,26,"Miscellaneous (Parcels, Couriers, etc.)",16,"Miscellaneous (Parcels, Couriers, etc.)"
COURE,26,"Miscellaneous (Parcels, Couriers, etc.)",16,"Miscellaneous (Parcels, Couriers, etc.)"
COURER,26,"Miscellaneous (Parcels, Couriers, etc.)",16,"Miscellaneous (Parcels, Couriers, etc.)"
COURIEER,26,"Miscellaneous (Parcels, Couriers, etc.)",16,"Miscellaneous (Parcels, Couriers, etc.)"
COURIER,26,"Miscellaneous (Parcels, Couriers, etc.)",16,"Miscellaneous (Parcels, Couriers, etc.)"
COURIER ,26,"Miscellaneous (Parcels, Couriers, etc.)",16,"Miscellaneous (Parcels, Couriers, etc.)"
COURIER AMAZON,26,"Miscellaneous (Parcels, Couriers, etc.)",16,"Miscellaneous (Parcels, Couriers, etc.)"
COURIER PARCELS,26,"Miscellaneous (Parcels, Couriers, etc.)",16,"Miscellaneous (Parcels, Couriers, etc.)"
COURIES,26,"Miscellaneous (Parcels, Couriers, etc.)",16,"Miscellaneous (Parcels, Couriers, etc.)"
COURRIER,26,"Miscellaneous (Parcels, Couriers, etc.)",16,"Miscellaneous (Parcels, Couriers, etc.)"
COURUIER,26,"Miscellaneous (Parcels, Couriers, etc.)",16,"Miscellaneous (Parcels, Couriers, etc.)"
CRACKERS,26,"Miscellaneous (Parcels, Couriers, etc.)",16,"Miscellaneous (Parcels, Couriers, etc.)"
CRAKERS,26,"Miscellaneous (Parcels, Couriers, etc.)",16,"Miscellaneous (Parcels, Couriers, etc.)"
CURIER,26,"Miscellaneous (Parcels, Couriers, etc.)",16,"Miscellaneous (Parcels, Couriers, etc.)"
CURRIER,26,"Miscellaneous (Parcels, Couriers, etc.)",16,"Miscellaneous (Parcels, Couriers, etc.)"
D MART,26,"Miscellaneous (Parcels, Couriers, etc.)",16,"Miscellaneous (Parcels, Couriers, etc.)"
DAAK,26,"Miscellaneous (Parcels, Couriers, etc.)",16,"Miscellaneous (Parcels, Couriers, etc.)"
DAAK PARCEL,26,"Miscellaneous (Parcels, Couriers, etc.)",16,"Miscellaneous (Parcels, Couriers, etc.)"
DAAKPARCEL,26,"Miscellaneous (Parcels, Couriers, etc.)",16,"Miscellaneous (Parcels, Couriers, etc.)"
DAK,26,"Miscellaneous (Parcels, Couriers, etc.)",16,"Miscellaneous (Parcels, Couriers, etc.)"
DAK PARAL,26,"Miscellaneous (Parcels, Couriers, etc.)",16,"Miscellaneous (Parcels, Couriers, etc.)"
DAK PARCAL,26,"Miscellaneous (Parcels, Couriers, etc.)",16,"Miscellaneous (Parcels, Couriers, etc.)"
DAK PARCE,26,"Miscellaneous (Parcels, Couriers, etc.)",16,"Miscellaneous (Parcels, Couriers, etc.)"
DAK PARCEL,26,"Miscellaneous (Parcels, Couriers, etc.)",16,"Miscellaneous (Parcels, Couriers, etc.)"
DAK PARSAL,26,"Miscellaneous (Parcels, Couriers, etc.)",16,"Miscellaneous (Parcels, Couriers, etc.)"
DAK PARSEL,26,"Miscellaneous (Parcels, Couriers, etc.)",16,"Miscellaneous (Parcels, Couriers, etc.)"
DAK PARSL,26,"Miscellaneous (Parcels, Couriers, etc.)",16,"Miscellaneous (Parcels, Couriers, etc.)"
DAK PASEL,26,"Miscellaneous (Parcels, Couriers, etc.)",16,"Miscellaneous (Parcels, Couriers, etc.)"
DAKPARCAL,26,"Miscellaneous (Parcels, Couriers, etc.)",16,"Miscellaneous (Parcels, Couriers, etc.)"
DAKPARCEL,26,"Miscellaneous (Parcels, Couriers, etc.)",16,"Miscellaneous (Parcels, Couriers, etc.)"
DAKPARCHAL,26,"Miscellaneous (Parcels, Couriers, etc.)",16,"Miscellaneous (Parcels, Couriers, etc.)"
DAKPARSAL,26,"Miscellaneous (Parcels, Couriers, etc.)",16,"Miscellaneous (Parcels, Couriers, etc.)"
DAL PARCEL,26,"Miscellaneous (Parcels, Couriers, etc.)",16,"Miscellaneous (Parcels, Couriers, etc.)"
DARK PARCEL,26,"Miscellaneous (Parcels, Couriers, etc.)",16,"Miscellaneous (Parcels, Couriers, etc.)"
DECORATE,26,"Miscellaneous (Parcels, Couriers, etc.)",16,"Miscellaneous (Parcels, Couriers, etc.)"
DECREATION MATERIALS,26,"Miscellaneous (Parcels, Couriers, etc.)",16,"Miscellaneous (Parcels, Couriers, etc.)"
DELIHEVERY,26,"Miscellaneous (Parcels, Couriers, etc.)",16,"Miscellaneous (Parcels, Couriers, etc.)"
DELIVERY,26,"Miscellaneous (Parcels, Couriers, etc.)",16,"Miscellaneous (Parcels, Couriers, etc.)"
DESIGN PICES,26,"Miscellaneous (Parcels, Couriers, etc.)",16,"Miscellaneous (Parcels, Couriers, etc.)"
DISCO GLASS,26,"Miscellaneous (Parcels, Couriers, etc.)",16,"Miscellaneous (Parcels, Couriers, etc.)"
DK PRSEL,26,"Miscellaneous (Parcels, Couriers, etc.)",16,"Miscellaneous (Parcels, Couriers, etc.)"
DMART,26,"Miscellaneous (Parcels, Couriers, etc.)",16,"Miscellaneous (Parcels, Couriers, etc.)"
DMART PARCEL,26,"Miscellaneous (Parcels, Couriers, etc.)",16,"Miscellaneous (Parcels, Couriers, etc.)"
DOC,26,"Miscellaneous (Parcels, Couriers, etc.)",16,"Miscellaneous (Parcels, Couriers, etc.)"
DOT PARCEL,26,"Miscellaneous (Parcels, Couriers, etc.)",16,"Miscellaneous (Parcels, Couriers, etc.)"
DSK PARSAL,26,"Miscellaneous (Parcels, Couriers, etc.)",16,"Miscellaneous (Parcels, Couriers, etc.)"
DTDC,26,"Miscellaneous (Parcels, Couriers, etc.)",16,"Miscellaneous (Parcels, Couriers, etc.)"
EKART,26,"Miscellaneous (Parcels, Couriers, etc.)",16,"Miscellaneous (Parcels, Couriers, etc.)"
EXCEL,26,"Miscellaneous (Parcels, Couriers, etc.)",16,"Miscellaneous (Parcels, Couriers, etc.)"
EXPLOSIVE MATERIAL,26,"Miscellaneous (Parcels, Couriers, etc.)",16,"Miscellaneous (Parcels, Couriers, etc.)"
EXPORT,26,"Miscellaneous (Parcels, Couriers, etc.)",16,"Miscellaneous (Parcels, Couriers, etc.)"
EXPORT BOX,26,"Miscellaneous (Parcels, Couriers, etc.)",16,"Miscellaneous (Parcels, Couriers, etc.)"
FACTORY,26,"Miscellaneous (Parcels, Couriers, etc.)",16,"Miscellaneous (Parcels, Couriers, etc.)"
FACTORY OUTLETS,26,"Miscellaneous (Parcels, Couriers, etc.)",16,"Miscellaneous (Parcels, Couriers, etc.)"
FANCY ITEM,26,"Miscellaneous (Parcels, Couriers, etc.)",16,"Miscellaneous (Parcels, Couriers, etc.)"
FILP CART,26,"Miscellaneous (Parcels, Couriers, etc.)",16,"Miscellaneous (Parcels, Couriers, etc.)"
FILPKART PARCEL,26,"Miscellaneous (Parcels, Couriers, etc.)",16,"Miscellaneous (Parcels, Couriers, etc.)"
FIRE BOX,26,"Miscellaneous (Parcels, Couriers, etc.)",16,"Miscellaneous (Parcels, Couriers, etc.)"
FIREBOX,26,"Miscellaneous (Parcels, Couriers, etc.)",16,"Miscellaneous (Parcels, Couriers, etc.)"
FLIFCART,26,"Miscellaneous (Parcels, Couriers, etc.)",16,"Miscellaneous (Parcels, Couriers, etc.)"
FLIP CART,26,"Miscellaneous (Parcels, Couriers, etc.)",16,"Miscellaneous (Parcels, Couriers, etc.)"
FLIP KART,26,"Miscellaneous (Parcels, Couriers, etc.)",16,"Miscellaneous (Parcels, Couriers, etc.)"
FLIPCARD,26,"Miscellaneous (Parcels, Couriers, etc.)",16,"Miscellaneous (Parcels, Couriers, etc.)"
FLIPCART,26,"Miscellaneous (Parcels, Couriers, etc.)",16,"Miscellaneous (Parcels, Couriers, etc.)"
FLIPCART ,26,"Miscellaneous (Parcels, Couriers, etc.)",16,"Miscellaneous (Parcels, Couriers, etc.)"
FLIPKART,26,"Miscellaneous (Parcels, Couriers, etc.)",16,"Miscellaneous (Parcels, Couriers, etc.)"
FLIPKART ,26,"Miscellaneous (Parcels, Couriers, etc.)",16,"Miscellaneous (Parcels, Couriers, etc.)"
FOX,26,"Miscellaneous (Parcels, Couriers, etc.)",16,"Miscellaneous (Parcels, Couriers, etc.)"
FRAMES,26,"Miscellaneous (Parcels, Couriers, etc.)",16,"Miscellaneous (Parcels, Couriers, etc.)"
GARBAGE,26,"Miscellaneous (Parcels, Couriers, etc.)",16,"Miscellaneous (Parcels, Couriers, etc.)"
GARBAGES,26,"Miscellaneous (Parcels, Couriers, etc.)",16,"Miscellaneous (Parcels, Couriers, etc.)"
GATAR,26,"Miscellaneous (Parcels, Couriers, etc.)",16,"Miscellaneous (Parcels, Couriers, etc.)"
GATTA SCREP,26,"Miscellaneous (Parcels, Couriers, etc.)",16,"Miscellaneous (Parcels, Couriers, etc.)"
GHATTA,26,"Miscellaneous (Parcels, Couriers, etc.)",16,"Miscellaneous (Parcels, Couriers, etc.)"
GOOD,26,"Miscellaneous (Parcels, Couriers, etc.)",16,"Miscellaneous (Parcels, Couriers, etc.)"
GOODS,26,"Miscellaneous (Parcels, Couriers, etc.)",16,"Miscellaneous (Parcels, Couriers, etc.)"
GOODS ,26,"Miscellaneous (Parcels, Couriers, etc.)",16,"Miscellaneous (Parcels, Couriers, etc.)"
GOVT ITEM,26,"Miscellaneous (Parcels, Couriers, etc.)",16,"Miscellaneous (Parcels, Couriers, etc.)"
GUN,26,"Miscellaneous (Parcels, Couriers, etc.)",16,"Miscellaneous (Parcels, Couriers, etc.)"
HARDWARE,26,"Miscellaneous (Parcels, Couriers, etc.)",16,"Miscellaneous (Parcels, Couriers, etc.)"
HOUSER,26,"Miscellaneous (Parcels, Couriers, etc.)",16,"Miscellaneous (Parcels, Couriers, etc.)"
HOUSESHIFT,26,"Miscellaneous (Parcels, Couriers, etc.)",16,"Miscellaneous (Parcels, Couriers, etc.)"
IKAR,26,"Miscellaneous (Parcels, Couriers, etc.)",16,"Miscellaneous (Parcels, Couriers, etc.)"
IMP,26,"Miscellaneous (Parcels, Couriers, etc.)",16,"Miscellaneous (Parcels, Couriers, etc.)"
INDIAN POST,26,"Miscellaneous (Parcels, Couriers, etc.)",16,"Miscellaneous (Parcels, Couriers, etc.)"
INDUSTRIAL TRANSPORT,26,"Miscellaneous (Parcels, Couriers, etc.)",16,"Miscellaneous (Parcels, Couriers, etc.)"
ITC,26,"Miscellaneous (Parcels, Couriers, etc.)",16,"Miscellaneous (Parcels, Couriers, etc.)"
ITEM,26,"Miscellaneous (Parcels, Couriers, etc.)",16,"Miscellaneous (Parcels, Couriers, etc.)"
JHULE,26,"Miscellaneous (Parcels, Couriers, etc.)",16,"Miscellaneous (Parcels, Couriers, etc.)"
JIPTO PARCEL,26,"Miscellaneous (Parcels, Couriers, etc.)",16,"Miscellaneous (Parcels, Couriers, etc.)"
KABAD,26,"Miscellaneous (Parcels, Couriers, etc.)",16,"Miscellaneous (Parcels, Couriers, etc.)"
KABAR,26,"Miscellaneous (Parcels, Couriers, etc.)",16,"Miscellaneous (Parcels, Couriers, etc.)"
KABARI,26,"Miscellaneous (Parcels, Couriers, etc.)",16,"Miscellaneous (Parcels, Couriers, etc.)"
KACHARA,26,"Miscellaneous (Parcels, Couriers, etc.)",16,"Miscellaneous (Parcels, Couriers, etc.)"
KACHRA,26,"Miscellaneous (Parcels, Couriers, etc.)",16,"Miscellaneous (Parcels, Couriers, etc.)"
KACHRA BOTAL,26,"Miscellaneous (Parcels, Couriers, etc.)",16,"Miscellaneous (Parcels, Couriers, etc.)"
KARTUN,26,"Miscellaneous (Parcels, Couriers, etc.)",16,"Miscellaneous (Parcels, Couriers, etc.)"
KARTUN BOX,26,"Miscellaneous (Parcels, Couriers, etc.)",16,"Miscellaneous (Parcels, Couriers, etc.)"
KASTEEN,26,"Miscellaneous (Parcels, Couriers, etc.)",16,"Miscellaneous (Parcels, Couriers, etc.)"
KAVAD,26,"Miscellaneous (Parcels, Couriers, etc.)",16,"Miscellaneous (Parcels, Couriers, etc.)"
KAVAR,26,"Miscellaneous (Parcels, Couriers, etc.)",16,"Miscellaneous (Parcels, Couriers, etc.)"
KAWAD,26,"Miscellaneous (Parcels, Couriers, etc.)",16,"Miscellaneous (Parcels, Couriers, etc.)"
KUDRA,26,"Miscellaneous (Parcels, Couriers, etc.)",16,"Miscellaneous (Parcels, Couriers, etc.)"
KULLER,26,"Miscellaneous (Parcels, Couriers, etc.)",16,"Miscellaneous (Parcels, Couriers, etc.)"
LANDING,26,"Miscellaneous (Parcels, Couriers, etc.)",16,"Miscellaneous (Parcels, Couriers, etc.)"
LIQED,26,"Miscellaneous (Parcels, Couriers, etc.)",16,"Miscellaneous (Parcels, Couriers, etc.)"
LIQQUDE,26,"Miscellaneous (Parcels, Couriers, etc.)",16,"Miscellaneous (Parcels, Couriers, etc.)"
LOAD,26,"Miscellaneous (Parcels, Couriers, etc.)",16,"Miscellaneous (Parcels, Couriers, etc.)"
LOADING,26,"Miscellaneous (Parcels, Couriers, etc.)",16,"Miscellaneous (Parcels, Couriers, etc.)"
LOGESTIC,26,"Miscellaneous (Parcels, Couriers, etc.)",16,"Miscellaneous (Parcels, Couriers, etc.)"
LOGISTIC,26,"Miscellaneous (Parcels, Couriers, etc.)",16,"Miscellaneous (Parcels, Couriers, etc.)"
LOGISTICKS,26,"Miscellaneous (Parcels, Couriers, etc.)",16,"Miscellaneous (Parcels, Couriers, etc.)"
LOGISTICS,26,"Miscellaneous (Parcels, Couriers, etc.)",16,"Miscellaneous (Parcels, Couriers, etc.)"
LUGGAGE,26,"Miscellaneous (Parcels, Couriers, etc.)",16,"Miscellaneous (Parcels, Couriers, etc.)"
MAAL,26,"Miscellaneous (Parcels, Couriers, etc.)",16,"Miscellaneous (Parcels, Couriers, etc.)"
MAIL TRANSPORT ,26,"Miscellaneous (Parcels, Couriers, etc.)",16,"Miscellaneous (Parcels, Couriers, etc.)"
MALL,26,"Miscellaneous (Parcels, Couriers, etc.)",16,"Miscellaneous (Parcels, Couriers, etc.)"
MARKET,26,"Miscellaneous (Parcels, Couriers, etc.)",16,"Miscellaneous (Parcels, Couriers, etc.)"
MATEREAL,26,"Miscellaneous (Parcels, Couriers, etc.)",16,"Miscellaneous (Parcels, Couriers, etc.)"
MATERIAL,26,"Miscellaneous (Parcels, Couriers, etc.)",16,"Miscellaneous (Parcels, Couriers, etc.)"
MATERIAL ,26,"Miscellaneous (Parcels, Couriers, etc.)",16,"Miscellaneous (Parcels, Couriers, etc.)"
MATERIALS,26,"Miscellaneous (Parcels, Couriers, etc.)",16,"Miscellaneous (Parcels, Couriers, etc.)"
MATERIEL,26,"Miscellaneous (Parcels, Couriers, etc.)",16,"Miscellaneous (Parcels, Couriers, etc.)"
MATERILAL,26,"Miscellaneous (Parcels, Couriers, etc.)",16,"Miscellaneous (Parcels, Couriers, etc.)"
MATERIYAL,26,"Miscellaneous (Parcels, Couriers, etc.)",16,"Miscellaneous (Parcels, Couriers, etc.)"
MATIRIAL,26,"Miscellaneous (Parcels, Couriers, etc.)",16,"Miscellaneous (Parcels, Couriers, etc.)"
MATORS,26,"Miscellaneous (Parcels, Couriers, etc.)",16,"Miscellaneous (Parcels, Couriers, etc.)"
MCD GOODS,26,"Miscellaneous (Parcels, Couriers, etc.)",16,"Miscellaneous (Parcels, Couriers, etc.)"
MEETH,26,"Miscellaneous (Parcels, Couriers, etc.)",16,"Miscellaneous (Parcels, Couriers, etc.)"
MESHO,26,"Miscellaneous (Parcels, Couriers, etc.)",16,"Miscellaneous (Parcels, Couriers, etc.)"
MESHO PARCEL,26,"Miscellaneous (Parcels, Couriers, etc.)",16,"Miscellaneous (Parcels, Couriers, etc.)"
METIREAL,26,"Miscellaneous (Parcels, Couriers, etc.)",16,"Miscellaneous (Parcels, Couriers, etc.)"
METIRIAL,26,"Miscellaneous (Parcels, Couriers, etc.)",16,"Miscellaneous (Parcels, Couriers, etc.)"
METRIYAL,26,"Miscellaneous (Parcels, Couriers, etc.)",16,"Miscellaneous (Parcels, Couriers, etc.)"
MITTALA,26,"Miscellaneous (Parcels, Couriers, etc.)",16,"Miscellaneous (Parcels, Couriers, etc.)"
MIXTURE,26,"Miscellaneous (Parcels, Couriers, etc.)",16,"Miscellaneous (Parcels, Couriers, etc.)"
MLG MATERIAL,26,"Miscellaneous (Parcels, Couriers, etc.)",16,"Miscellaneous (Parcels, Couriers, etc.)"
NEW,26,"Miscellaneous (Parcels, Couriers, etc.)",16,"Miscellaneous (Parcels, Couriers, etc.)"
NILAKARI,26,"Miscellaneous (Parcels, Couriers, etc.)",16,"Miscellaneous (Parcels, Couriers, etc.)"
OM LOGISTICS,26,"Miscellaneous (Parcels, Couriers, etc.)",16,"Miscellaneous (Parcels, Couriers, etc.)"
ONLIN ORDER,26,"Miscellaneous (Parcels, Couriers, etc.)",16,"Miscellaneous (Parcels, Couriers, etc.)"
ONLINE METERIAL,26,"Miscellaneous (Parcels, Couriers, etc.)",16,"Miscellaneous (Parcels, Couriers, etc.)"
ONLINEMATERIAL,26,"Miscellaneous (Parcels, Couriers, etc.)",16,"Miscellaneous (Parcels, Couriers, etc.)"
OPARCEL,26,"Miscellaneous (Parcels, Couriers, etc.)",16,"Miscellaneous (Parcels, Couriers, etc.)"
OSI LOGISTICS,26,"Miscellaneous (Parcels, Couriers, etc.)",16,"Miscellaneous (Parcels, Couriers, etc.)"
OTHER,26,"Miscellaneous (Parcels, Couriers, etc.)",16,"Miscellaneous (Parcels, Couriers, etc.)"
OTHERS,26,"Miscellaneous (Parcels, Couriers, etc.)",16,"Miscellaneous (Parcels, Couriers, etc.)"
PAARSAL,26,"Miscellaneous (Parcels, Couriers, etc.)",16,"Miscellaneous (Parcels, Couriers, etc.)"
PACAL,26,"Miscellaneous (Parcels, Couriers, etc.)",16,"Miscellaneous (Parcels, Couriers, etc.)"
PACEL,26,"Miscellaneous (Parcels, Couriers, etc.)",16,"Miscellaneous (Parcels, Couriers, etc.)"
PACKET,26,"Miscellaneous (Parcels, Couriers, etc.)",16,"Miscellaneous (Parcels, Couriers, etc.)"
PACKING BOX,26,"Miscellaneous (Parcels, Couriers, etc.)",16,"Miscellaneous (Parcels, Couriers, etc.)"
PAECEL,26,"Miscellaneous (Parcels, Couriers, etc.)",16,"Miscellaneous (Parcels, Couriers, etc.)"
PAKING BAG,26,"Miscellaneous (Parcels, Couriers, etc.)",16,"Miscellaneous (Parcels, Couriers, etc.)"
PALNET,26,"Miscellaneous (Parcels, Couriers, etc.)",16,"Miscellaneous (Parcels, Couriers, etc.)"
PANI BOTTLE,26,"Miscellaneous (Parcels, Couriers, etc.)",16,"Miscellaneous (Parcels, Couriers, etc.)"
PANI KI BOTAL,26,"Miscellaneous (Parcels, Couriers, etc.)",16,"Miscellaneous (Parcels, Couriers, etc.)"
PANIBOTLLE,26,"Miscellaneous (Parcels, Couriers, etc.)",16,"Miscellaneous (Parcels, Couriers, etc.)"
PANIBOTTLE,26,"Miscellaneous (Parcels, Couriers, etc.)",16,"Miscellaneous (Parcels, Couriers, etc.)"
PARCAL,26,"Miscellaneous (Parcels, Couriers, etc.)",16,"Miscellaneous (Parcels, Couriers, etc.)"
PARCCEL,26,"Miscellaneous (Parcels, Couriers, etc.)",16,"Miscellaneous (Parcels, Couriers, etc.)"
PARCCELTANK,26,"Miscellaneous (Parcels, Couriers, etc.)",16,"Miscellaneous (Parcels, Couriers, etc.)"
PARCE,26,"Miscellaneous (Parcels, Couriers, etc.)",16,"Miscellaneous (Parcels, Couriers, etc.)"
PARCE;,26,"Miscellaneous (Parcels, Couriers, etc.)",16,"Miscellaneous (Parcels, Couriers, etc.)"
PARCEK,26,"Miscellaneous (Parcels, Couriers, etc.)",16,"Miscellaneous (Parcels, Couriers, etc.)"
PARCEKL,26,"Miscellaneous (Parcels, Couriers, etc.)",16,"Miscellaneous (Parcels, Couriers, etc.)"
PARCEL,26,"Miscellaneous (Parcels, Couriers, etc.)",16,"Miscellaneous (Parcels, Couriers, etc.)"
PARCEL ,26,"Miscellaneous (Parcels, Couriers, etc.)",16,"Miscellaneous (Parcels, Couriers, etc.)"
PARCEL (BOOKS),26,"Miscellaneous (Parcels, Couriers, etc.)",16,"Miscellaneous (Parcels, Couriers, etc.)"
PARCEL BOX,26,"Miscellaneous (Parcels, Couriers, etc.)",16,"Miscellaneous (Parcels, Couriers, etc.)"
PARCEL COURIER,26,"Miscellaneous (Parcels, Couriers, etc.)",16,"Miscellaneous (Parcels, Couriers, etc.)"
PARCEL FILP CART,26,"Miscellaneous (Parcels, Couriers, etc.)",16,"Miscellaneous (Parcels, Couriers, etc.)"
PARCEL Load,26,"Miscellaneous (Parcels, Couriers, etc.)",16,"Miscellaneous (Parcels, Couriers, etc.)"
Parcel Service,26,"Miscellaneous (Parcels, Couriers, etc.)",16,"Miscellaneous (Parcels, Couriers, etc.)"
PARCELBOX,26,"Miscellaneous (Parcels, Couriers, etc.)",16,"Miscellaneous (Parcels, Couriers, etc.)"
PARCELS,26,"Miscellaneous (Parcels, Couriers, etc.)",16,"Miscellaneous (Parcels, Couriers, etc.)"
PARCHAL,26,"Miscellaneous (Parcels, Couriers, etc.)",16,"Miscellaneous (Parcels, Couriers, etc.)"
PARCL,26,"Miscellaneous (Parcels, Couriers, etc.)",16,"Miscellaneous (Parcels, Couriers, etc.)"
PARCLE,26,"Miscellaneous (Parcels, Couriers, etc.)",16,"Miscellaneous (Parcels, Couriers, etc.)"
PAREL,26,"Miscellaneous (Parcels, Couriers, etc.)",16,"Miscellaneous (Parcels, Couriers, etc.)"
PARIS,26,"Miscellaneous (Parcels, Couriers, etc.)",16,"Miscellaneous (Parcels, Couriers, etc.)"
PARKING ITEMS,26,"Miscellaneous (Parcels, Couriers, etc.)",16,"Miscellaneous (Parcels, Couriers, etc.)"
PARSAL,26,"Miscellaneous (Parcels, Couriers, etc.)",16,"Miscellaneous (Parcels, Couriers, etc.)"
PARSE,26,"Miscellaneous (Parcels, Couriers, etc.)",16,"Miscellaneous (Parcels, Couriers, etc.)"
PARSEL,26,"Miscellaneous (Parcels, Couriers, etc.)",16,"Miscellaneous (Parcels, Couriers, etc.)"
PARVA,26,"Miscellaneous (Parcels, Couriers, etc.)",16,"Miscellaneous (Parcels, Couriers, etc.)"
PASEL,26,"Miscellaneous (Parcels, Couriers, etc.)",16,"Miscellaneous (Parcels, Couriers, etc.)"
PATS,26,"Miscellaneous (Parcels, Couriers, etc.)",16,"Miscellaneous (Parcels, Couriers, etc.)"
PILOT PARTS,26,"Miscellaneous (Parcels, Couriers, etc.)",16,"Miscellaneous (Parcels, Couriers, etc.)"
PLASTIC SCREP,26,"Miscellaneous (Parcels, Couriers, etc.)",16,"Miscellaneous (Parcels, Couriers, etc.)"
PLASTIC WASTE,26,"Miscellaneous (Parcels, Couriers, etc.)",16,"Miscellaneous (Parcels, Couriers, etc.)"
PORT MATERIAL,26,"Miscellaneous (Parcels, Couriers, etc.)",16,"Miscellaneous (Parcels, Couriers, etc.)"
PORT MATERIALS,26,"Miscellaneous (Parcels, Couriers, etc.)",16,"Miscellaneous (Parcels, Couriers, etc.)"
POST,26,"Miscellaneous (Parcels, Couriers, etc.)",16,"Miscellaneous (Parcels, Couriers, etc.)"
POST COURIER,26,"Miscellaneous (Parcels, Couriers, etc.)",16,"Miscellaneous (Parcels, Couriers, etc.)"
POST PARCEL,26,"Miscellaneous (Parcels, Couriers, etc.)",16,"Miscellaneous (Parcels, Couriers, etc.)"
PRODUCTS,26,"Miscellaneous (Parcels, Couriers, etc.)",16,"Miscellaneous (Parcels, Couriers, etc.)"
PRSEL,26,"Miscellaneous (Parcels, Couriers, etc.)",16,"Miscellaneous (Parcels, Couriers, etc.)"
RADDI,26,"Miscellaneous (Parcels, Couriers, etc.)",16,"Miscellaneous (Parcels, Couriers, etc.)"
RADDI SCREP,26,"Miscellaneous (Parcels, Couriers, etc.)",16,"Miscellaneous (Parcels, Couriers, etc.)"
RAIL GOODS,26,"Miscellaneous (Parcels, Couriers, etc.)",16,"Miscellaneous (Parcels, Couriers, etc.)"
RAIL PATS,26,"Miscellaneous (Parcels, Couriers, etc.)",16,"Miscellaneous (Parcels, Couriers, etc.)"
RAIL SAMAN,26,"Miscellaneous (Parcels, Couriers, etc.)",16,"Miscellaneous (Parcels, Couriers, etc.)"
RAILAWAY ITEM,26,"Miscellaneous (Parcels, Couriers, etc.)",16,"Miscellaneous (Parcels, Couriers, etc.)"
RAILAY ITEM,26,"Miscellaneous (Parcels, Couriers, etc.)",16,"Miscellaneous (Parcels, Couriers, etc.)"
RAILWAI ITEM,26,"Miscellaneous (Parcels, Couriers, etc.)",16,"Miscellaneous (Parcels, Couriers, etc.)"
RAILWAIY ITEM,26,"Miscellaneous (Parcels, Couriers, etc.)",16,"Miscellaneous (Parcels, Couriers, etc.)"
RAILWAIY ITME,26,"Miscellaneous (Parcels, Couriers, etc.)",16,"Miscellaneous (Parcels, Couriers, etc.)"
RAILWAY,26,"Miscellaneous (Parcels, Couriers, etc.)",16,"Miscellaneous (Parcels, Couriers, etc.)"
RAILWAY GOODS,26,"Miscellaneous (Parcels, Couriers, etc.)",16,"Miscellaneous (Parcels, Couriers, etc.)"
RAILWAY ITEM,26,"Miscellaneous (Parcels, Couriers, etc.)",16,"Miscellaneous (Parcels, Couriers, etc.)"
RAILWAY MATERIAL,26,"Miscellaneous (Parcels, Couriers, etc.)",16,"Miscellaneous (Parcels, Couriers, etc.)"
RAILWAY MATERIALS,26,"Miscellaneous (Parcels, Couriers, etc.)",16,"Miscellaneous (Parcels, Couriers, etc.)"
RAILWAY MOTER,26,"Miscellaneous (Parcels, Couriers, etc.)",16,"Miscellaneous (Parcels, Couriers, etc.)"
RAILWAY PART,26,"Miscellaneous (Parcels, Couriers, etc.)",16,"Miscellaneous (Parcels, Couriers, etc.)"
RAILWAY PARTS,26,"Miscellaneous (Parcels, Couriers, etc.)",16,"Miscellaneous (Parcels, Couriers, etc.)"
RAILWAY SAMAN,26,"Miscellaneous (Parcels, Couriers, etc.)",16,"Miscellaneous (Parcels, Couriers, etc.)"
RAILWAYGOODS,26,"Miscellaneous (Parcels, Couriers, etc.)",16,"Miscellaneous (Parcels, Couriers, etc.)"
RAILWAYPARTS,26,"Miscellaneous (Parcels, Couriers, etc.)",16,"Miscellaneous (Parcels, Couriers, etc.)"
RAILWY ITEM,26,"Miscellaneous (Parcels, Couriers, etc.)",16,"Miscellaneous (Parcels, Couriers, etc.)"
RAW MATEREAL,26,"Miscellaneous (Parcels, Couriers, etc.)",16,"Miscellaneous (Parcels, Couriers, etc.)"
Raw Materials,26,"Miscellaneous (Parcels, Couriers, etc.)",16,"Miscellaneous (Parcels, Couriers, etc.)"
RECYCLE BAGS,26,"Miscellaneous (Parcels, Couriers, etc.)",16,"Miscellaneous (Parcels, Couriers, etc.)"
ROW MATERIAL,26,"Miscellaneous (Parcels, Couriers, etc.)",16,"Miscellaneous (Parcels, Couriers, etc.)"
RSR LOGISTICS,26,"Miscellaneous (Parcels, Couriers, etc.)",16,"Miscellaneous (Parcels, Couriers, etc.)"
RTC MATERIAL,26,"Miscellaneous (Parcels, Couriers, etc.)",16,"Miscellaneous (Parcels, Couriers, etc.)"
SACRAP,26,"Miscellaneous (Parcels, Couriers, etc.)",16,"Miscellaneous (Parcels, Couriers, etc.)"
SAFTY MATERIAL ,26,"Miscellaneous (Parcels, Couriers, etc.)",16,"Miscellaneous (Parcels, Couriers, etc.)"
SAMAAN,26,"Miscellaneous (Parcels, Couriers, etc.)",16,"Miscellaneous (Parcels, Couriers, etc.)"
SAMAN,26,"Miscellaneous (Parcels, Couriers, etc.)",16,"Miscellaneous (Parcels, Couriers, etc.)"
SANETRY,26,"Miscellaneous (Parcels, Couriers, etc.)",16,"Miscellaneous (Parcels, Couriers, etc.)"
SARKARI MAAL,26,"Miscellaneous (Parcels, Couriers, etc.)",16,"Miscellaneous (Parcels, Couriers, etc.)"
SATYAM,26,"Miscellaneous (Parcels, Couriers, etc.)",16,"Miscellaneous (Parcels, Couriers, etc.)"
SCALES,26,"Miscellaneous (Parcels, Couriers, etc.)",16,"Miscellaneous (Parcels, Couriers, etc.)"
SCARP,26,"Miscellaneous (Parcels, Couriers, etc.)",16,"Miscellaneous (Parcels, Couriers, etc.)"
SCRAO,26,"Miscellaneous (Parcels, Couriers, etc.)",16,"Miscellaneous (Parcels, Couriers, etc.)"
SCRAPP,26,"Miscellaneous (Parcels, Couriers, etc.)",16,"Miscellaneous (Parcels, Couriers, etc.)"
SCREP  ,26,"Miscellaneous (Parcels, Couriers, etc.)",16,"Miscellaneous (Parcels, Couriers, etc.)"
SCRUP,26,"Miscellaneous (Parcels, Couriers, etc.)",16,"Miscellaneous (Parcels, Couriers, etc.)"
SEFTY CONE,26,"Miscellaneous (Parcels, Couriers, etc.)",16,"Miscellaneous (Parcels, Couriers, etc.)"
SERVICE,26,"Miscellaneous (Parcels, Couriers, etc.)",16,"Miscellaneous (Parcels, Couriers, etc.)"
SHOP MATERIAL,26,"Miscellaneous (Parcels, Couriers, etc.)",16,"Miscellaneous (Parcels, Couriers, etc.)"
SISSOR,26,"Miscellaneous (Parcels, Couriers, etc.)",16,"Miscellaneous (Parcels, Couriers, etc.)"
SKREP,26,"Miscellaneous (Parcels, Couriers, etc.)",16,"Miscellaneous (Parcels, Couriers, etc.)"
SOLID,26,"Miscellaneous (Parcels, Couriers, etc.)",16,"Miscellaneous (Parcels, Couriers, etc.)"
SPEED,26,"Miscellaneous (Parcels, Couriers, etc.)",16,"Miscellaneous (Parcels, Couriers, etc.)"
STAFF,26,"Miscellaneous (Parcels, Couriers, etc.)",16,"Miscellaneous (Parcels, Couriers, etc.)"
STORE ITEM,26,"Miscellaneous (Parcels, Couriers, etc.)",16,"Miscellaneous (Parcels, Couriers, etc.)"
TAINKAR,26,"Miscellaneous (Parcels, Couriers, etc.)",16,"Miscellaneous (Parcels, Couriers, etc.)"
TAISA,26,"Miscellaneous (Parcels, Couriers, etc.)",16,"Miscellaneous (Parcels, Couriers, etc.)"
TANL,26,"Miscellaneous (Parcels, Couriers, etc.)",16,"Miscellaneous (Parcels, Couriers, etc.)"
TATPATRI,26,"Miscellaneous (Parcels, Couriers, etc.)",16,"Miscellaneous (Parcels, Couriers, etc.)"
TENT,26,"Miscellaneous (Parcels, Couriers, etc.)",16,"Miscellaneous (Parcels, Couriers, etc.)"
TENT ITEM,26,"Miscellaneous (Parcels, Couriers, etc.)",16,"Miscellaneous (Parcels, Couriers, etc.)"
THAMAR,26,"Miscellaneous (Parcels, Couriers, etc.)",16,"Miscellaneous (Parcels, Couriers, etc.)"
THINGS PARCEL,26,"Miscellaneous (Parcels, Couriers, etc.)",16,"Miscellaneous (Parcels, Couriers, etc.)"
TOUR,26,"Miscellaneous (Parcels, Couriers, etc.)",16,"Miscellaneous (Parcels, Couriers, etc.)"
TOWER PARTS,26,"Miscellaneous (Parcels, Couriers, etc.)",16,"Miscellaneous (Parcels, Couriers, etc.)"
TRANCPORT,26,"Miscellaneous (Parcels, Couriers, etc.)",16,"Miscellaneous (Parcels, Couriers, etc.)"
TRANDPORT,26,"Miscellaneous (Parcels, Couriers, etc.)",16,"Miscellaneous (Parcels, Couriers, etc.)"
TRANSPORT,26,"Miscellaneous (Parcels, Couriers, etc.)",16,"Miscellaneous (Parcels, Couriers, etc.)"
TRANSPORT GOODS,26,"Miscellaneous (Parcels, Couriers, etc.)",16,"Miscellaneous (Parcels, Couriers, etc.)"
TRASPORT,26,"Miscellaneous (Parcels, Couriers, etc.)",16,"Miscellaneous (Parcels, Couriers, etc.)"
TRNASPORT GOODS,26,"Miscellaneous (Parcels, Couriers, etc.)",16,"Miscellaneous (Parcels, Couriers, etc.)"
V MART PARCEL,26,"Miscellaneous (Parcels, Couriers, etc.)",16,"Miscellaneous (Parcels, Couriers, etc.)"
VAN PARCEL,26,"Miscellaneous (Parcels, Couriers, etc.)",16,"Miscellaneous (Parcels, Couriers, etc.)"
VRL LOGESTIC,26,"Miscellaneous (Parcels, Couriers, etc.)",16,"Miscellaneous (Parcels, Couriers, etc.)"
VRL LOGISTIC,26,"Miscellaneous (Parcels, Couriers, etc.)",16,"Miscellaneous (Parcels, Couriers, etc.)"
Wast Pepper,26,"Miscellaneous (Parcels, Couriers, etc.)",16,"Miscellaneous (Parcels, Couriers, etc.)"
WASTAGE,26,"Miscellaneous (Parcels, Couriers, etc.)",16,"Miscellaneous (Parcels, Couriers, etc.)"
WASTE ,26,"Miscellaneous (Parcels, Couriers, etc.)",16,"Miscellaneous (Parcels, Couriers, etc.)"
WASTE COVERS,26,"Miscellaneous (Parcels, Couriers, etc.)",16,"Miscellaneous (Parcels, Couriers, etc.)"
WASTE ITEM,26,"Miscellaneous (Parcels, Couriers, etc.)",16,"Miscellaneous (Parcels, Couriers, etc.)"
WASTE METERIAL,26,"Miscellaneous (Parcels, Couriers, etc.)",16,"Miscellaneous (Parcels, Couriers, etc.)"
WASTE PAPER,26,"Miscellaneous (Parcels, Couriers, etc.)",16,"Miscellaneous (Parcels, Couriers, etc.)"
WASTEBAGS,26,"Miscellaneous (Parcels, Couriers, etc.)",16,"Miscellaneous (Parcels, Couriers, etc.)"
WASTEPAPER,26,"Miscellaneous (Parcels, Couriers, etc.)",16,"Miscellaneous (Parcels, Couriers, etc.)"
WASTES,26,"Miscellaneous (Parcels, Couriers, etc.)",16,"Miscellaneous (Parcels, Couriers, etc.)"
WATAR TANK,26,"Miscellaneous (Parcels, Couriers, etc.)",16,"Miscellaneous (Parcels, Couriers, etc.)"
Water Load,26,"Miscellaneous (Parcels, Couriers, etc.)",16,"Miscellaneous (Parcels, Couriers, etc.)"
WATERCAN,26,"Miscellaneous (Parcels, Couriers, etc.)",16,"Miscellaneous (Parcels, Couriers, etc.)"
WEDDIN ITEM,26,"Miscellaneous (Parcels, Couriers, etc.)",16,"Miscellaneous (Parcels, Couriers, etc.)"
WEDDING THINGS,26,"Miscellaneous (Parcels, Couriers, etc.)",16,"Miscellaneous (Parcels, Couriers, etc.)"
WEST MATERIAL,26,"Miscellaneous (Parcels, Couriers, etc.)",16,"Miscellaneous (Parcels, Couriers, etc.)"
XION,26,"Miscellaneous (Parcels, Couriers, etc.)",16,"Miscellaneous (Parcels, Couriers, etc.)"
BALLET,27,Containers,16,"Miscellaneous (Parcels, Couriers, etc.)"
BATTEL,27,Containers,16,"Miscellaneous (Parcels, Couriers, etc.)"
CANKRIT,27,Containers,16,"Miscellaneous (Parcels, Couriers, etc.)"
CANTAINER,27,Containers,16,"Miscellaneous (Parcels, Couriers, etc.)"
CANTENAR,27,Containers,16,"Miscellaneous (Parcels, Couriers, etc.)"
CANTER,27,Containers,16,"Miscellaneous (Parcels, Couriers, etc.)"
CARROON,27,Containers,16,"Miscellaneous (Parcels, Couriers, etc.)"
CARTON,27,Containers,16,"Miscellaneous (Parcels, Couriers, etc.)"
CARTUN BO,27,Containers,16,"Miscellaneous (Parcels, Couriers, etc.)"
CARTUNE,27,Containers,16,"Miscellaneous (Parcels, Couriers, etc.)"
CASEVE,27,Containers,16,"Miscellaneous (Parcels, Couriers, etc.)"
CNTENAR,27,Containers,16,"Miscellaneous (Parcels, Couriers, etc.)"
CONTAINER,27,Containers,16,"Miscellaneous (Parcels, Couriers, etc.)"
CONTENAR,27,Containers,16,"Miscellaneous (Parcels, Couriers, etc.)"
CONTENAR ,27,Containers,16,"Miscellaneous (Parcels, Couriers, etc.)"
CRAY BOARD,27,Containers,16,"Miscellaneous (Parcels, Couriers, etc.)"
CREATE,27,Containers,16,"Miscellaneous (Parcels, Couriers, etc.)"
CUNTENER,27,Containers,16,"Miscellaneous (Parcels, Couriers, etc.)"
EMPTY BOTTLE,27,Containers,16,"Miscellaneous (Parcels, Couriers, etc.)"
ICE CREM CONTAINER,27,Containers,16,"Miscellaneous (Parcels, Couriers, etc.)"
KAINTENAR,27,Containers,16,"Miscellaneous (Parcels, Couriers, etc.)"
KANTENAR,27,Containers,16,"Miscellaneous (Parcels, Couriers, etc.)"
LOAD CONTAINER,27,Containers,16,"Miscellaneous (Parcels, Couriers, etc.)"
 Empty,28,Empty,17,Empty
ACID MT,28,Empty,17,Empty
BALA CHIPS MT,28,Empty,17,Empty
BALAJI CHIPS MT,28,Empty,17,Empty
BALAJI NAMKIN MT,28,Empty,17,Empty
BLACK OIL MT,28,Empty,17,Empty
BLG MT,28,Empty,17,Empty
BP MT,28,Empty,17,Empty
CANTEMAR MT,28,Empty,17,Empty
CANTENAR MT,28,Empty,17,Empty
CAR MT,28,Empty,17,Empty
CAR TANK MT,28,Empty,17,Empty
CAR TANKMT,28,Empty,17,Empty
CARRET MT,28,Empty,17,Empty
CARTUN BOX,28,Empty,17,Empty
CEMENT MT,28,Empty,17,Empty
CEMENT-EMP,28,Empty,17,Empty
CONTAINER MT,28,Empty,17,Empty
CONTAINERMT,28,Empty,17,Empty
CONTENAR MT,28,Empty,17,Empty
CRET MT,28,Empty,17,Empty
CROPANGAS MT,28,Empty,17,Empty
CTR MT,28,Empty,17,Empty
CYLENDER MT,28,Empty,17,Empty
DIESEL MT,28,Empty,17,Empty
DISEL MT,28,Empty,17,Empty
E,28,Empty,17,Empty
EM,28,Empty,17,Empty
EMPTY,28,Empty,17,Empty
EMPTY  ,28,Empty,17,Empty
EMPTY BOTTEL,28,Empty,17,Empty
EMPTY BOX,28,Empty,17,Empty
EMPTY CREAT,28,Empty,17,Empty
EMPTY TRAY,28,Empty,17,Empty
EMTEY,28,Empty,17,Empty
GAS MT,28,Empty,17,Empty
GAS TANK MT,28,Empty,17,Empty
GAS TANKERMT,28,Empty,17,Empty
HP GAS MT,28,Empty,17,Empty
IC/MT,28,Empty,17,Empty
INDIAN OIL TANKER MT,28,Empty,17,Empty
LPG MT,28,Empty,17,Empty
LPGMT,28,Empty,17,Empty
M,28,Empty,17,Empty
MILK MT,28,Empty,17,Empty
MILK MT TANKER,28,Empty,17,Empty
MILKMT,28,Empty,17,Empty
MMT,28,Empty,17,Empty
MNT,28,Empty,17,Empty
MT,28,Empty,17,Empty
MT ,28,Empty,17,Empty
MT  TANKER,28,Empty,17,Empty
MT (Empty/Material),28,Empty,17,Empty
MT BOTTLE,28,Empty,17,Empty
MT BOX,28,Empty,17,Empty
MT BOXES,28,Empty,17,Empty
MT CARET,28,Empty,17,Empty
MT CHEMICAL,28,Empty,17,Empty
MT CONTAINE,28,Empty,17,Empty
MT CONTAINER,28,Empty,17,Empty
MT CRATE,28,Empty,17,Empty
MT DRUM,28,Empty,17,Empty
MT GADI,28,Empty,17,Empty
MT GAS,28,Empty,17,Empty
MT HP PETROL,28,Empty,17,Empty
MT KARATE,28,Empty,17,Empty
MT KERATE,28,Empty,17,Empty
MT MILK,28,Empty,17,Empty
MT OIL,28,Empty,17,Empty
MT OIL TANKER,28,Empty,17,Empty
MT STICK,28,Empty,17,Empty
MT TANK,28,Empty,17,Empty
MT TANKER,28,Empty,17,Empty
MTBOTTLE,28,Empty,17,Empty
MTBOX,28,Empty,17,Empty
MTBOXES,28,Empty,17,Empty
MTCONTAINER,28,Empty,17,Empty
MTCRATE,28,Empty,17,Empty
MTOILTANK,28,Empty,17,Empty
MTTANK,28,Empty,17,Empty
MY,28,Empty,17,Empty
OIL MT,28,Empty,17,Empty
OIL TAN EMT,28,Empty,17,Empty
OIL TAN MT,28,Empty,17,Empty
OIL TANK MT,28,Empty,17,Empty
OIL TANKER EMPTY,28,Empty,17,Empty
OIL TANKER MT,28,Empty,17,Empty
OIL TANT MT,28,Empty,17,Empty
OIL TNAK MT,28,Empty,17,Empty
OILMT,28,Empty,17,Empty
OILTANK MT,28,Empty,17,Empty
OILTANKERMT,28,Empty,17,Empty
PETROL MT,28,Empty,17,Empty
PETROL TANK MT,28,Empty,17,Empty
PETROLMT,28,Empty,17,Empty
PETROR MT,28,Empty,17,Empty
SANCHI MILK TANKER MT,28,Empty,17,Empty
TANK,28,Empty,17,Empty
TANK MT,28,Empty,17,Empty
TANKER,28,Empty,17,Empty
TANKER MT,28,Empty,17,Empty
TANKLER MT,28,Empty,17,Empty
TANKS,28,Empty,17,Empty
B POWDER,29,Powder (miscelleneous),18,Powder (miscelleneous)
B. POWDER,29,Powder (miscelleneous),18,Powder (miscelleneous)
BLACK POWDER,29,Powder (miscelleneous),18,Powder (miscelleneous)
BLEACHING POWDER,29,Powder (miscelleneous),18,Powder (miscelleneous)
DOC POWDER,29,Powder (miscelleneous),18,Powder (miscelleneous)
FACE POWDER,29,Powder (miscelleneous),18,Powder (miscelleneous)
KALA POWDER,29,Powder (miscelleneous),18,Powder (miscelleneous)
KANCH POWDER,29,Powder (miscelleneous),18,Powder (miscelleneous)
P.P BAG POWDER,29,Powder (miscelleneous),18,Powder (miscelleneous)
PAINT POWDER,29,Powder (miscelleneous),18,Powder (miscelleneous)
PLASTIC POWDER,29,Powder (miscelleneous),18,Powder (miscelleneous)
POC POWDER,29,Powder (miscelleneous),18,Powder (miscelleneous)
POEDR,29,Powder (miscelleneous),18,Powder (miscelleneous)
POWDER,29,Powder (miscelleneous),18,Powder (miscelleneous)
POWDER SIKSIM,29,Powder (miscelleneous),18,Powder (miscelleneous)
POWER,29,Powder (miscelleneous),18,Powder (miscelleneous)
PP BAG POWDER,29,Powder (miscelleneous),18,Powder (miscelleneous)
PROTINE POWDER ,29,Powder (miscelleneous),18,Powder (miscelleneous)
PVC POWDER,29,Powder (miscelleneous),18,Powder (miscelleneous)
RESAM POWDER,29,Powder (miscelleneous),18,Powder (miscelleneous)
SALT MITTI,29,Powder (miscelleneous),18,Powder (miscelleneous)
SOAP POWDER,29,Powder (miscelleneous),18,Powder (miscelleneous)
SODA POWDER,29,Powder (miscelleneous),18,Powder (miscelleneous)
TILE POWDER,29,Powder (miscelleneous),18,Powder (miscelleneous)
TILES POWDER,29,Powder (miscelleneous),18,Powder (miscelleneous)
WHEEL POWDER ,29,Powder (miscelleneous),18,Powder (miscelleneous)
WHITEPOWDER,29,Powder (miscelleneous),18,Powder (miscelleneous)
ASH,30,Flyash,19,Flyash
FLASH,30,Flyash,19,Flyash
FLASH POWDER,30,Flyash,19,Flyash
FLY ACE,30,Flyash,19,Flyash
FLY ASH,30,Flyash,19,Flyash
FLY DUST,30,Flyash,19,Flyash
RAKH,30,Flyash,19,Flyash
